Date,Open,Close,High,Low,Volume,Year,Revenue_bn,Oil_Brent_USD,USD_RUB,EUR_RUB,CB_Rate,MOEX_Index,MA_7,MA_30,Returns
2020-02-14,233.79,232.5,235.4,230.91,34354000,2020,12.55,74,77,87,16.0,3014,231.95285714285714,241.40533333333332,-0.004495825305073864
2020-02-17,233.5,233.75,234.56,231.91,20559370,2020,12.55,77,75,85,16.0,3017,232.2914285714286,240.56366666666665,0.005376344086021501
2020-02-18,233.0,230.5,233.28,229.8,30861790,2020,12.55,78,76,86,16.0,3018,232.49,239.6953333333333,-0.013903743315508033
2020-02-19,231.81,231.9,233.5,230.71,24431430,2020,12.55,79,77,87,16.0,3019,233.44714285714284,238.899,0.006073752711496683
2020-02-20,232.51,234.6,235.75,232.0,33584770,2020,12.55,70,73,83,16.0,3020,233.5471428571429,238.25,0.011642949547218562
2020-02-21,233.05,232.0,233.77,231.61,29658690,2020,12.55,71,74,84,16.0,3021,232.6857142857143,237.58666666666664,-0.011082693947144007
2020-02-25,228.0,224.68,230.06,224.68,52755480,2020,12.55,75,73,83,16.0,3025,231.4185714285714,236.69266666666667,-0.03155172413793106
2020-02-26,223.32,224.76,225.47,220.81,63752240,2020,12.55,76,74,84,16.0,3026,230.31285714285713,235.85133333333334,0.0003560619547799959
2020-02-27,220.99,217.5,223.4,216.8,83027740,2020,12.55,77,75,85,16.0,3027,227.99142857142854,234.72466666666668,-0.032301121195942306
2020-02-28,210.0,202.65,211.97,200.57,169597740,2020,12.55,78,76,86,16.0,3028,224.01285714285714,233.00433333333334,-0.06827586206896552
2020-03-02,208.0,198.78,211.99,195.51,151645690,2020,12.55,72,75,85,16.0,3002,219.28142857142856,231.1173333333333,-0.01909696521095483
2020-03-03,204.96,201.48,205.27,198.0,104454600,2020,12.55,73,76,86,16.0,3003,214.54999999999998,229.38333333333333,0.013582855418050155
2020-03-04,199.95,200.0,204.42,198.28,78739260,2020,12.55,74,77,87,16.0,3004,209.97857142857143,227.61700000000002,-0.007345642247369444
2020-03-05,203.0,198.0,203.43,197.5,65974580,2020,12.55,75,73,83,16.0,3005,206.16714285714286,225.947,-0.010000000000000009
2020-03-06,193.5,188.27,194.23,185.13,131693770,2020,12.55,76,74,84,16.0,3006,200.95428571428573,224.246,-0.04914141414141404
2020-03-10,169.45,171.0,185.84,161.01,205229880,2020,12.55,70,73,83,16.0,3010,194.3114285714286,222.01433333333333,-0.09172996228820318
2020-03-11,174.0,172.03,175.87,167.39,108626860,2020,12.55,71,74,84,16.0,3011,189.93714285714285,220.05,0.006023391812865597
2020-03-12,163.0,163.73,167.8,161.2,151374170,2020,12.55,72,75,85,16.0,3012,184.93,217.67433333333332,-0.048247398709527434
2020-03-13,164.0,166.1,175.69,164.0,143374770,2020,12.55,73,76,86,16.0,3013,179.8757142857143,215.47766666666666,0.014475050387833699
2020-03-16,163.0,168.07,169.99,158.17,116002590,2020,12.55,76,74,84,16.0,3016,175.31428571428572,213.36233333333334,0.011860325105358172
2020-03-17,169.0,167.0,175.5,164.56,108151410,2020,12.55,77,75,85,16.0,3017,170.8857142857143,211.37233333333333,-0.006366394954483212
2020-03-18,164.9,166.34,170.45,162.0,106165420,2020,12.55,78,76,86,16.0,3018,167.75285714285715,209.329,-0.0039520958083831825
2020-03-19,168.58,174.56,175.2,164.05,122161140,2020,12.55,79,77,87,16.0,3019,168.26142857142855,207.46433333333331,0.04941685703979792
2020-03-20,180.0,176.26,184.69,176.1,139849740,2020,12.55,70,73,83,16.0,3020,168.8657142857143,205.58766666666668,0.009738771769019161
2020-03-23,171.0,168.35,172.28,168.04,109203830,2020,12.55,73,76,86,16.0,3023,169.5257142857143,203.48666666666668,-0.04487688641779186
2020-03-24,174.39,177.95,179.99,172.61,89479940,2020,12.55,74,77,87,16.0,3024,171.21857142857144,201.78133333333335,0.057024057024056996
2020-03-25,183.0,180.2,186.9,175.26,114693850,2020,12.55,75,73,83,16.0,3025,172.95142857142858,200.28133333333332,0.012644001123911286
2020-03-26,179.45,181.5,184.9,177.28,54021680,2020,12.55,76,74,84,16.0,3026,175.02285714285716,198.53466666666665,0.007214206437291981
2020-03-27,181.24,174.5,181.37,172.0,55620780,2020,12.55,77,75,85,16.0,3027,176.1885714285714,196.417,-0.038567493112947604
2020-03-30,171.99,176.44,177.63,170.5,47976360,2020,12.55,70,73,83,16.0,3030,176.45714285714283,194.51333333333332,0.011117478510028533
2020-03-31,178.5,181.41,184.64,178.01,69815770,2020,12.55,71,74,84,16.0,3031,177.19285714285712,192.81033333333335,0.028168215824076137
2020-04-01,178.03,180.06,181.38,177.5,40436820,2020,12.55,71,74,84,16.0,3001,178.8657142857143,191.02066666666667,-0.007441706631387435
2020-04-02,183.8,187.04,190.0,180.25,87825820,2020,12.55,72,75,85,16.0,3002,180.16428571428574,189.572,0.038764856159058114
2020-04-03,187.01,189.77,193.85,185.72,92363620,2020,12.55,73,76,86,16.0,3003,181.53142857142856,188.16766666666666,0.0145958083832336
2020-04-06,192.24,191.1,193.44,189.44,62933570,2020,12.55,76,74,84,16.0,3006,182.90285714285713,186.71766666666664,0.007008483954260347
2020-04-07,192.9,191.22,195.13,189.8,67000260,2020,12.55,77,75,85,16.0,3007,185.29142857142855,185.35833333333332,0.0006279434850864352
2020-04-08,189.7,194.11,194.11,188.1,49266950,2020,12.55,78,76,86,16.0,3008,187.81571428571425,184.33933333333331,0.015113481853362698
2020-04-09,195.69,193.86,196.26,189.88,84342040,2020,12.55,79,77,87,16.0,3009,189.59428571428572,183.3093333333333,-0.0012879295244964117
2020-04-10,191.89,192.0,192.44,190.51,17045220,2020,12.55,70,73,83,16.0,3010,191.3,182.45933333333332,-0.009594552770040288
2020-04-13,192.26,188.07,192.36,186.07,28546290,2020,12.55,73,76,86,16.0,3013,191.44714285714284,181.97333333333333,-0.020468750000000036
2020-04-14,189.73,190.11,191.76,188.3,50623330,2020,12.55,74,77,87,16.0,3014,191.49571428571429,181.68433333333334,0.01084702504386681
2020-04-15,189.15,184.25,189.48,182.56,53713660,2020,12.55,75,73,83,16.0,3015,190.5171428571429,181.11,-0.03082425963915636
2020-04-16,185.15,184.3,189.16,182.75,56389560,2020,12.55,76,74,84,16.0,3016,189.52857142857144,180.58666666666664,0.00027137042062430616
2020-04-17,187.06,184.68,187.87,183.54,38784010,2020,12.55,77,75,85,16.0,3017,188.1814285714286,180.14266666666666,0.0020618556701030855
2020-04-20,184.12,185.51,186.25,183.0,34294290,2020,12.55,70,73,83,16.0,3020,186.98857142857145,180.05066666666667,0.004494260342213563
2020-04-21,183.15,181.92,184.5,179.05,66952420,2020,12.55,71,74,84,16.0,3021,185.54857142857142,180.41466666666668,-0.019352056492911496
2020-04-22,181.08,188.36,188.55,180.33,48272330,2020,12.55,72,75,85,16.0,3022,185.59,180.95899999999997,0.035400175901495246
2020-04-23,189.98,188.73,191.59,187.5,39982360,2020,12.55,73,76,86,16.0,3023,185.39285714285714,181.79233333333335,0.001964323635591292
2020-04-24,187.95,185.71,187.95,185.1,36735480,2020,12.55,74,77,87,16.0,3024,185.60142857142858,182.44599999999997,-0.01600169554389863
2020-04-27,186.53,186.29,188.47,185.69,23621520,2020,12.55,77,75,85,16.0,3027,185.8857142857143,183.05333333333334,0.00312314899574595
2020-04-28,185.93,188.5,190.65,185.76,44188440,2020,12.55,78,76,86,16.0,3028,186.43142857142857,183.77,0.011863224005582707
2020-04-29,189.9,193.87,195.23,188.53,56262660,2020,12.55,79,77,87,16.0,3029,187.62571428571428,184.68766666666667,0.028488063660477403
2020-04-30,195.44,190.0,196.2,189.62,72119050,2020,12.55,70,73,83,16.0,3030,188.78,185.20233333333334,-0.01996183009232988
2020-05-04,188.0,185.7,188.17,184.52,42975340,2020,12.55,74,77,87,16.0,3004,188.4,185.517,-0.022631578947368447
2020-05-05,188.39,190.0,190.39,187.3,39660510,2020,12.55,75,73,83,16.0,3005,188.58142857142857,186.23866666666666,0.02315562735595056
2020-05-06,190.53,187.05,191.05,187.05,46399120,2020,12.55,76,74,84,16.0,3006,188.77285714285716,186.542,-0.01552631578947361
2020-05-07,187.5,185.85,190.3,185.5,67276440,2020,12.55,77,75,85,16.0,3007,188.70999999999998,186.73033333333333,-0.006415396952686558
2020-05-08,186.33,185.34,186.64,183.1,61002120,2020,12.55,78,76,86,16.0,3008,188.25857142857143,186.85833333333332,-0.0027441485068603333
2020-05-12,184.89,186.17,187.2,183.2,49979790,2020,12.55,72,75,85,16.0,3012,187.15857142857143,187.24733333333333,0.004478256177835149
2020-05-13,185.55,184.2,185.55,183.8,33279780,2020,12.55,73,76,86,16.0,3013,186.32999999999998,187.50599999999997,-0.010581726379115808
2020-05-14,183.23,183.91,184.85,181.68,49406140,2020,12.55,74,77,87,16.0,3014,186.0742857142857,187.58933333333331,-0.0015743756786101848
2020-05-15,185.61,183.85,186.98,183.85,47922970,2020,12.55,75,73,83,16.0,3015,185.19571428571427,187.71566666666666,-0.00032624653363055867
2020-05-18,185.5,192.5,192.5,185.14,60172310,2020,12.55,78,76,86,16.0,3018,185.9742857142857,187.89766666666668,0.047049224911612786
2020-05-19,193.0,194.2,194.39,191.1,60404850,2020,12.55,79,77,87,16.0,3019,187.16714285714284,188.04533333333333,0.008831168831168856
2020-05-20,193.57,196.74,197.27,192.79,73863280,2020,12.55,70,73,83,16.0,3020,188.79571428571427,188.23333333333332,0.01307929969104027
2020-05-21,196.05,194.74,199.26,191.4,90166480,2020,12.55,71,74,84,16.0,3021,190.02,188.35066666666668,-0.010165700925078736
2020-05-22,194.0,194.35,195.76,192.21,42413090,2020,12.55,72,75,85,16.0,3022,191.47,188.35866666666666,-0.0020026702269693164
2020-05-25,195.1,197.55,197.55,195.1,20064420,2020,12.55,75,73,83,16.0,3025,193.41857142857143,188.48166666666665,0.016465140210959683
2020-05-26,198.95,196.86,202.3,196.3,66178490,2020,12.55,76,74,84,16.0,3026,195.27714285714288,188.64366666666666,-0.003492786636294598
2020-05-27,196.05,194.73,197.75,193.15,55321300,2020,12.55,77,75,85,16.0,3027,195.5957142857143,188.86566666666667,-0.010819871990247032
2020-05-28,194.36,196.86,196.98,194.17,39984510,2020,12.55,78,76,86,16.0,3028,195.97571428571428,189.09066666666664,0.010938222153751509
2020-05-29,196.25,199.95,199.95,193.2,172681620,2020,12.55,79,77,87,16.0,3029,196.43428571428572,189.61399999999998,0.01569643401401999
2020-06-01,200.25,198.72,202.47,197.15,54257280,2020,12.55,71,74,84,16.0,3001,197.00285714285715,190.09466666666668,-0.006151537884471092
2020-06-02,199.44,201.97,202.19,198.72,45344620,2020,12.55,72,75,85,16.0,3002,198.0914285714286,190.671,0.016354669887278517
2020-06-03,203.07,208.0,208.15,202.01,65274590,2020,12.55,73,76,86,16.0,3003,199.5842857142857,191.42066666666668,0.029855919195920233
2020-06-04,207.99,201.46,207.99,200.6,72250330,2020,12.55,74,77,87,16.0,3004,200.24142857142857,192.072,-0.0314423076923076
2020-06-05,202.69,203.05,204.84,201.51,44836180,2020,12.55,75,73,83,16.0,3005,201.43,192.56166666666667,0.007892385585227757
2020-06-08,204.98,204.91,206.5,202.97,40152350,2020,12.55,78,76,86,16.0,3008,202.58,193.101,0.009160305343511421
2020-06-09,205.44,204.84,206.1,201.57,35378400,2020,12.55,79,77,87,16.0,3009,203.27857142857144,193.73866666666666,-0.0003416133912449437
2020-06-10,204.84,201.75,205.27,200.53,41521810,2020,12.55,70,73,83,16.0,3010,203.71142857142857,194.254,-0.015084944346807294
2020-06-11,200.2,196.74,200.2,195.15,48984730,2020,12.55,71,74,84,16.0,3011,202.96428571428572,194.52866666666665,-0.024832713754646796
2020-06-15,193.86,194.2,196.15,191.0,54400610,2020,12.55,75,73,83,16.0,3015,200.99285714285716,194.53966666666665,-0.012910440174850213
2020-06-16,196.0,196.59,199.59,195.2,43444120,2020,12.55,76,74,84,16.0,3016,200.29714285714286,194.75933333333333,0.01230690010298674
2020-06-17,197.98,195.86,199.08,195.21,34495740,2020,12.55,77,75,85,16.0,3017,199.27,195.09799999999998,-0.0037133119690726524
2020-06-18,195.45,193.0,195.57,191.85,45813580,2020,12.55,78,76,86,16.0,3018,197.56857142857143,195.19799999999998,-0.014602266925354934
2020-06-19,194.17,195.81,196.07,193.82,45220860,2020,12.55,79,77,87,16.0,3019,196.27857142857144,195.48999999999998,0.014559585492228022
2020-06-22,195.35,194.3,195.35,192.62,36799990,2020,12.55,72,75,85,16.0,3022,195.21428571428572,195.77166666666668,-0.007711557121699575
2020-06-23,194.8,194.83,196.32,194.0,33831430,2020,12.55,73,76,86,16.0,3023,194.9414285714286,196.08800000000002,0.0027277406073082933
2020-06-25,191.72,192.25,192.48,190.55,49036370,2020,12.55,75,73,83,16.0,3025,194.66285714285715,196.29066666666668,-0.013242313812041329
2020-06-26,192.83,193.0,195.69,190.51,60445170,2020,12.55,76,74,84,16.0,3026,194.15000000000003,196.584,0.0039011703511053764
2020-06-29,192.64,197.94,198.1,192.58,45837860,2020,12.55,79,77,87,16.0,3029,194.44714285714284,197.05166666666668,0.02559585492227967
2020-06-30,197.9,194.31,198.48,193.24,52319960,2020,12.55,70,73,83,16.0,3030,194.6342857142857,197.40033333333335,-0.018338890572900834
2020-07-02,195.39,195.28,195.84,194.4,34180240,2020,12.55,72,75,85,16.0,3002,194.55857142857144,197.493,0.004992023055941486
2020-07-03,195.64,197.2,197.48,194.77,26437660,2020,12.55,73,76,86,16.0,3003,194.97285714285712,197.593,0.009832036050798854
2020-07-06,199.21,199.99,201.75,198.53,46530930,2020,12.55,76,74,84,16.0,3006,195.70999999999998,197.70133333333337,0.014148073022312468
2020-07-07,199.7,197.96,199.94,197.75,35189640,2020,12.55,77,75,85,16.0,3007,196.52571428571426,197.80866666666665,-0.010150507525376273
2020-07-08,197.98,201.17,201.19,197.55,30744910,2020,12.55,78,76,86,16.0,3008,197.69285714285712,198.036,0.01621539704990904
2020-07-09,201.48,199.44,202.0,198.4,40528750,2020,12.55,79,77,87,16.0,3009,197.90714285714287,198.09900000000002,-0.008599691802952725
2020-07-10,198.22,200.94,201.7,197.22,39060000,2020,12.55,70,73,83,16.0,3010,198.8542857142857,198.235,0.007521058965102245
2020-07-13,201.6,195.7,202.33,195.5,63039880,2020,12.55,73,76,86,16.0,3013,198.91428571428568,198.2673333333333,-0.026077436050562453
2020-07-14,195.02,193.6,196.65,192.48,83198180,2020,12.55,74,77,87,16.0,3014,198.4,198.15866666666668,-0.010730710270822619
2020-07-15,180.6,182.26,184.27,179.8,73993160,2020,12.55,75,73,83,16.0,3015,195.86714285714285,197.56900000000002,-0.058574380165289264
2020-07-16,181.06,183.32,183.8,181.06,29446890,2020,12.55,76,74,84,16.0,3016,193.7757142857143,197.05566666666667,0.0058158674421155965
2020-07-17,183.8,184.65,184.93,182.87,25485050,2020,12.55,77,75,85,16.0,3017,191.41571428571427,196.47833333333335,0.007255073096225306
2020-07-20,184.68,188.36,188.41,183.88,30025150,2020,12.55,70,73,83,16.0,3020,189.83285714285714,195.82366666666667,0.020092066070945158
2020-07-21,189.0,186.78,189.77,186.25,44428780,2020,12.55,71,74,84,16.0,3021,187.80999999999997,195.33433333333332,-0.008388192822255336
2020-07-22,187.03,187.15,188.59,186.07,22774280,2020,12.55,72,75,85,16.0,3022,186.58857142857144,194.80433333333335,0.0019809401434842666
2020-07-23,187.5,184.69,188.3,184.4,29810820,2020,12.55,73,76,86,16.0,3023,185.31571428571428,194.13033333333334,-0.013144536468073786
2020-07-24,184.86,185.45,186.45,184.12,30444550,2020,12.55,74,77,87,16.0,3024,185.77142857142854,193.48399999999998,0.004115003519410854
2020-07-27,185.52,185.03,185.92,184.2,22787280,2020,12.55,77,75,85,16.0,3027,186.01571428571427,192.92666666666665,-0.002264761391210457
2020-07-28,185.1,184.3,185.46,183.6,26644520,2020,12.55,78,76,86,16.0,3028,185.9657142857143,192.512,-0.003945306166567519
2020-07-29,184.5,184.69,185.35,183.42,27906170,2020,12.55,79,77,87,16.0,3029,185.44142857142856,192.19500000000002,0.002116115029842547
2020-07-30,184.44,182.52,184.73,180.91,34046830,2020,12.55,70,73,83,16.0,3030,184.83285714285714,191.726,-0.011749417943581086
2020-07-31,182.6,182.59,184.84,181.61,44968290,2020,12.55,71,74,84,16.0,3031,184.18142857142857,191.28366666666668,0.0003835196142887298
2020-08-03,182.5,183.6,184.03,181.72,28662180,2020,12.55,73,76,86,16.0,3003,184.02571428571426,190.97033333333334,0.005531518703105309
2020-08-04,184.05,183.31,184.68,182.17,32447880,2020,12.55,74,77,87,16.0,3004,183.72,190.55366666666666,-0.0015795206971677134
2020-08-05,183.58,189.15,189.98,183.35,75449690,2020,12.55,75,73,83,16.0,3005,184.30857142857144,190.382,0.03185860018547815
2020-08-06,189.58,189.07,189.92,187.13,42874410,2020,12.55,76,74,84,16.0,3006,184.98999999999998,190.19,-0.0004229447528417696
2020-08-07,188.45,187.23,188.57,185.81,28835690,2020,12.55,77,75,85,16.0,3007,185.35285714285715,190.02266666666665,-0.009731845348283752
2020-08-10,187.49,187.7,188.85,186.83,24237870,2020,12.55,70,73,83,16.0,3010,186.09285714285713,189.846,0.0025102814719863975
2020-08-11,187.88,189.7,192.4,187.88,51928900,2020,12.55,71,74,84,16.0,3011,187.10857142857142,189.57133333333334,0.010655301012253648
2020-08-12,190.5,192.8,193.29,189.32,35624280,2020,12.55,72,75,85,16.0,3012,188.42285714285714,189.52100000000002,0.016341591987348636
2020-08-13,192.51,193.76,194.44,191.25,37890900,2020,12.55,73,76,86,16.0,3013,189.9157142857143,189.47033333333331,0.004979253112033177
2020-08-14,194.27,192.83,194.27,190.71,29788920,2020,12.55,74,77,87,16.0,3014,190.44142857142856,189.32466666666667,-0.004799752270850388
2020-08-17,193.83,190.47,194.68,189.2,55761900,2020,12.55,77,75,85,16.0,3017,190.64142857142858,189.00733333333335,-0.012238759529119014
2020-08-18,190.07,190.3,191.95,189.25,27793010,2020,12.55,78,76,86,16.0,3018,191.07999999999998,188.752,-0.0008925290071927217
2020-08-19,190.48,189.26,191.99,189.0,31486780,2020,12.55,79,77,87,16.0,3019,191.30285714285714,188.35500000000002,-0.005465055176037903
2020-08-20,188.78,186.95,188.94,185.58,37700610,2020,12.55,70,73,83,16.0,3020,190.91,187.93866666666665,-0.012205431681285073
2020-08-21,187.25,184.51,187.79,183.5,33845750,2020,12.55,71,74,84,16.0,3021,189.72571428571428,187.39100000000002,-0.013051618079700456
2020-08-24,185.4,187.1,187.44,184.84,24295200,2020,12.55,74,77,87,16.0,3024,188.77428571428572,187.10433333333333,0.014037179556663615
2020-08-25,187.45,186.25,187.99,184.73,19562590,2020,12.55,75,73,83,16.0,3025,187.83428571428573,186.85933333333332,-0.004543025120256505
2020-08-26,186.22,187.48,188.0,185.0,25461430,2020,12.55,76,74,84,16.0,3026,187.40714285714284,187.03333333333333,0.006604026845637545
2020-08-27,187.5,184.58,188.01,182.62,38191360,2020,12.55,77,75,85,16.0,3027,186.58999999999997,187.07533333333333,-0.015468316620439349
2020-08-28,184.95,182.9,185.22,182.48,34312740,2020,12.55,78,76,86,16.0,3028,185.68142857142857,187.017,-0.009101744501029407
2020-08-31,183.11,181.01,184.28,180.51,47470180,2020,12.55,71,74,84,16.0,3031,184.83285714285714,186.772,-0.010333515582285457
2020-09-01,181.4,184.22,184.87,181.01,48042850,2020,12.55,71,74,84,16.0,3001,184.79142857142855,186.68666666666667,0.017733826860394597
2020-09-02,184.8,181.95,186.29,181.1,50328430,2020,12.55,72,75,85,16.0,3002,184.05571428571426,186.51333333333332,-0.012322223428509416
2020-09-03,182.48,179.13,182.59,178.6,62964070,2020,12.55,73,76,86,16.0,3003,183.03857142857143,186.328,-0.01549876339653744
2020-09-04,178.98,179.55,180.56,178.0,43042720,2020,12.55,74,77,87,16.0,3004,181.90571428571428,186.13133333333334,0.0023446658851113966
2020-09-07,178.63,177.04,179.75,175.94,38997650,2020,12.55,77,75,85,16.0,3007,180.82857142857142,185.86500000000004,-0.013979392926761425
2020-09-08,176.99,172.95,177.43,172.4,63849810,2020,12.55,78,76,86,16.0,3008,179.40714285714287,185.48666666666668,-0.02310212381382737
2020-09-09,172.72,173.69,175.35,172.33,41984320,2020,12.55,79,77,87,16.0,3009,178.3614285714286,185.11999999999998,0.00427869326394914
2020-09-10,173.9,173.8,174.64,171.11,34024710,2020,12.55,70,73,83,16.0,3010,176.87285714285716,184.82933333333332,0.0006333122229260635
2020-09-11,174.43,178.05,178.27,173.1,36949100,2020,12.55,71,74,84,16.0,3011,176.31571428571428,184.678,0.024453394706559273
2020-09-14,178.44,178.19,180.8,177.52,37721940,2020,12.55,74,77,87,16.0,3014,176.18142857142857,184.49766666666665,0.0007862959842739325
2020-09-15,178.03,182.22,182.95,178.01,42494160,2020,12.55,75,73,83,16.0,3015,176.56285714285715,184.46133333333333,0.022616308434816768
2020-09-16,182.67,183.26,184.16,181.35,37431070,2020,12.55,76,74,84,16.0,3016,177.45142857142858,184.265,0.005707386675447124
2020-09-17,181.8,183.9,184.84,180.34,49875980,2020,12.55,77,75,85,16.0,3017,179.01571428571427,184.09266666666664,0.0034923060133145167
2020-09-18,184.4,181.52,184.7,181.34,45239980,2020,12.55,78,76,86,16.0,3018,180.1342857142857,183.90233333333336,-0.01294181620445889
2020-09-21,181.37,177.17,181.37,175.36,41362910,2020,12.55,71,74,84,16.0,3021,180.6157142857143,183.55133333333333,-0.02396430145438533
2020-09-22,176.51,179.0,180.9,176.42,36413920,2020,12.55,72,75,85,16.0,3022,180.75142857142856,183.19466666666668,0.01032906248236154
2020-09-23,179.82,177.0,180.37,176.81,31918090,2020,12.55,73,76,86,16.0,3023,180.58142857142857,182.668,-0.011173184357541888
2020-09-24,176.0,174.23,178.49,171.9,49893020,2020,12.55,74,77,87,16.0,3024,179.44,182.017,-0.01564971751412436
2020-09-25,175.1,173.77,175.17,169.6,96326410,2020,12.55,75,73,83,16.0,3025,178.0842857142857,181.3816666666667,-0.00264018825690171
2020-09-28,174.2,172.74,175.38,171.29,50545940,2020,12.55,78,76,86,16.0,3028,176.49,180.79066666666668,-0.005927375266156387
2020-09-29,172.75,171.44,173.47,170.0,48790750,2020,12.55,79,77,87,16.0,3029,175.05,180.16199999999998,-0.007525761259696728
2020-09-30,171.04,169.97,171.98,169.8,48630880,2020,12.55,70,73,83,16.0,3030,174.02142857142857,179.51899999999998,-0.008574428371441845
2020-10-01,171.16,168.4,171.4,167.97,60359030,2020,12.55,71,74,84,16.0,3001,172.50714285714284,178.90066666666664,-0.009236924163087523
2020-10-02,167.38,169.47,169.95,167.22,40347360,2020,12.55,72,75,85,16.0,3002,171.43142857142857,178.39933333333332,0.006353919239904915
2020-10-05,170.11,170.64,170.88,168.58,37440350,2020,12.55,75,73,83,16.0,3005,170.91857142857143,177.85066666666668,0.006903876792352603
2020-10-06,170.7,171.35,173.41,170.5,64134630,2020,12.55,76,74,84,16.0,3006,170.57285714285715,177.35399999999998,0.004160806375996362
2020-10-07,171.75,168.23,172.26,167.04,65840210,2020,12.55,77,75,85,16.0,3007,169.92857142857142,176.71233333333333,-0.01820834549168371
2020-10-08,168.19,167.43,168.86,166.15,36673250,2020,12.55,78,76,86,16.0,3008,169.3557142857143,176.14066666666668,-0.004755394400522972
2020-10-09,167.8,166.97,168.19,165.77,41538260,2020,12.55,79,77,87,16.0,3009,168.92714285714285,175.60966666666667,-0.0027474168309145064
2020-10-12,167.5,169.05,169.8,166.87,38968420,2020,12.55,72,75,85,16.0,3012,169.01999999999998,175.21099999999998,0.012457327663652151
2020-10-13,169.13,166.37,169.47,165.82,34698350,2020,12.55,73,76,86,16.0,3013,168.57714285714286,174.61599999999999,-0.015853297840875524
2020-10-14,166.68,167.24,167.63,165.71,26685620,2020,12.55,74,77,87,16.0,3014,168.0914285714286,174.12566666666666,0.005229308168539948
2020-10-15,166.87,167.16,168.85,166.0,39904910,2020,12.55,75,73,83,16.0,3015,167.49285714285716,173.72666666666666,-0.0004783544606554724
2020-10-16,167.24,163.98,167.25,163.56,50415600,2020,12.55,76,74,84,16.0,3016,166.8857142857143,173.20766666666665,-0.019023689877961325
2020-10-19,165.0,163.6,165.6,163.0,34057190,2020,12.55,79,77,87,16.0,3019,166.33857142857144,172.75966666666667,-0.0023173557750945095
2020-10-20,163.74,166.53,167.12,162.8,50479100,2020,12.55,70,73,83,16.0,3020,166.2757142857143,172.54566666666668,0.017909535452322878
2020-10-21,166.8,164.37,167.3,163.87,36692530,2020,12.55,71,74,84,16.0,3021,165.60714285714286,172.235,-0.012970635921455531
2020-10-22,163.87,165.27,166.53,163.66,39965630,2020,12.55,72,75,85,16.0,3022,165.45,171.95066666666668,0.005475451724767266
2020-10-23,165.15,164.96,165.88,164.39,32927650,2020,12.55,73,76,86,16.0,3023,165.1242857142857,171.51433333333335,-0.0018757185212077143
2020-10-26,164.44,162.17,164.96,161.1,53503300,2020,12.55,76,74,84,16.0,3026,164.41142857142856,170.98033333333333,-0.01691319107662481
2020-10-27,162.11,159.21,162.62,158.21,58290360,2020,12.55,77,75,85,16.0,3027,163.73,170.2133333333333,-0.018252451131528513
2020-10-28,158.98,154.3,158.99,153.7,86900330,2020,12.55,78,76,86,16.0,3028,162.40142857142857,169.248,-0.03083977137114502
2020-10-29,155.01,156.74,157.3,154.2,52782610,2020,12.55,79,77,87,16.0,3029,161.00285714285715,168.3426666666667,0.015813350615683675
2020-10-30,155.0,154.28,156.2,154.08,42721140,2020,12.55,70,73,83,16.0,3030,159.5614285714286,167.43466666666666,-0.01569478116626266
2020-11-02,153.98,157.74,157.98,151.9,69727760,2020,12.55,72,75,85,16.0,3002,158.4857142857143,166.78699999999998,0.022426756546538806
2020-11-03,158.21,161.09,161.92,157.44,71122150,2020,12.55,73,76,86,16.0,3003,157.93285714285713,166.19,0.021237479396475134
2020-11-05,163.8,163.7,165.25,161.99,73279220,2020,12.55,75,73,83,16.0,3005,158.15142857142857,165.74666666666664,0.016202123036811678
2020-11-06,163.0,164.92,165.84,161.52,51681030,2020,12.55,76,74,84,16.0,3006,158.96714285714285,165.43633333333335,0.007452657299938936
2020-11-09,166.72,170.13,171.5,164.9,103450630,2020,12.55,79,77,87,16.0,3009,161.22857142857143,165.315,0.03159107446034448
2020-11-10,169.03,172.92,173.64,167.63,76691660,2020,12.55,70,73,83,16.0,3010,163.54,165.321,0.01639922412272954
2020-11-11,173.5,170.53,175.15,170.26,72044740,2020,12.55,71,74,84,16.0,3011,165.86142857142858,165.29066666666668,-0.0138214203099698
2020-11-12,170.0,172.91,175.3,169.75,71999190,2020,12.55,72,75,85,16.0,3012,168.02857142857144,165.38866666666667,0.013956488594382144
2020-11-13,172.9,180.3,181.27,172.42,104617540,2020,12.55,73,76,86,16.0,3013,170.77285714285713,165.78533333333334,0.04273899716615581
2020-11-16,181.01,185.32,185.62,180.3,89649230,2020,12.55,76,74,84,16.0,3016,173.86142857142858,166.31366666666665,0.027842484747642615
2020-11-17,185.05,182.9,185.31,178.83,99345370,2020,12.55,77,75,85,16.0,3017,176.43,166.72233333333332,-0.01305849341679255
2020-11-18,182.2,185.0,187.69,180.8,69125570,2020,12.55,78,76,86,16.0,3018,178.5542857142857,167.17733333333337,0.011481683980317126
2020-11-19,185.2,184.16,185.88,181.92,53232210,2020,12.55,79,77,87,16.0,3019,180.16000000000003,167.70833333333334,-0.004540540540540539
2020-11-20,184.1,183.21,184.36,182.1,31876920,2020,12.55,70,73,83,16.0,3020,181.97142857142856,168.23433333333332,-0.005158557775847061
2020-11-23,183.62,184.15,185.63,182.77,41077210,2020,12.55,73,76,86,16.0,3023,183.57714285714286,168.807,0.005130724305441925
2020-11-24,185.09,186.76,187.3,183.97,60743160,2020,12.55,74,77,87,16.0,3024,184.5,169.39733333333334,0.014173228346456623
2020-11-25,187.0,188.03,188.76,185.85,51148420,2020,12.55,75,73,83,16.0,3025,184.88714285714286,170.11933333333334,0.006800171342900008
2020-11-26,188.24,185.52,189.1,184.6,45757740,2020,12.55,76,74,84,16.0,3026,185.26142857142858,170.7286666666667,-0.013348933680795594
2020-11-27,185.04,185.9,186.75,182.56,50011450,2020,12.55,77,75,85,16.0,3027,185.39000000000001,171.35333333333332,0.0020482966796031565
2020-11-30,185.13,181.89,185.14,180.04,73295130,2020,12.55,70,73,83,16.0,3030,185.06571428571428,171.95033333333333,-0.0215707369553525
2020-12-01,182.6,185.34,188.09,181.78,67290280,2020,12.55,71,74,84,16.0,3001,185.36999999999998,172.675,0.018967507834405595
2020-12-02,185.0,187.22,187.24,183.12,40251760,2020,12.55,72,75,85,16.0,3002,185.80857142857144,173.36466666666666,0.010143520017265484
2020-12-03,186.99,185.12,187.58,184.37,35903910,2020,12.55,73,76,86,16.0,3003,185.57428571428574,174.05633333333336,-0.011216750347185056
2020-12-04,186.21,188.79,189.42,185.85,50721800,2020,12.55,74,77,87,16.0,3004,185.68285714285713,174.84033333333335,0.019824978392394055
2020-12-07,188.22,190.76,192.85,187.8,53541370,2020,12.55,77,75,85,16.0,3007,186.43142857142857,175.7003333333333,0.010434874728534327
2020-12-08,190.35,190.0,191.45,187.8,48446440,2020,12.55,78,76,86,16.0,3008,187.0171428571429,176.62800000000001,-0.003984063745019917
2020-12-09,190.3,189.35,193.09,189.05,52697850,2020,12.55,79,77,87,16.0,3009,188.08285714285714,177.6326666666667,-0.0034210526315789913
2020-12-10,189.55,192.95,193.51,188.67,54365050,2020,12.55,70,73,83,16.0,3010,189.17000000000002,178.921,0.019012410879323927
2020-12-11,193.01,201.5,201.63,192.31,103071320,2020,12.55,71,74,84,16.0,3011,191.21,180.41299999999998,0.044311997926924196
2020-12-14,203.5,199.91,207.85,198.78,123347920,2020,12.55,74,77,87,16.0,3014,193.32285714285712,181.934,-0.0078908188585608
2020-12-15,199.01,201.0,202.29,197.05,65566700,2020,12.55,75,73,83,16.0,3015,195.06714285714284,183.376,0.005452453604121832
2020-12-16,201.0,206.2,206.2,199.54,75249280,2020,12.55,76,74,84,16.0,3016,197.27285714285713,184.87966666666665,0.025870646766169125
2020-12-17,206.69,214.52,215.38,206.51,159625790,2020,12.55,77,75,85,16.0,3017,200.77571428571426,186.57366666666667,0.040349175557711
2020-12-18,214.0,212.69,214.5,207.22,133803690,2020,12.55,78,76,86,16.0,3018,204.10999999999999,188.166,-0.008530673130710431
2020-12-21,209.97,203.46,209.99,200.8,123672020,2020,12.55,71,74,84,16.0,3021,205.61142857142858,189.277,-0.043396492547839505
2020-12-22,200.7,208.4,210.68,199.19,109993910,2020,12.55,72,75,85,16.0,3022,206.59714285714287,190.45966666666666,0.024279956748255227
2020-12-23,209.0,207.63,212.78,206.2,78924440,2020,12.55,73,76,86,16.0,3023,207.7,191.69633333333334,-0.0036948176583493364
2020-12-24,208.52,206.24,209.96,203.15,59174500,2020,12.55,74,77,87,16.0,3024,208.44857142857146,192.80733333333333,-0.006694600972884435
2020-12-25,206.2,205.03,206.73,204.01,16533260,2020,12.55,75,73,83,16.0,3025,208.28142857142856,193.63166666666666,-0.005866951124903097
2020-12-28,205.53,206.11,207.86,205.15,35056750,2020,12.55,78,76,86,16.0,3028,207.08,194.3246666666667,0.005267521826074262
2020-12-29,206.98,208.75,210.0,206.61,42372300,2020,12.55,79,77,87,16.0,3029,206.5171428571429,195.18633333333335,0.01280869438649268
2020-12-30,209.88,212.98,213.38,209.5,74736890,2020,12.55,70,73,83,16.0,3030,207.87714285714287,196.119,0.0202634730538922
2021-01-04,212.71,212.71,216.63,211.64,55458730,2021,10241.4,74,77,87,16.0,3004,208.4928571428571,197.07066666666665,-0.0012677246689829502
2021-01-05,213.2,215.32,215.38,210.22,48937810,2021,10241.4,75,73,83,16.0,3005,209.5914285714286,198.141,0.012270227069719253
2021-01-06,215.5,214.38,216.8,213.07,47945190,2021,10241.4,76,74,84,16.0,3006,210.75428571428571,199.14866666666666,-0.0043655953929035984
2021-01-08,217.12,225.49,226.24,217.0,101044690,2021,10241.4,78,76,86,16.0,3008,213.67714285714285,200.43966666666665,0.051823864166433475
2021-01-11,225.17,227.6,231.0,221.81,112708870,2021,10241.4,71,74,84,16.0,3011,216.74714285714285,201.75866666666667,0.00935739944121683
2021-01-12,229.0,228.69,231.44,225.66,64400230,2021,10241.4,72,75,85,16.0,3012,219.59571428571425,203.19766666666663,0.0047891036906855255
2021-01-13,229.29,226.8,230.35,225.2,61137970,2021,10241.4,73,76,86,16.0,3013,221.57,204.561,-0.008264462809917328
2021-01-14,226.15,228.86,229.57,223.2,60219960,2021,10241.4,74,77,87,16.0,3014,223.87714285714287,206.12666666666667,0.00908289241622584
2021-01-15,227.5,226.5,230.7,226.0,54810260,2021,10241.4,75,73,83,16.0,3015,225.4742857142857,207.49866666666668,-0.010311981123831249
2021-01-18,225.55,226.88,228.5,221.34,69177560,2021,10241.4,78,76,86,16.0,3018,227.26000000000002,208.82066666666668,0.0016777041942603876
2021-01-19,227.65,223.15,228.85,223.0,66678920,2021,10241.4,79,77,87,16.0,3019,226.9257142857143,210.0883333333333,-0.01644040902679822
2021-01-20,223.0,224.3,225.78,221.55,51387730,2021,10241.4,70,73,83,16.0,3020,226.4542857142857,211.272,0.005153484203450631
2021-01-21,224.38,217.28,224.96,217.22,76728280,2021,10241.4,71,74,84,16.0,3021,224.82428571428574,212.156,-0.03129736959429341
2021-01-22,216.5,215.49,216.5,210.5,94814510,2021,10241.4,72,75,85,16.0,3022,223.20857142857145,213.00566666666666,-0.008238217967599382
2021-01-25,216.9,218.68,219.66,214.53,74569300,2021,10241.4,75,73,83,16.0,3025,221.75428571428571,213.98333333333332,0.014803471158754355
2021-01-26,216.52,218.8,220.29,215.71,45214780,2021,10241.4,76,74,84,16.0,3026,220.65428571428575,214.845,0.0005487470276202
2021-01-27,219.49,217.4,222.0,216.44,59298790,2021,10241.4,77,75,85,16.0,3027,219.29999999999998,215.375,-0.006398537477148136
2021-01-28,215.99,217.7,219.49,214.26,52428850,2021,10241.4,78,76,86,16.0,3028,218.52142857142857,215.968,0.001379944802207822
2021-01-29,216.7,212.83,216.75,212.47,66780470,2021,10241.4,79,77,87,16.0,3029,216.88285714285712,216.36233333333334,-0.022370234267340305
2021-02-01,214.7,214.66,214.87,212.24,39370050,2021,10241.4,71,74,84,16.0,3001,216.50857142857143,216.64433333333335,0.008598411878024681
2021-02-02,215.6,214.42,219.74,213.25,78073300,2021,10241.4,72,75,85,16.0,3002,216.3557142857143,216.64100000000002,-0.001118047144321288
2021-02-03,215.42,218.1,218.42,213.79,46028500,2021,10241.4,73,76,86,16.0,3003,216.27285714285716,216.82133333333334,0.017162578117712934
2021-02-04,218.7,219.79,221.4,216.88,47943720,2021,10241.4,74,77,87,16.0,3004,216.41428571428568,217.36566666666667,0.0077487391104997805
2021-02-05,220.68,222.01,222.21,219.0,42219420,2021,10241.4,75,73,83,16.0,3005,217.07285714285715,217.81933333333333,0.010100550525501628
2021-02-08,223.04,228.0,228.0,223.0,67207330,2021,10241.4,78,76,86,16.0,3008,218.5442857142857,218.49833333333333,0.02698076663213378
2021-02-09,229.0,227.73,229.49,225.8,60643590,2021,10241.4,79,77,87,16.0,3009,220.67285714285714,219.21466666666666,-0.0011842105263157876
2021-02-10,227.98,223.24,228.29,221.8,41902370,2021,10241.4,70,73,83,16.0,3010,221.89857142857142,219.8216666666667,-0.019716330742545862
2021-02-11,223.49,221.35,223.67,220.73,34551030,2021,10241.4,71,74,84,16.0,3011,222.8885714285714,220.32966666666664,-0.008466224690915625
2021-02-12,220.6,226.71,227.47,216.77,69245440,2021,10241.4,72,75,85,16.0,3012,224.1185714285714,220.9283333333333,0.0242150440478881
2021-02-15,228.49,229.22,230.0,226.7,59946680,2021,10241.4,75,73,83,16.0,3015,225.46571428571428,221.46966666666668,0.011071412818137727
2021-02-16,230.0,232.46,233.22,227.57,86023550,2021,10241.4,76,74,84,16.0,3016,226.95857142857145,222.12800000000001,0.014134892243259811
2021-02-17,232.32,229.14,233.35,225.33,64553410,2021,10241.4,77,75,85,16.0,3017,227.12142857142857,222.58866666666665,-0.0142820270154006
2021-02-18,229.0,224.47,229.0,224.01,43788250,2021,10241.4,78,76,86,16.0,3018,226.65571428571428,222.925,-0.020380553373483434
2021-02-19,224.01,226.0,226.26,221.1,44899380,2021,10241.4,79,77,87,16.0,3019,227.04999999999998,222.942,0.006816055597629989
2021-02-20,226.4,225.84,227.1,225.0,6060530,2021,10241.4,70,73,83,16.0,3020,227.6914285714286,222.88333333333333,-0.000707964601769917
2021-02-22,226.46,225.63,227.3,223.04,31459520,2021,10241.4,72,75,85,16.0,3022,227.53714285714287,222.78133333333335,-0.0009298618490967137
2021-02-24,224.42,222.55,225.64,220.85,40872710,2021,10241.4,74,77,87,16.0,3024,226.58428571428573,222.63966666666667,-0.013650667021229412
2021-02-25,223.47,221.7,225.5,221.22,42751740,2021,10241.4,75,73,83,16.0,3025,225.04714285714286,222.40099999999998,-0.003819366434509197
2021-02-26,220.56,217.56,221.68,217.2,63838480,2021,10241.4,76,74,84,16.0,3026,223.39285714285714,222.103,-0.018673883626522225
2021-03-01,219.33,221.47,222.01,218.25,28412480,2021,10241.4,71,74,84,16.0,3001,222.96428571428572,221.92266666666666,0.017972053686339473
2021-03-02,220.0,222.74,224.11,219.76,34204970,2021,10241.4,72,75,85,16.0,3002,222.49857142857144,221.909,0.005734410981171223
2021-03-03,224.2,222.15,226.79,221.7,33273090,2021,10241.4,73,76,86,16.0,3003,221.97142857142856,221.83733333333333,-0.00264882823022361
2021-03-04,221.9,221.14,226.69,219.5,46450100,2021,10241.4,74,77,87,16.0,3004,221.32999999999998,221.96599999999998,-0.004546477605221755
2021-03-05,222.01,227.0,228.42,220.02,55804810,2021,10241.4,75,73,83,16.0,3005,221.96571428571426,222.34966666666665,0.02649905037532796
2021-03-09,227.5,232.1,233.07,226.05,73810410,2021,10241.4,79,77,87,16.0,3009,223.45142857142858,222.797,0.022466960352422793
2021-03-10,231.87,231.69,235.5,230.66,55391920,2021,10241.4,70,73,83,16.0,3010,225.47,223.22666666666666,-0.0017664799655320307
2021-03-11,232.89,232.47,233.53,230.07,32160630,2021,10241.4,71,74,84,16.0,3011,227.04142857142855,223.72899999999998,0.003366567396089648
2021-03-12,232.0,233.8,234.39,230.6,28836880,2021,10241.4,72,75,85,16.0,3012,228.6214285714286,224.26566666666668,0.0057211683227944565
2021-03-15,234.98,237.79,238.09,234.46,46193890,2021,10241.4,75,73,83,16.0,3015,230.8557142857143,225.09766666666667,0.017065868263473005
2021-03-16,237.3,234.02,238.23,233.8,38088000,2021,10241.4,76,74,84,16.0,3016,232.69571428571427,225.743,-0.015854325244963996
2021-03-17,233.85,229.9,234.56,227.21,62112040,2021,10241.4,77,75,85,16.0,3017,233.10999999999999,226.259,-0.017605332877531854
2021-03-18,230.0,224.35,231.79,223.7,67606510,2021,10241.4,78,76,86,16.0,3018,232.00285714285715,226.46733333333336,-0.024140930839495534
2021-03-19,222.75,225.4,226.64,222.37,58806150,2021,10241.4,79,77,87,16.0,3019,231.1042857142857,226.65433333333334,0.004680187207488418
2021-03-22,225.14,221.88,225.34,220.79,58497810,2021,10241.4,72,75,85,16.0,3022,229.5914285714286,226.65,-0.015616681455190795
2021-03-23,221.2,221.62,224.44,219.81,43130740,2021,10241.4,73,76,86,16.0,3023,227.85142857142858,226.43733333333333,-0.0011718045790517495
2021-03-24,222.35,223.65,225.45,220.53,36717810,2021,10241.4,74,77,87,16.0,3024,225.83142857142857,226.30133333333333,0.009159823120656885
2021-03-25,224.2,224.84,225.38,222.7,29768500,2021,10241.4,75,73,83,16.0,3025,224.52,226.35466666666665,0.0053208137715179404
2021-03-26,225.7,227.3,227.6,225.13,26765780,2021,10241.4,76,74,84,16.0,3026,224.14857142857142,226.553,0.01094111368083972
2021-03-29,226.79,228.74,229.15,226.31,23773400,2021,10241.4,79,77,87,16.0,3029,224.7757142857143,226.62066666666666,0.006335239771227519
2021-03-30,228.95,225.93,230.1,225.04,26821160,2021,10241.4,70,73,83,16.0,3030,224.85142857142858,226.511,-0.01228469004109467
2021-03-31,226.4,227.24,228.4,223.32,38853480,2021,10241.4,71,74,84,16.0,3031,225.61714285714288,226.337,0.005798256097021115
2021-04-01,228.4,226.94,231.67,225.75,43834500,2021,10241.4,71,74,84,16.0,3001,226.37714285714284,226.26366666666667,-0.0013201901073754962
2021-04-02,227.0,228.4,229.2,226.54,12639110,2021,10241.4,72,75,85,16.0,3002,227.0557142857143,226.39466666666667,0.006433418524720125
2021-04-05,227.92,225.06,227.92,224.13,23956590,2021,10241.4,75,73,83,16.0,3005,227.08714285714285,226.36333333333334,-0.014623467600700546
2021-04-06,226.0,222.95,226.55,221.91,36300060,2021,10241.4,76,74,84,16.0,3006,226.46571428571428,226.267,-0.009375277703723484
2021-04-07,222.31,224.51,226.01,220.68,29509280,2021,10241.4,77,75,85,16.0,3007,225.86142857142858,226.22966666666667,0.0069970845481048816
2021-04-08,224.84,224.3,226.3,222.88,19421940,2021,10241.4,78,76,86,16.0,3008,225.6285714285714,226.28799999999998,-0.000935370362121879
2021-04-09,224.2,222.15,224.3,221.48,20915750,2021,10241.4,79,77,87,16.0,3009,224.90142857142857,226.303,-0.009585376727596961
2021-04-12,220.98,222.87,224.25,219.6,29320420,2021,10241.4,72,75,85,16.0,3012,224.32,226.48000000000002,0.003241053342336153
2021-04-13,223.0,227.99,228.33,221.1,39097660,2021,10241.4,73,76,86,16.0,3013,224.26142857142855,226.69733333333335,0.02297303360703551
2021-04-14,230.58,235.32,236.58,229.31,92446640,2021,10241.4,74,77,87,16.0,3014,225.72714285714287,227.1166666666667,0.03215053291811043
2021-04-15,230.1,234.63,236.39,228.23,63090250,2021,10241.4,75,73,83,16.0,3015,227.3957142857143,227.53266666666664,-0.002932177460479357
2021-04-16,235.49,235.1,237.45,232.7,46274480,2021,10241.4,76,74,84,16.0,3016,228.90857142857143,227.99800000000002,0.0020031539018880995
2021-04-19,234.5,231.17,234.9,230.28,39740240,2021,10241.4,79,77,87,16.0,3019,229.89000000000001,228.13700000000003,-0.01671629094002558
2021-04-20,231.56,230.0,233.17,229.0,43935840,2021,10241.4,70,73,83,16.0,3020,231.01142857142855,228.067,-0.005061210364666668
2021-04-21,230.0,230.84,231.8,228.37,35499700,2021,10241.4,71,74,84,16.0,3021,232.15000000000003,228.03866666666667,0.0036521739130435105
2021-04-22,230.68,230.93,232.15,227.14,60354570,2021,10241.4,72,75,85,16.0,3022,232.57,227.98733333333334,0.0003898804366662123
2021-04-23,231.29,232.62,233.3,230.0,35452910,2021,10241.4,73,76,86,16.0,3023,232.18428571428572,227.948,0.007318234962975678
2021-04-26,233.0,233.23,234.91,232.16,28722530,2021,10241.4,76,74,84,16.0,3026,231.98428571428573,227.796,0.00262230246754358
2021-04-27,233.41,232.0,235.14,231.21,29292630,2021,10241.4,77,75,85,16.0,3027,231.54142857142855,227.72866666666667,-0.005273764095527933
2021-04-28,232.55,232.96,233.24,230.2,37522280,2021,10241.4,78,76,86,16.0,3028,231.79714285714286,227.83066666666667,0.0041379310344829
2021-04-29,234.07,230.51,236.18,229.0,55649060,2021,10241.4,79,77,87,16.0,3029,231.87000000000003,228.036,-0.010516826923076983
2021-04-30,230.11,231.38,231.6,228.86,32114120,2021,10241.4,70,73,83,16.0,3030,231.94714285714284,228.23533333333336,0.003774239729295914
2021-05-04,232.2,233.8,234.3,230.96,37971060,2021,10241.4,74,77,87,16.0,3004,232.35714285714286,228.63266666666667,0.010458985219120143
2021-05-05,234.21,237.5,237.77,233.69,38151660,2021,10241.4,75,73,83,16.0,3005,233.0542857142857,229.16199999999998,0.01582549187339599
2021-05-06,237.9,243.0,243.32,237.75,50392530,2021,10241.4,76,74,84,16.0,3006,234.45,229.807,0.023157894736842044
2021-05-07,243.49,241.7,243.99,240.78,37202190,2021,10241.4,77,75,85,16.0,3007,235.83571428571426,230.36900000000003,-0.005349794238683203
2021-05-10,242.35,241.41,244.3,240.52,32419730,2021,10241.4,70,73,83,16.0,3010,237.04285714285714,230.83933333333334,-0.001199834505585362
2021-05-11,240.24,242.5,243.17,239.05,35851190,2021,10241.4,71,74,84,16.0,3011,238.75571428571428,231.29800000000003,0.004515140217886682
2021-05-12,242.01,241.79,244.42,241.56,33301670,2021,10241.4,72,75,85,16.0,3012,240.24285714285716,231.82666666666668,-0.002927835051546479
2021-05-13,242.3,247.16,247.29,242.05,64223010,2021,10241.4,73,76,86,16.0,3013,242.15142857142857,232.49066666666667,0.022209355225609073
2021-05-14,248.0,249.55,250.4,247.53,50360050,2021,10241.4,74,77,87,16.0,3014,243.87285714285716,233.24433333333334,0.00966984949020877
2021-05-17,250.0,255.15,255.25,249.45,41131010,2021,10241.4,77,75,85,16.0,3017,245.60857142857142,234.136,0.02244039270687237
2021-05-18,256.1,266.22,268.38,254.54,86426350,2021,10241.4,78,76,86,16.0,3018,249.11142857142858,235.50799999999998,0.04338624338624353
2021-05-19,263.9,260.9,264.5,256.0,93580930,2021,10241.4,79,77,87,16.0,3019,251.8957142857143,236.773,-0.019983472316129736
2021-05-20,260.8,259.16,262.78,256.9,46561170,2021,10241.4,70,73,83,16.0,3020,254.27571428571426,237.928,-0.006669221924108681
2021-05-21,260.04,258.0,260.7,257.12,29121200,2021,10241.4,71,74,84,16.0,3021,256.59142857142854,239.05133333333336,-0.004475999382620888
2021-05-24,258.58,261.24,261.47,257.12,24679160,2021,10241.4,74,77,87,16.0,3024,258.6028571428572,240.35433333333333,0.012558139534883717
2021-05-25,262.31,259.79,262.72,258.31,30710070,2021,10241.4,75,73,83,16.0,3025,260.0657142857143,241.585,-0.005550451691930802
2021-05-26,260.52,263.09,263.33,260.01,34679380,2021,10241.4,76,74,84,16.0,3026,261.2,242.75500000000002,0.012702567458331648
2021-05-27,261.98,262.96,263.75,261.22,57622500,2021,10241.4,77,75,85,16.0,3027,260.7342857142857,243.67633333333333,-0.0004941274848910826
2021-05-28,263.79,262.0,265.93,261.35,35300830,2021,10241.4,78,76,86,16.0,3028,260.89142857142855,244.58866666666668,-0.0036507453605110207
2021-05-31,261.0,261.03,261.6,259.3,21501820,2021,10241.4,71,74,84,16.0,3031,261.1585714285714,245.453,-0.0037022900763359345
2021-06-01,261.97,263.86,264.76,261.58,32763300,2021,10241.4,71,74,84,16.0,3001,261.9957142857143,246.54266666666666,0.010841665708922532
2021-06-02,264.05,271.15,271.36,263.55,53358040,2021,10241.4,72,75,85,16.0,3002,263.4114285714286,247.91433333333333,0.027628287728340695
2021-06-03,272.31,272.1,274.3,268.2,52911460,2021,10241.4,73,76,86,16.0,3003,265.16999999999996,249.28966666666665,0.003503595795685266
2021-06-04,271.99,274.3,276.22,269.58,54413780,2021,10241.4,74,77,87,16.0,3004,266.7714285714286,250.73533333333336,0.008085262771039936
2021-06-07,274.01,275.67,276.7,273.85,34319270,2021,10241.4,77,75,85,16.0,3007,268.58714285714285,252.17033333333333,0.0049945315348158825
2021-06-08,275.35,275.36,277.58,272.91,53123740,2021,10241.4,78,76,86,16.0,3008,270.4957142857143,253.57466666666667,-0.001124532956070623
2021-06-09,275.98,275.65,276.39,273.76,28265930,2021,10241.4,79,77,87,16.0,3009,272.5842857142857,255.02966666666669,0.0010531667635094166
2021-06-10,275.49,276.1,277.77,274.32,37264440,2021,10241.4,70,73,83,16.0,3010,274.33285714285716,256.4676666666667,0.0016325049882097709
2021-06-11,276.58,277.05,278.0,274.85,26621830,2021,10241.4,71,74,84,16.0,3011,275.17571428571426,258.019,0.0034407823252444736
2021-06-14,277.56,279.5,280.45,277.22,28193270,2021,10241.4,74,77,87,16.0,3014,276.23285714285714,259.623,0.008843169103049942
2021-06-15,279.92,272.72,280.14,272.63,52232300,2021,10241.4,75,73,83,16.0,3015,276.00714285714287,260.92033333333336,-0.02425760286225398
2021-06-16,272.9,271.8,275.23,270.12,67263730,2021,10241.4,76,74,84,16.0,3016,275.45428571428573,262.0636666666667,-0.0033734232912878692
2021-06-17,270.9,272.5,273.89,269.1,43674630,2021,10241.4,77,75,85,16.0,3017,275.04571428571427,263.047,0.002575423105224406
2021-06-18,271.54,270.06,273.18,268.65,52728780,2021,10241.4,78,76,86,16.0,3018,274.2471428571429,263.9923333333333,-0.008954128440366915
2021-06-21,269.78,272.62,272.86,268.09,27454560,2021,10241.4,71,74,84,16.0,3021,273.75,265.03266666666667,0.009479374953714093
2021-06-22,273.5,277.0,277.0,272.89,36984070,2021,10241.4,72,75,85,16.0,3022,273.74285714285713,266.18266666666665,0.01606631941897141
2021-06-23,277.89,277.35,279.56,276.67,33618550,2021,10241.4,73,76,86,16.0,3023,273.4357142857143,267.368,0.001263537906137202
2021-06-24,278.2,277.47,279.47,275.5,42585400,2021,10241.4,74,77,87,16.0,3024,274.11428571428576,268.37833333333333,0.00043266630611138446
2021-06-25,277.8,277.19,277.92,276.12,29722970,2021,10241.4,75,73,83,16.0,3025,274.88428571428574,269.29966666666667,-0.0010091181028580865
2021-06-28,277.22,276.99,279.61,276.43,28099160,2021,10241.4,78,76,86,16.0,3028,275.5257142857143,270.0276666666667,-0.0007215267506042178
2021-06-29,276.12,276.8,277.5,273.17,37633800,2021,10241.4,79,77,87,16.0,3029,276.48857142857145,270.38033333333334,-0.000685945340986982
2021-06-30,277.27,281.8,281.82,276.5,60396020,2021,10241.4,70,73,83,16.0,3030,277.8,271.077,0.018063583815028927
2021-07-01,281.85,285.74,286.25,281.85,50115210,2021,10241.4,71,74,84,16.0,3001,279.04857142857145,271.96299999999997,0.013981547196593391
2021-07-02,285.59,285.65,286.19,282.8,29339980,2021,10241.4,72,75,85,16.0,3002,280.2342857142857,272.88466666666665,-0.0003149716525513435
2021-07-05,286.0,291.1,291.49,285.78,34243600,2021,10241.4,75,73,83,16.0,3005,282.1814285714286,273.88,0.019079292840889384
2021-07-06,292.08,293.45,295.97,291.34,80381100,2021,10241.4,76,74,84,16.0,3006,284.50428571428574,275.002,0.008072827207145084
2021-07-07,293.89,297.39,297.48,293.47,67079280,2021,10241.4,77,75,85,16.0,3007,287.41857142857145,276.1453333333333,0.013426478105299067
2021-07-08,296.45,292.86,297.0,290.33,52744990,2021,10241.4,78,76,86,16.0,3008,289.71285714285716,277.142,-0.01523252294966193
2021-07-09,293.5,295.22,295.58,292.0,40986480,2021,10241.4,79,77,87,16.0,3009,291.63,278.2493333333333,0.008058457966263699
2021-07-12,295.51,297.39,298.48,294.9,43364640,2021,10241.4,72,75,85,16.0,3012,293.2942857142857,279.46133333333336,0.007350450511482753
2021-07-13,297.75,293.83,297.77,293.0,49315260,2021,10241.4,73,76,86,16.0,3013,294.46285714285716,280.4603333333333,-0.011970812737482794
2021-07-14,282.89,284.6,286.93,282.88,52948770,2021,10241.4,74,77,87,16.0,3014,293.53428571428566,280.90866666666665,-0.03141272164176556
2021-07-15,284.58,280.01,285.11,278.96,41728020,2021,10241.4,75,73,83,16.0,3015,291.61428571428576,281.1723333333333,-0.016127898805340934
2021-07-16,279.22,279.65,282.0,278.0,27987640,2021,10241.4,76,74,84,16.0,3016,289.08,281.35066666666665,-0.0012856683689869142
2021-07-19,277.11,275.51,279.51,273.15,42832990,2021,10241.4,79,77,87,16.0,3019,286.6014285714285,281.3453333333334,-0.014804219560164422
2021-07-20,276.78,277.3,278.68,273.1,31048390,2021,10241.4,70,73,83,16.0,3020,284.0414285714286,281.41,0.006497041849660601
2021-07-21,277.5,282.9,285.01,276.0,41101790,2021,10241.4,71,74,84,16.0,3021,281.9714285714286,281.65166666666664,0.020194734944103843
2021-07-22,283.5,283.28,285.09,281.21,40285560,2021,10241.4,72,75,85,16.0,3022,280.4642857142857,281.89099999999996,0.00134323082361254
2021-07-23,283.2,279.51,285.0,279.05,38272140,2021,10241.4,73,76,86,16.0,3023,279.7371428571428,281.973,-0.013308387461169136
2021-07-26,277.37,281.05,281.37,276.7,27439580,2021,10241.4,76,74,84,16.0,3026,279.88571428571424,282.02466666666663,0.005509641873278293
2021-07-27,280.18,278.08,280.83,276.84,28471230,2021,10241.4,77,75,85,16.0,3027,279.6614285714286,282.2033333333333,-0.010567514677103818
2021-07-28,277.88,282.2,282.98,277.7,32860920,2021,10241.4,78,76,86,16.0,3028,280.6171428571428,282.55,0.014815880322209374
2021-07-29,283.97,287.0,287.75,283.58,41353890,2021,10241.4,79,77,87,16.0,3029,282.0028571428571,283.03333333333336,0.01700921332388372
2021-07-30,285.02,287.35,287.58,283.28,46773520,2021,10241.4,70,73,83,16.0,3030,282.6385714285714,283.6096666666666,0.0012195121951219523
2021-08-02,287.88,286.75,289.48,285.21,38392570,2021,10241.4,72,75,85,16.0,3002,283.13428571428574,284.0806666666667,-0.0020880459370107296
2021-08-03,286.75,287.09,288.05,284.34,27070670,2021,10241.4,73,76,86,16.0,3003,284.21714285714285,284.41700000000003,0.001185701830862973
2021-08-04,287.88,287.94,288.8,286.0,23631110,2021,10241.4,74,77,87,16.0,3004,285.2014285714286,284.77000000000004,0.0029607440175556388
2021-08-05,287.33,285.95,288.28,285.16,47269220,2021,10241.4,75,73,83,16.0,3005,286.32571428571424,285.05266666666665,-0.0069111620476488556
2021-08-06,285.26,282.27,285.72,277.87,90792250,2021,10241.4,76,74,84,16.0,3006,286.3357142857143,285.222,-0.012869382759223669
2021-08-09,282.25,286.68,287.9,280.8,68957480,2021,10241.4,79,77,87,16.0,3009,286.29,285.545,0.015623339355935961
2021-08-10,288.0,288.61,288.8,285.7,28927610,2021,10241.4,70,73,83,16.0,3010,286.46999999999997,285.9386666666667,0.006732245011859872
2021-08-11,288.97,290.35,291.49,287.12,37960320,2021,10241.4,71,74,84,16.0,3011,286.9842857142857,286.22366666666665,0.0060288971276116765
2021-08-12,290.3,293.23,293.81,290.25,37650060,2021,10241.4,72,75,85,16.0,3012,287.8614285714286,286.47333333333336,0.009919063199586686
2021-08-13,292.7,292.7,293.9,291.75,21917770,2021,10241.4,73,76,86,16.0,3013,288.5414285714286,286.7083333333333,-0.001807454898884897
2021-08-16,291.47,295.1,295.48,290.95,32411920,2021,10241.4,76,74,84,16.0,3016,289.84857142857146,286.84166666666664,0.008199521694567835
2021-08-17,295.13,298.32,299.5,290.32,50524670,2021,10241.4,77,75,85,16.0,3017,292.1414285714286,287.00399999999996,0.010911555404947482
2021-08-18,299.0,295.05,299.95,295.0,35618640,2021,10241.4,78,76,86,16.0,3018,293.33714285714285,286.92600000000004,-0.010961383748994358
2021-08-19,293.46,293.68,294.72,289.68,56275610,2021,10241.4,79,77,87,16.0,3019,294.06142857142856,286.9533333333333,-0.004643280799864424
2021-08-20,293.8,292.57,294.9,289.5,38649700,2021,10241.4,70,73,83,16.0,3020,294.37857142857143,286.865,-0.003779624080632038
2021-08-23,294.7,297.69,297.94,294.1,38100520,2021,10241.4,73,76,86,16.0,3023,295.0157142857143,286.875,0.017500085449636105
2021-08-24,299.0,298.7,301.0,295.95,49067610,2021,10241.4,74,77,87,16.0,3024,295.8728571428572,287.0373333333334,0.0033927911585878157
2021-08-25,298.7,296.7,299.2,294.37,30922290,2021,10241.4,75,73,83,16.0,3025,296.1014285714286,287.4406666666667,-0.006695681285570854
2021-08-26,296.0,294.34,296.0,293.04,25006370,2021,10241.4,76,74,84,16.0,3026,295.53285714285715,287.9183333333333,-0.007954162453656988
2021-08-27,295.8,299.66,300.0,294.81,34147490,2021,10241.4,77,75,85,16.0,3027,296.1914285714286,288.5853333333334,0.0180743358021338
2021-08-30,301.7,305.17,305.5,299.97,69972550,2021,10241.4,70,73,83,16.0,3030,297.8328571428571,289.574,0.018387505839951857
2021-08-31,305.83,305.65,307.67,304.1,64372840,2021,10241.4,71,74,84,16.0,3031,299.70142857142855,290.519,0.0015728937968999546
2021-09-01,306.6,312.89,313.95,306.19,79523870,2021,10241.4,71,74,84,16.0,3001,301.8728571428571,291.51866666666666,0.023687223948961167
2021-09-02,313.59,312.3,314.8,310.3,53414130,2021,10241.4,72,75,85,16.0,3002,303.8157142857143,292.486,-0.0018856467129022558
2021-09-03,312.7,317.94,317.96,311.16,63678420,2021,10241.4,73,76,86,16.0,3003,306.84999999999997,293.767,0.01805955811719495
2021-09-06,319.0,328.93,329.35,318.6,80210780,2021,10241.4,76,74,84,16.0,3006,311.7914285714286,295.363,0.03456627036547788
2021-09-07,329.93,327.73,333.0,325.5,72178370,2021,10241.4,77,75,85,16.0,3007,315.8014285714286,297.018,-0.003648192624570501
2021-09-08,328.49,327.6,328.5,322.22,58863620,2021,10241.4,78,76,86,16.0,3008,319.0057142857143,298.53133333333335,-0.00039666798889326227
2021-09-09,326.0,324.57,328.14,323.5,40571600,2021,10241.4,79,77,87,16.0,3009,321.7085714285714,299.78366666666665,-0.009249084249084327
2021-09-10,327.0,326.43,330.0,325.5,41485730,2021,10241.4,70,73,83,16.0,3010,323.64285714285717,301.08633333333336,0.005730659025787954
2021-09-13,328.0,332.75,333.0,327.3,55444990,2021,10241.4,73,76,86,16.0,3013,326.56428571428575,302.61966666666666,0.01936096559752465
2021-09-14,333.1,338.98,339.92,332.36,97274480,2021,10241.4,74,77,87,16.0,3014,329.57000000000005,304.34933333333333,0.018722764838467354
2021-09-15,339.39,343.34,344.2,337.72,108867890,2021,10241.4,75,73,83,16.0,3015,331.62857142857143,306.19599999999997,0.012862115759041615
2021-09-16,342.0,338.5,342.99,337.03,94886460,2021,10241.4,76,74,84,16.0,3016,333.1671428571429,307.9476666666667,-0.014096813654103757
2021-09-17,338.72,334.5,339.29,333.3,61479080,2021,10241.4,77,75,85,16.0,3017,334.15285714285716,309.6886666666667,-0.011816838995568735
2021-09-20,329.72,325.7,332.0,321.26,73276540,2021,10241.4,70,73,83,16.0,3020,334.3142857142857,310.9893333333333,-0.026307922272047812
2021-09-21,328.7,335.3,336.78,328.44,77509780,2021,10241.4,71,74,84,16.0,3021,335.5814285714286,312.54566666666665,0.029474976972674316
2021-09-22,338.4,340.59,341.49,337.4,61109370,2021,10241.4,72,75,85,16.0,3022,336.70142857142855,314.2203333333334,0.01577691619445254
2021-09-23,342.0,343.47,345.2,339.43,63892160,2021,10241.4,73,76,86,16.0,3023,337.34285714285716,315.89500000000004,0.008455914736193337
2021-09-24,343.6,344.29,344.9,340.0,40191890,2021,10241.4,74,77,87,16.0,3024,337.4785714285714,317.61466666666666,0.0023873991906133707
2021-09-27,347.95,355.19,355.19,347.0,81133200,2021,10241.4,77,75,85,16.0,3027,339.86285714285714,319.6176666666667,0.031659356937465466
2021-09-28,359.0,354.07,361.8,353.68,94125920,2021,10241.4,78,76,86,16.0,3028,342.6585714285714,321.476,-0.003153241926856065
2021-09-29,354.05,360.88,360.94,352.3,60264350,2021,10241.4,79,77,87,16.0,3029,347.6842857142857,323.6703333333333,0.019233484904114917
2021-09-30,363.25,360.8,364.53,359.53,70092520,2021,10241.4,70,73,83,16.0,3030,351.32714285714286,325.90766666666667,-0.00022168033695402212
2021-10-01,358.45,363.25,363.78,356.0,47659550,2021,10241.4,71,74,84,16.0,3001,354.56428571428575,328.26366666666667,0.006790465631929088
2021-10-04,364.67,376.06,378.33,364.3,102362800,2021,10241.4,74,77,87,16.0,3004,359.21999999999997,330.87600000000003,0.03526496902959386
2021-10-05,378.02,389.82,389.82,378.02,134614700,2021,10241.4,75,73,83,16.0,3005,365.7242857142857,333.9133333333333,0.03658990586608524
2021-10-06,395.0,381.3,397.64,370.25,216502410,2021,10241.4,76,74,84,16.0,3006,369.4542857142857,336.73333333333335,-0.02185624134215791
2021-10-07,382.18,370.7,384.3,361.61,160554040,2021,10241.4,77,75,85,16.0,3007,371.83,339.27866666666665,-0.027799632835038057
2021-10-08,371.5,366.17,373.0,364.77,70261940,2021,10241.4,78,76,86,16.0,3008,372.58571428571435,341.49566666666664,-0.012220124089560191
2021-10-11,369.0,369.81,372.61,363.7,78177900,2021,10241.4,71,74,84,16.0,3011,373.8728571428572,343.65033333333326,0.0099407379086216
2021-10-12,367.27,364.1,368.85,362.25,56815900,2021,10241.4,72,75,85,16.0,3012,373.9942857142857,345.59866666666665,-0.015440361266596314
2021-10-13,365.24,362.77,365.44,352.71,102186900,2021,10241.4,73,76,86,16.0,3013,372.0957142857143,347.2613333333333,-0.0036528426256523527
2021-10-14,366.4,367.0,369.7,364.35,59934070,2021,10241.4,74,77,87,16.0,3014,368.8357142857143,349.0846666666667,0.011660280618573715
2021-10-15,368.4,367.76,369.35,366.61,35905630,2021,10241.4,75,73,83,16.0,3015,366.90142857142854,350.74533333333335,0.002070844686648421
2021-10-18,365.01,363.5,366.45,360.15,43094820,2021,10241.4,78,76,86,16.0,3018,365.8728571428571,351.8976666666667,-0.011583641505329534
2021-10-19,364.98,368.83,368.83,362.24,51542530,2021,10241.4,79,77,87,16.0,3019,366.25285714285707,353.2676666666667,0.01466299862448417
2021-10-20,367.99,369.97,370.75,365.5,39499280,2021,10241.4,70,73,83,16.0,3020,366.2757142857143,354.68,0.003090854865385184
2021-10-21,368.0,363.37,370.19,360.88,46503390,2021,10241.4,71,74,84,16.0,3021,366.1714285714285,355.97333333333336,-0.017839284266291888
2021-10-22,361.4,358.12,364.19,357.48,48431440,2021,10241.4,72,75,85,16.0,3022,365.50714285714287,357.0296666666666,-0.014448083220959362
2021-10-25,359.99,364.84,365.84,356.69,57341870,2021,10241.4,75,73,83,16.0,3025,365.1985714285714,358.09933333333333,0.018764659890539326
2021-10-26,365.0,364.82,369.33,362.54,51744950,2021,10241.4,76,74,84,16.0,3026,364.77857142857147,358.96066666666667,-5.481855059752405e-05
2021-10-27,363.29,362.17,365.49,361.18,30679710,2021,10241.4,77,75,85,16.0,3027,364.58857142857147,359.5883333333333,-0.007263856148237435
2021-10-28,360.98,353.21,362.02,351.62,86591740,2021,10241.4,78,76,86,16.0,3028,362.35714285714283,360.07866666666666,-0.0247397630946794
2021-10-29,351.1,350.18,352.6,345.4,75024390,2021,10241.4,79,77,87,16.0,3029,359.53000000000003,360.60133333333334,-0.008578466068344559
2021-11-01,350.2,359.1,359.3,350.2,46501290,2021,10241.4,71,74,84,16.0,3001,358.92,361.7146666666667,0.02547261408418522
2021-11-02,359.24,352.48,360.0,351.24,43005590,2021,10241.4,72,75,85,16.0,3002,358.1142857142857,362.2873333333334,-0.018434976329713137
2021-11-03,350.56,353.02,353.86,346.62,37903170,2021,10241.4,73,76,86,16.0,3003,356.42571428571426,362.7016666666667,0.0015320018157056747
2021-11-05,352.0,350.6,354.8,349.23,25727240,2021,10241.4,75,73,83,16.0,3005,354.3942857142857,362.9393333333333,-0.006855135686363312
2021-11-08,353.0,351.47,356.34,348.34,39809120,2021,10241.4,78,76,86,16.0,3008,352.86571428571426,363.1786666666667,0.0024814603536793545
2021-11-09,351.06,349.46,353.61,346.99,31042610,2021,10241.4,79,77,87,16.0,3009,352.33000000000004,362.98766666666666,-0.005718838023159978
2021-11-10,349.99,345.8,351.25,344.2,35473970,2021,10241.4,70,73,83,16.0,3010,351.7042857142857,362.71200000000005,-0.010473301665426593
2021-11-11,346.94,347.44,348.43,343.8,40279860,2021,10241.4,71,74,84,16.0,3011,350.0385714285714,362.264,0.004742625795257416
2021-11-12,347.0,333.6,347.15,331.0,127208680,2021,10241.4,72,75,85,16.0,3012,347.3414285714286,361.3573333333333,-0.039834215979737464
2021-11-15,333.8,340.3,341.81,333.67,64250540,2021,10241.4,75,73,83,16.0,3015,345.5242857142857,360.59233333333333,0.020083932853717013
2021-11-16,341.48,336.79,342.85,331.61,64668540,2021,10241.4,76,74,84,16.0,3016,343.5514285714286,359.28333333333336,-0.010314428445489243
2021-11-17,336.0,349.98,351.82,334.83,79029610,2021,10241.4,77,75,85,16.0,3017,343.3385714285714,357.95533333333333,0.03916387066124294
2021-11-18,350.05,345.56,359.32,342.28,102199020,2021,10241.4,78,76,86,16.0,3018,342.78142857142853,356.764,-0.01262929310246308
2021-11-19,348.47,337.62,350.73,334.2,96027860,2021,10241.4,79,77,87,16.0,3019,341.6128571428572,355.66133333333335,-0.022977196434772584
2021-11-22,334.99,319.2,335.68,316.66,151496580,2021,10241.4,72,75,85,16.0,3022,337.5785714285715,354.0956666666667,-0.05455837924293594
2021-11-23,316.09,341.77,341.77,310.62,150584250,2021,10241.4,73,76,86,16.0,3023,338.7457142857143,353.16100000000006,0.07070802005012533
2021-11-24,343.87,338.3,348.0,332.75,93699350,2021,10241.4,74,77,87,16.0,3024,338.46000000000004,352.30100000000004,-0.01015302688942843
2021-11-25,340.0,337.55,343.0,335.7,48788260,2021,10241.4,75,73,83,16.0,3025,338.56857142857143,351.4603333333333,-0.0022169671888856435
2021-11-26,325.0,326.0,332.0,320.1,104012060,2021,10241.4,76,74,84,16.0,3026,335.14285714285717,350.09366666666665,-0.03421715301436823
2021-11-29,335.0,339.2,345.33,331.96,99631910,2021,10241.4,79,77,87,16.0,3029,334.2342857142857,349.14166666666665,0.04049079754601226
2021-11-30,332.5,334.24,342.55,331.5,130559830,2021,10241.4,70,73,83,16.0,3030,333.7514285714286,348.16633333333334,-0.014622641509433931
2021-12-01,338.51,345.21,350.37,337.61,93124760,2021,10241.4,71,74,84,16.0,3001,337.46714285714285,347.379,0.03282072762087118
2021-12-02,347.3,350.3,352.67,344.8,75484820,2021,10241.4,72,75,85,16.0,3002,338.6857142857143,346.72333333333336,0.014744648185162745
2021-12-03,351.5,345.99,353.13,343.21,51710280,2021,10241.4,73,76,86,16.0,3003,339.7842857142858,346.144,-0.012303739651727152
2021-12-06,347.21,338.94,349.36,333.35,71017940,2021,10241.4,76,74,84,16.0,3006,339.98285714285714,345.5046666666667,-0.020376311454088247
2021-12-07,339.25,344.96,346.0,333.43,75514200,2021,10241.4,77,75,85,16.0,3007,342.6914285714285,344.842,0.01776125567947129
2021-12-08,346.0,340.5,348.47,336.53,78326320,2021,10241.4,78,76,86,16.0,3008,342.8771428571428,344.0313333333333,-0.012929035250463738
2021-12-09,341.28,336.6,344.2,335.72,61413030,2021,10241.4,79,77,87,16.0,3009,343.2142857142857,343.17900000000003,-0.011453744493391982
2021-12-10,337.36,332.0,338.31,329.98,44649420,2021,10241.4,70,73,83,16.0,3010,341.32714285714286,342.472,-0.013666072489601944
2021-12-13,333.08,307.26,334.88,305.76,140582280,2021,10241.4,73,76,86,16.0,3013,335.17857142857144,341.04133333333334,-0.07451807228915663
2021-12-14,307.0,319.35,320.0,289.78,168689260,2021,10241.4,74,77,87,16.0,3014,331.3728571428572,339.71633333333335,0.03934778363600877
2021-12-15,319.58,324.09,325.83,316.5,79752150,2021,10241.4,75,73,83,16.0,3015,329.2514285714286,338.77000000000004,0.01484264913104738
2021-12-16,326.17,328.39,332.3,325.38,95509910,2021,10241.4,76,74,84,16.0,3016,326.88428571428574,337.94899999999996,0.013267919405103523
2021-12-17,327.98,327.3,329.7,323.03,72102360,2021,10241.4,77,75,85,16.0,3017,324.9985714285714,337.1723333333333,-0.003319224093303652
2021-12-20,323.97,325.9,326.0,316.11,70846810,2021,10241.4,70,73,83,16.0,3020,323.46999999999997,336.32,-0.00427742132600073
2021-12-21,326.61,339.88,339.88,326.5,80085260,2021,10241.4,71,74,84,16.0,3021,324.5957142857143,336.0006666666667,0.04289659404725388
2021-12-22,340.0,345.55,349.59,339.29,96838060,2021,10241.4,72,75,85,16.0,3022,330.0657142857143,335.9923333333333,0.01668235847946331
2021-12-23,346.1,339.81,348.32,337.0,72151400,2021,10241.4,73,76,86,16.0,3023,332.98857142857145,335.73800000000006,-0.0166111995369701
2021-12-24,339.26,338.79,340.98,334.55,39008160,2021,10241.4,74,77,87,16.0,3024,335.0885714285714,335.911,-0.003001677407963199
2021-12-27,339.7,343.97,343.97,339.33,29930500,2021,10241.4,77,75,85,16.0,3027,337.31428571428575,336.03333333333336,0.015289707488414628
2021-12-28,344.0,343.23,346.6,342.55,34857640,2021,10241.4,78,76,86,16.0,3028,339.59000000000003,336.248,-0.002151350408465924
2021-12-29,343.43,340.33,344.48,337.13,43011360,2021,10241.4,79,77,87,16.0,3029,341.65142857142854,335.9263333333334,-0.008449144888267424
2021-12-30,340.75,342.39,344.0,337.4,40856900,2021,10241.4,70,73,83,16.0,3030,342.01000000000005,335.8206666666666,0.006052948608703312
2022-01-03,345.0,353.73,353.88,344.3,40118360,2022,11673.9,73,76,86,16.0,3003,343.17857142857144,336.35766666666666,0.0331201261719094
2022-01-04,353.98,352.55,358.1,348.35,52707650,2022,11673.9,74,77,87,16.0,3004,344.99857142857144,337.46933333333334,-0.003335877646792773
2022-01-05,351.9,335.0,353.5,331.55,80976450,2022,11673.9,75,73,83,16.0,3005,344.4571428571429,337.2436666666666,-0.04978017302510285
2022-01-06,335.9,346.13,347.67,330.11,74599950,2022,11673.9,76,74,84,16.0,3006,344.76571428571424,337.50466666666665,0.033223880597014865
2022-01-10,348.56,344.0,351.0,340.51,51090750,2022,11673.9,70,73,83,16.0,3010,344.8757142857143,337.7196666666667,-0.006153757258833381
2022-01-11,344.68,343.74,347.0,341.27,41969410,2022,11673.9,71,74,84,16.0,3011,345.36285714285714,338.311,-0.0007558139534883379
2022-01-12,344.48,347.43,348.64,339.57,53456250,2022,11673.9,72,75,85,16.0,3012,346.0828571428571,338.5853333333333,0.010734857741315995
2022-01-13,347.01,337.6,347.5,333.49,118269470,2022,11673.9,73,76,86,16.0,3013,343.77857142857147,338.69733333333335,-0.02829346918803788
2022-01-14,338.59,335.76,340.96,321.51,120568340,2022,11673.9,74,77,87,16.0,3014,341.38,338.3823333333333,-0.005450236966824784
2022-01-17,335.9,327.81,338.95,319.17,96946290,2022,11673.9,77,75,85,16.0,3017,340.3528571428571,337.63266666666664,-0.02367762687634023
2022-01-18,329.11,301.11,329.3,296.7,220122140,2022,11673.9,78,76,86,16.0,3018,333.9214285714285,336.13666666666666,-0.08144962020682711
2022-01-19,299.0,318.36,320.42,282.72,220090450,2022,11673.9,79,77,87,16.0,3019,330.25857142857143,335.4506666666667,0.05728803427318918
2022-01-20,318.4,310.42,326.69,310.07,130272450,2022,11673.9,70,73,83,16.0,3020,325.49857142857144,334.2993333333334,-0.02494031913556982
2022-01-21,309.49,311.6,321.99,303.5,119138170,2022,11673.9,71,74,84,16.0,3021,320.38,333.336,0.0038013014625346564
2022-01-24,310.8,294.59,314.0,280.6,236552480,2022,11673.9,74,77,87,16.0,3024,314.2357142857143,331.93566666666663,-0.05458921694480112
2022-01-25,293.94,302.96,305.0,289.62,143186690,2022,11673.9,75,73,83,16.0,3025,309.55,330.9676666666667,0.02841236973420691
2022-01-26,302.9,299.6,307.7,293.7,125078000,2022,11673.9,76,74,84,16.0,3026,305.52000000000004,330.71233333333333,-0.01109057301293881
2022-01-27,296.93,325.25,330.0,294.0,216081130,2022,11673.9,77,75,85,16.0,3027,308.96857142857147,330.909,0.08561415220293722
2022-01-28,325.5,329.58,334.9,322.05,116239740,2022,11673.9,78,76,86,16.0,3028,310.57142857142856,331.092,0.013312836279784745
2022-01-31,330.9,334.8,336.41,330.52,69919140,2022,11673.9,71,74,84,16.0,3031,314.05428571428575,331.3056666666667,0.015838339705079196
2022-02-01,334.95,330.95,336.63,325.3,68010800,2022,11673.9,71,74,84,16.0,3001,316.81857142857143,331.42733333333337,-0.011499402628434963
2022-02-02,332.39,331.7,333.7,325.7,54760820,2022,11673.9,72,75,85,16.0,3002,322.12,331.62066666666664,0.002266203353980867
2022-02-03,330.0,323.75,331.0,322.3,57601360,2022,11673.9,73,76,86,16.0,3003,325.09000000000003,331.08299999999997,-0.023967440458245393
2022-02-04,325.5,324.6,334.5,320.88,88655550,2022,11673.9,74,77,87,16.0,3004,328.6614285714286,330.3846666666667,0.002625482625482789
2022-02-07,324.51,321.25,327.44,316.64,56310540,2022,11673.9,77,75,85,16.0,3007,328.09000000000003,329.76599999999996,-0.010320394331485017
2022-02-08,321.45,331.7,331.87,319.0,77966650,2022,11673.9,78,76,86,16.0,3008,328.39285714285717,329.5296666666667,0.03252918287937745
2022-02-09,332.3,335.08,336.0,330.18,63273270,2022,11673.9,79,77,87,16.0,3009,328.43285714285713,329.23333333333335,0.010189930660235103
2022-02-10,335.41,328.93,335.47,328.1,61934110,2022,11673.9,70,73,83,16.0,3010,328.14428571428573,328.7566666666667,-0.018353825952011404
2022-02-11,328.97,318.1,328.97,316.2,100771640,2022,11673.9,71,74,84,16.0,3011,326.20142857142855,328.0156666666666,-0.032924938436749374
2022-02-14,314.1,321.85,324.9,303.25,121315290,2022,11673.9,74,77,87,16.0,3014,325.93,327.331,0.01178874567745991
2022-02-15,322.43,333.6,335.5,322.43,96884740,2022,11673.9,75,73,83,16.0,3015,327.21571428571434,326.66,0.03650768991766351
2022-02-16,335.86,336.5,339.98,331.62,77190530,2022,11673.9,76,74,84,16.0,3016,329.39428571428573,326.125,0.008693045563548996
2022-02-17,336.37,323.51,336.37,322.04,102164080,2022,11673.9,77,75,85,16.0,3017,328.2242857142857,325.742,-0.03860326894502231
2022-02-18,325.51,309.48,329.32,306.7,125466600,2022,11673.9,78,76,86,16.0,3018,324.56714285714287,324.5203333333333,-0.043368056628852236
2022-02-21,309.48,257.3,318.9,241.0,413310930,2022,11673.9,71,74,84,16.0,3021,314.3342857142857,321.63033333333334,-0.16860540261083112
2022-02-22,253.95,283.51,284.07,246.7,324950590,2022,11673.9,72,75,85,16.0,3022,309.39285714285717,319.6226666666667,0.10186552662261938
2022-02-24,255.02,210.0,255.02,126.53,414024040,2022,11673.9,74,77,87,16.0,3024,293.4142857142857,315.0416666666667,-0.2592853867588445
2022-02-25,208.01,228.0,244.94,191.6,211877250,2022,11673.9,75,73,83,16.0,3025,278.3285714285714,311.3883333333333,0.08571428571428563
2022-03-24,251.41,258.51,278.9,232.0,85870120,2022,11673.9,74,77,87,16.0,3024,267.1871428571429,308.81333333333333,0.13381578947368422
2022-03-25,263.99,227.0,269.33,225.6,67384870,2022,11673.9,75,73,83,16.0,3025,253.4,305.45300000000003,-0.12189083594445083
2022-03-28,225.0,218.6,229.45,213.03,25249730,2022,11673.9,78,76,86,16.0,3028,240.41714285714286,302.7026666666667,-0.03700440528634363
2022-03-29,220.0,208.0,226.0,206.0,40380090,2022,11673.9,79,77,87,16.0,3029,233.37428571428572,299.024,-0.04849039341262573
2022-03-30,211.0,216.0,219.41,210.52,38680160,2022,11673.9,70,73,83,16.0,3030,223.73000000000002,295.87666666666667,0.03846153846153855
2022-03-31,218.98,242.48,249.0,217.1,84081100,2022,11673.9,71,74,84,16.0,3031,228.37000000000003,293.5726666666667,0.12259259259259259
2022-04-01,245.9,251.4,258.7,242.48,50666270,2022,11673.9,71,74,84,16.0,3001,231.71285714285713,292.133,0.03678653909600804
2022-04-04,254.03,252.9,259.99,237.31,41058980,2022,11673.9,74,77,87,16.0,3004,230.9114285714286,290.46433333333334,0.005966587112171906
2022-04-05,254.0,243.5,256.39,231.45,39973220,2022,11673.9,75,73,83,16.0,3005,233.26857142857145,288.59433333333334,-0.0371688414393041
2022-04-06,238.41,239.7,247.8,234.41,20595350,2022,11673.9,76,74,84,16.0,3006,236.28285714285715,285.74266666666665,-0.015605749486653053
2022-04-07,240.04,245.0,246.8,239.13,22416890,2022,11673.9,77,75,85,16.0,3007,241.56857142857143,282.9233333333333,0.02211097204839385
2022-04-08,246.79,241.07,246.79,240.0,14845610,2022,11673.9,78,76,86,16.0,3008,245.15,279.799,-0.01604081632653065
2022-04-11,241.9,234.55,242.78,234.16,15676960,2022,11673.9,71,74,84,16.0,3011,244.0171428571429,276.58566666666667,-0.027046086199029262
2022-04-12,234.0,236.3,236.63,223.0,26676990,2022,11673.9,72,75,85,16.0,3012,241.85999999999999,273.40566666666666,0.007461095715199262
2022-04-13,238.0,234.87,239.64,232.13,12702160,2022,11673.9,73,76,86,16.0,3013,239.28428571428572,270.44300000000004,-0.006051629284807514
2022-04-14,235.0,222.11,235.5,221.1,21964490,2022,11673.9,74,77,87,16.0,3014,236.22857142857143,267.0266666666667,-0.054327926086771394
2022-04-15,222.0,224.0,226.65,215.74,19981170,2022,11673.9,75,73,83,16.0,3015,233.9857142857143,263.785,0.008509297195083532
2022-04-18,224.1,216.99,226.0,216.6,15632330,2022,11673.9,78,76,86,16.0,3018,229.98428571428573,259.96133333333336,-0.031294642857142785
2022-04-19,216.9,220.72,222.0,207.0,30711040,2022,11673.9,79,77,87,16.0,3019,227.07714285714286,256.14933333333335,0.01718973224572551
2022-04-20,221.43,218.92,229.84,215.63,33617060,2022,11673.9,70,73,83,16.0,3020,224.84428571428572,252.48233333333334,-0.008155128669807943
2022-04-21,220.0,210.29,221.0,210.29,24332810,2022,11673.9,71,74,84,16.0,3021,221.12857142857143,248.88866666666667,-0.03942079298373835
2022-04-22,210.5,208.0,215.0,207.01,28813400,2022,11673.9,72,75,85,16.0,3022,217.29,245.09366666666668,-0.010889723714869959
2022-04-25,209.95,206.35,209.95,201.12,18864290,2022,11673.9,75,73,83,16.0,3025,215.03857142857143,240.85199999999998,-0.007932692307692335
2022-04-26,207.97,225.85,229.74,206.54,46546720,2022,11673.9,76,74,84,16.0,3026,215.30285714285716,237.16366666666667,0.09449963653985938
2022-04-27,226.01,237.15,237.5,221.61,48324930,2022,11673.9,77,75,85,16.0,3027,218.18285714285713,234.28499999999997,0.05003320788133725
2022-04-28,239.4,237.53,249.0,235.5,69099750,2022,11673.9,78,76,86,16.0,3028,220.5842857142857,231.88666666666668,0.0016023613746574128
2022-04-29,238.55,240.4,245.43,238.0,43469200,2022,11673.9,79,77,87,16.0,3029,223.65285714285713,231.32333333333332,0.01208268429251036
2022-05-04,241.0,234.16,244.39,233.12,20992990,2022,11673.9,74,77,87,16.0,3004,227.06285714285715,229.6783333333333,-0.025956738768718846
2022-05-05,235.54,238.6,239.4,235.08,14822190,2022,11673.9,75,73,83,16.0,3005,231.43428571428572,230.63166666666666,0.01896139391868812
2022-05-06,238.5,240.1,242.92,235.1,18010420,2022,11673.9,76,74,84,16.0,3006,236.25571428571428,231.03499999999997,0.006286672254819825
2022-05-11,239.8,241.99,243.35,237.58,16603030,2022,11673.9,71,74,84,16.0,3011,238.56142857142854,230.48433333333335,0.007871720116618075
2022-05-12,241.89,230.56,241.89,227.22,24430110,2022,11673.9,72,75,85,16.0,3012,237.62000000000003,230.603,-0.047233356750278954
2022-05-13,232.5,235.52,237.2,229.02,17353200,2022,11673.9,73,76,86,16.0,3013,237.33285714285716,231.167,0.021512838306731563
2022-05-16,234.0,244.2,246.95,233.11,28311920,2022,11673.9,76,74,84,16.0,3016,237.8757142857143,232.37366666666668,0.036854619565217295
2022-05-17,246.01,258.8,260.0,245.3,60032370,2022,11673.9,77,75,85,16.0,3017,241.3957142857143,233.80033333333333,0.05978705978705978
2022-05-18,261.1,264.84,269.42,261.0,51227600,2022,11673.9,78,76,86,16.0,3018,245.1442857142857,234.5456666666667,0.02333848531684679
2022-05-19,268.0,266.68,269.78,262.65,24980910,2022,11673.9,79,77,87,16.0,3019,248.9414285714286,235.05499999999998,0.0069475909983387485
2022-05-20,268.46,263.0,268.9,260.41,27615130,2022,11673.9,70,73,83,16.0,3020,251.94285714285715,235.39166666666668,-0.013799310034498302
2022-05-23,265.44,263.0,273.0,263.0,30637540,2022,11673.9,73,76,86,16.0,3023,256.57714285714286,236.04166666666666,0.0
2022-05-24,263.0,265.8,267.29,250.4,52381290,2022,11673.9,74,77,87,16.0,3024,260.90285714285716,236.91166666666666,0.010646387832699666
2022-05-25,268.48,271.4,271.66,263.8,37552300,2022,11673.9,75,73,83,16.0,3025,264.7885714285714,237.79166666666666,0.021068472535741067
2022-05-26,273.0,295.89,298.31,245.0,146408540,2022,11673.9,76,74,84,16.0,3026,270.08714285714285,239.619,0.09023581429624183
2022-05-27,300.0,294.5,305.0,293.53,54310020,2022,11673.9,77,75,85,16.0,3027,274.32428571428574,241.6173333333333,-0.004697691709756979
2022-05-30,298.61,300.8,302.0,296.28,30930880,2022,11673.9,70,73,83,16.0,3030,279.1985714285714,243.76733333333334,0.02139219015280136
2022-05-31,302.0,293.75,302.0,293.51,19592220,2022,11673.9,71,74,84,16.0,3031,283.59142857142854,245.73,-0.0234375
2022-06-01,293.5,297.69,299.5,290.25,22582050,2022,11673.9,71,74,84,16.0,3001,288.54714285714283,248.2493333333333,0.013412765957446782
2022-06-02,297.69,296.0,299.33,294.9,16707880,2022,11673.9,72,75,85,16.0,3002,292.8614285714285,250.64933333333332,-0.0056770465920924496
2022-06-03,296.05,297.0,297.24,291.0,18775010,2022,11673.9,73,76,86,16.0,3003,296.5185714285714,253.31633333333332,0.0033783783783782884
2022-06-06,298.0,296.5,299.0,295.12,14848710,2022,11673.9,76,74,84,16.0,3006,296.60571428571427,255.84233333333333,-0.0016835016835017313
2022-06-07,297.42,297.99,298.69,294.52,15684380,2022,11673.9,77,75,85,16.0,3007,297.1042857142857,258.478,0.005025295109612138
2022-06-08,298.8,308.0,309.6,298.16,40392440,2022,11673.9,78,76,86,16.0,3008,298.1328571428572,261.735,0.03359173126614978
2022-06-09,310.0,306.5,310.52,303.2,26451350,2022,11673.9,79,77,87,16.0,3009,299.95428571428573,265.0183333333333,-0.004870129870129913
2022-06-10,306.48,309.2,310.98,305.06,20352100,2022,11673.9,70,73,83,16.0,3010,301.59857142857146,268.44666666666666,0.008809135399673762
2022-06-14,308.98,317.69,322.77,307.0,47542290,2022,11673.9,74,77,87,16.0,3014,304.69714285714286,271.508,0.02745795601552392
2022-06-15,319.0,316.2,322.99,314.11,33734980,2022,11673.9,75,73,83,16.0,3015,307.44,274.14300000000003,-0.004690106707796904
2022-06-16,316.5,316.99,318.25,314.5,23547120,2022,11673.9,76,74,84,16.0,3016,310.3671428571429,276.7916666666667,0.002498418722327811
2022-06-17,317.54,315.5,317.7,313.5,13129490,2022,11673.9,77,75,85,16.0,3017,312.86857142857144,279.295,-0.0047004637370264835
2022-06-20,316.06,311.98,318.0,311.0,21076640,2022,11673.9,70,73,83,16.0,3020,313.4371428571429,281.889,-0.01115689381933438
2022-06-21,312.31,301.58,312.86,300.77,50661420,2022,11673.9,71,74,84,16.0,3021,312.7342857142857,283.98833333333334,-0.033335470222450314
2022-06-22,300.1,295.8,301.91,294.36,48837190,2022,11673.9,72,75,85,16.0,3022,310.82,285.845,-0.01916572717023668
2022-06-23,295.81,303.5,304.6,291.1,46762610,2022,11673.9,73,76,86,16.0,3023,308.7928571428571,287.8953333333333,0.026031102096010672
2022-06-24,304.0,296.0,307.45,295.55,35940500,2022,11673.9,74,77,87,16.0,3024,305.90714285714284,290.0766666666667,-0.02471169686985175
2022-06-27,296.0,296.2,299.8,295.1,22197920,2022,11673.9,77,75,85,16.0,3027,302.9371428571429,292.09933333333333,0.0006756756756756133
2022-06-28,296.9,297.2,303.88,293.22,39961760,2022,11673.9,78,76,86,16.0,3028,300.3228571428572,293.866,0.0033760972316003723
2022-06-29,297.91,297.65,300.78,293.8,34170360,2022,11673.9,79,77,87,16.0,3029,298.2757142857143,295.161,0.001514131897711879
2022-06-30,299.5,207.0,310.82,200.0,308032430,2022,11673.9,70,73,83,16.0,3030,284.76428571428573,293.233,-0.3045523265580379
2022-07-01,200.48,192.5,201.85,186.2,114378500,2022,11673.9,71,74,84,16.0,3001,270.00714285714287,290.76033333333334,-0.07004830917874394
2022-07-04,191.99,186.25,195.44,181.2,82969140,2022,11673.9,74,77,87,16.0,3004,253.25714285714284,288.202,-0.03246753246753242
2022-07-05,186.25,197.3,199.87,185.2,76016250,2022,11673.9,75,73,83,16.0,3005,239.15714285714284,286.01199999999994,0.05932885906040264
2022-07-06,197.78,195.42,205.78,194.44,82419920,2022,11673.9,76,74,84,16.0,3006,224.76000000000002,283.666,-0.009528636594019368
2022-07-07,195.42,197.92,199.47,192.36,43747570,2022,11673.9,77,75,85,16.0,3007,210.57714285714286,281.21666666666664,0.012792958755500905
2022-07-08,200.0,198.0,201.87,196.57,28893760,2022,11673.9,78,76,86,16.0,3008,196.34142857142857,277.95366666666666,0.0004042037186742231
2022-07-11,198.0,188.9,199.43,188.79,46550690,2022,11673.9,71,74,84,16.0,3011,193.75571428571428,274.4336666666667,-0.04595959595959598
2022-07-12,189.15,191.4,193.0,184.0,46890990,2022,11673.9,72,75,85,16.0,3012,193.59857142857143,270.787,0.013234515616728393
2022-07-13,191.22,186.0,194.0,185.3,33253510,2022,11673.9,73,76,86,16.0,3013,193.56285714285715,267.19533333333334,-0.028213166144200663
2022-07-14,186.37,184.55,188.1,183.11,29125140,2022,11673.9,74,77,87,16.0,3014,191.74142857142857,263.42400000000004,-0.007795698924731087
2022-07-15,184.6,187.61,188.9,183.22,23052570,2022,11673.9,75,73,83,16.0,3015,190.62571428571428,259.811,0.016580872392305546
2022-07-18,189.0,186.7,189.5,185.52,16988830,2022,11673.9,78,76,86,16.0,3018,189.02285714285716,256.13433333333336,-0.0048504877138746405
2022-07-19,186.0,189.51,189.6,184.6,22601570,2022,11673.9,79,77,87,16.0,3019,187.81,252.568,0.015050883770755252
2022-07-20,190.0,193.3,195.8,190.0,44078600,2022,11673.9,70,73,83,16.0,3020,188.4385714285714,249.07833333333332,0.019998944646720584
2022-07-21,194.65,189.59,195.45,188.0,27814900,2022,11673.9,71,74,84,16.0,3021,188.18000000000004,245.13133333333332,-0.019192964304190374
2022-07-22,189.0,192.25,192.95,188.6,17869300,2022,11673.9,72,75,85,16.0,3022,189.07285714285717,241.32299999999998,0.014030275858431418
2022-07-25,192.6,192.0,194.65,190.56,22138550,2022,11673.9,75,73,83,16.0,3025,190.13714285714286,237.4163333333333,-0.0013003901170350884
2022-07-26,192.0,193.95,194.49,191.2,20004890,2022,11673.9,76,74,84,16.0,3026,191.04285714285714,233.29166666666666,0.010156249999999867
2022-07-27,194.5,196.49,197.5,194.1,28393430,2022,11673.9,77,75,85,16.0,3027,192.44142857142856,229.30133333333333,0.013096158803815428
2022-07-28,198.0,196.25,198.79,195.0,22017040,2022,11673.9,78,76,86,16.0,3028,193.4042857142857,225.27666666666664,-0.0012214362054049355
2022-07-29,196.25,195.26,196.8,193.5,14151520,2022,11673.9,79,77,87,16.0,3029,193.68428571428572,221.26866666666666,-0.0050445859872612075
2022-08-01,194.5,192.0,194.69,192.0,13080650,2022,11673.9,71,74,84,16.0,3001,194.0285714285714,217.26933333333332,-0.01669568780088082
2022-08-02,191.56,187.16,191.68,186.8,24300060,2022,11673.9,72,75,85,16.0,3002,193.30142857142854,213.45533333333333,-0.025208333333333388
2022-08-03,187.51,187.04,188.97,186.31,12063310,2022,11673.9,73,76,86,16.0,3003,192.59285714285713,209.82999999999998,-0.0006411626415900873
2022-08-04,187.0,184.9,187.22,184.3,13353850,2022,11673.9,74,77,87,16.0,3004,191.3,205.87666666666667,-0.011441402908468734
2022-08-05,184.7,176.58,185.62,175.75,49095300,2022,11673.9,75,73,83,16.0,3005,188.4557142857143,201.89600000000002,-0.04499729583558676
2022-08-08,180.0,177.86,181.82,177.25,33176870,2022,11673.9,78,76,86,16.0,3008,185.82857142857145,197.95133333333334,0.007248839053120459
2022-08-09,178.0,181.04,181.38,175.2,24425460,2022,11673.9,79,77,87,16.0,3009,183.7971428571429,194.07933333333332,0.017879230855729178
2022-08-10,181.04,178.81,182.33,178.53,20457670,2022,11673.9,70,73,83,16.0,3010,181.91285714285715,190.118,-0.012317719840919117
2022-08-11,179.49,174.1,180.63,173.51,26791740,2022,11673.9,71,74,84,16.0,3011,180.04714285714286,189.0213333333333,-0.02634080867960409
2022-08-12,174.5,174.36,175.88,172.29,20504730,2022,11673.9,72,75,85,16.0,3012,178.2357142857143,188.41666666666666,0.001493394600804221
2022-08-15,174.01,174.8,175.5,172.4,18502690,2022,11673.9,75,73,83,16.0,3015,176.79285714285714,188.035,0.0025235145675612802
2022-08-16,175.5,181.3,181.61,174.7,33089780,2022,11673.9,76,74,84,16.0,3016,177.46714285714285,187.50166666666664,0.03718535469107542
2022-08-17,181.9,176.5,182.49,176.4,24237120,2022,11673.9,77,75,85,16.0,3017,177.27285714285713,186.87099999999998,-0.026475455046883645
2022-08-18,176.3,178.87,179.37,175.5,16035660,2022,11673.9,78,76,86,16.0,3018,176.96285714285713,186.23600000000002,0.013427762039660118
2022-08-19,178.78,177.6,178.9,176.6,9218560,2022,11673.9,79,77,87,16.0,3019,176.79,185.556,-0.0071001285850059714
2022-08-22,177.4,181.7,182.2,176.88,22797150,2022,11673.9,72,75,85,16.0,3022,177.8757142857143,185.31599999999997,0.0230855855855856
2022-08-23,182.39,184.3,185.8,182.1,26932120,2022,11673.9,73,76,86,16.0,3023,179.29571428571427,185.07933333333332,0.014309301045679845
2022-08-24,184.7,182.83,186.66,182.19,17562350,2022,11673.9,74,77,87,16.0,3024,180.44285714285715,184.97366666666667,-0.00797612588171459
2022-08-25,183.0,181.9,184.6,180.8,14907210,2022,11673.9,75,73,83,16.0,3025,180.52857142857144,184.88533333333334,-0.005086692555926309
2022-08-26,181.7,183.62,184.2,180.5,13018100,2022,11673.9,76,74,84,16.0,3026,181.5457142857143,184.75233333333335,0.009455744914788289
2022-08-29,183.15,190.0,190.0,182.65,30577150,2022,11673.9,79,77,87,16.0,3029,183.1357142857143,184.86233333333334,0.034745670406273854
2022-08-30,190.45,204.0,204.2,190.45,112562060,2022,11673.9,70,73,83,16.0,3030,186.90714285714287,185.34533333333334,0.0736842105263158
2022-08-31,224.4,254.9,275.96,224.4,239413560,2022,11673.9,71,74,84,16.0,3031,197.3642857142857,187.39866666666666,0.24950980392156863
2022-09-01,258.0,249.11,259.85,247.62,83676830,2022,11673.9,71,74,84,16.0,3001,206.62285714285716,189.3826666666667,-0.02271479011377009
2022-09-02,249.68,252.8,253.95,246.22,37791570,2022,11673.9,72,75,85,16.0,3002,216.6185714285714,191.40099999999998,0.014812733330657135
2022-09-05,251.0,250.0,252.11,248.55,30359680,2022,11673.9,75,73,83,16.0,3005,226.34714285714287,193.33433333333332,-0.011075949367088667
2022-09-06,249.99,246.0,250.2,241.0,51580940,2022,11673.9,76,74,84,16.0,3006,235.25857142857143,195.06933333333333,-0.016000000000000014
2022-09-07,245.8,241.55,245.8,241.55,31496650,2022,11673.9,77,75,85,16.0,3007,242.62285714285713,196.57133333333334,-0.018089430894308922
2022-09-08,241.55,243.95,245.3,237.84,39144110,2022,11673.9,78,76,86,16.0,3008,248.32999999999998,198.16133333333335,0.009935831090871261
2022-09-09,244.48,245.34,247.2,242.16,27284440,2022,11673.9,79,77,87,16.0,3009,246.96428571428572,199.83066666666667,0.005697888911662341
2022-09-12,243.99,243.3,247.0,241.06,31291710,2022,11673.9,72,75,85,16.0,3012,246.1342857142857,201.54066666666668,-0.008314991440450004
2022-09-13,243.9,242.64,245.29,241.8,21638060,2022,11673.9,73,76,86,16.0,3013,244.68285714285713,203.39000000000001,-0.0027127003699137786
2022-09-14,242.29,243.32,243.39,240.0,19834970,2022,11673.9,74,77,87,16.0,3014,243.72857142857143,205.26600000000002,0.0028025057698648492
2022-09-15,243.32,243.68,244.3,241.91,22166490,2022,11673.9,75,73,83,16.0,3015,243.39714285714285,207.22533333333334,0.0014795331251027388
2022-09-16,243.67,243.8,248.2,241.83,37380700,2022,11673.9,76,74,84,16.0,3016,243.71857142857147,209.46599999999998,0.0004924491135915865
2022-09-19,243.19,244.21,245.91,242.71,21338940,2022,11673.9,79,77,87,16.0,3019,243.75571428571428,211.67766666666665,0.0016817063166529866
2022-09-20,242.4,221.15,243.45,200.01,213251680,2022,11673.9,70,73,83,16.0,3020,240.29999999999998,213.01466666666667,-0.09442692764424065
2022-09-21,196.5,214.07,218.78,192.0,100156140,2022,11673.9,71,74,84,16.0,3021,236.1242857142857,214.19,-0.0320144698168664
2022-09-22,215.01,231.45,237.77,215.01,126460980,2022,11673.9,72,75,85,16.0,3022,234.5257142857143,216.10166666666666,0.08118839631896102
2022-09-23,233.4,224.84,234.5,222.22,62916290,2022,11673.9,73,76,86,16.0,3023,231.8857142857143,217.78433333333334,-0.028559084035428728
2022-09-26,219.0,206.0,221.9,200.62,103858500,2022,11673.9,76,74,84,16.0,3026,226.50285714285715,218.82433333333333,-0.08379291940935774
2022-09-27,211.36,217.3,217.36,207.12,81350390,2022,11673.9,77,75,85,16.0,3027,222.71714285714285,220.02433333333335,0.05485436893203888
2022-09-28,217.0,217.38,223.7,208.66,83423270,2022,11673.9,78,76,86,16.0,3028,218.8842857142857,221.38700000000003,0.00036815462494232953
2022-09-29,219.5,226.46,226.8,210.51,70257170,2022,11673.9,79,77,87,16.0,3029,219.64285714285714,222.97333333333333,0.04177017204894651
2022-09-30,231.68,217.7,238.72,189.42,245888420,2022,11673.9,70,73,83,16.0,3030,220.1614285714286,224.31,-0.038682328004945754
2022-10-03,219.0,215.83,220.55,213.63,50702010,2022,11673.9,73,76,86,16.0,3003,217.93,225.44766666666666,-0.008589802480477582
2022-10-04,216.48,210.72,216.7,208.8,49758590,2022,11673.9,74,77,87,16.0,3004,215.91285714285715,226.32833333333335,-0.023676041328823727
2022-10-05,211.5,209.05,211.5,202.85,53221220,2022,11673.9,75,73,83,16.0,3005,216.34857142857143,227.20233333333334,-0.007925208807896711
2022-10-06,210.0,212.86,216.88,209.06,51655640,2022,11673.9,76,74,84,16.0,3006,215.71428571428572,228.23433333333332,0.018225304950968635
2022-10-07,212.84,195.15,212.84,195.01,101567600,2022,11673.9,77,75,85,16.0,3007,212.53857142857143,228.61866666666666,-0.0832002255003289
2022-10-10,181.26,163.89,181.26,137.1,117002020,2022,11673.9,70,73,83,16.0,3010,203.6,227.74833333333333,-0.1601844734819371
2022-10-11,163.89,162.89,165.2,159.62,33263090,2022,11673.9,71,74,84,16.0,3011,195.76999999999998,226.37800000000001,-0.006101653548111541
2022-10-12,163.5,161.8,164.0,160.31,18207590,2022,11673.9,72,75,85,16.0,3012,188.0514285714286,223.2746666666667,-0.006691632389956292
2022-10-13,161.69,160.84,162.45,159.48,19844500,2022,11673.9,73,76,86,16.0,3013,180.9257142857143,220.3323333333333,-0.0059332509270705325
2022-10-14,161.0,159.6,161.16,158.64,15405020,2022,11673.9,74,77,87,16.0,3014,173.86142857142858,217.22566666666668,-0.007709524993782746
2022-10-17,160.0,163.24,163.8,159.6,26848530,2022,11673.9,77,75,85,16.0,3017,166.77285714285713,214.3336666666667,0.02280701754385972
2022-10-18,164.0,160.2,164.64,159.1,20793190,2022,11673.9,78,76,86,16.0,3018,161.78,211.47366666666667,-0.018622886547414952
2022-10-19,159.1,161.29,161.5,157.4,23659150,2022,11673.9,79,77,87,16.0,3019,161.4085714285714,208.79833333333332,0.0068039950062421806
2022-10-20,161.69,160.75,162.48,160.15,14362750,2022,11673.9,70,73,83,16.0,3020,161.10285714285715,206.025,-0.003348006696013317
2022-10-21,160.0,166.99,169.96,159.03,35542660,2022,11673.9,71,74,84,16.0,3021,161.84428571428572,203.41333333333336,0.03881804043545878
2022-10-24,168.0,165.47,168.88,164.82,25935680,2022,11673.9,74,77,87,16.0,3024,162.50571428571428,200.819,-0.009102341457572383
2022-10-25,166.0,172.38,174.69,164.22,47641350,2022,11673.9,75,73,83,16.0,3025,164.33142857142857,198.47699999999998,0.04175983561974972
2022-10-26,173.16,171.98,173.42,168.7,34577420,2022,11673.9,76,74,84,16.0,3026,165.57999999999998,196.09900000000002,-0.002320454809142669
2022-10-27,172.5,172.47,173.98,171.3,23317060,2022,11673.9,77,75,85,16.0,3027,167.33285714285714,193.7253333333333,0.0028491685079661266
2022-10-28,171.89,170.73,172.35,169.41,29765070,2022,11673.9,78,76,86,16.0,3028,168.68142857142857,191.28966666666665,-0.01008871108018794
2022-10-31,170.73,170.27,171.5,169.21,16029910,2022,11673.9,71,74,84,16.0,3031,170.04142857142855,188.825,-0.0026943126574121568
2022-11-01,170.9,169.92,171.29,169.75,16818990,2022,11673.9,71,74,84,16.0,3001,170.46,187.1173333333333,-0.0020555588183475137
2022-11-02,169.92,167.72,170.45,167.1,18473590,2022,11673.9,72,75,85,16.0,3002,170.78142857142856,185.57233333333335,-0.012947269303201447
2022-11-03,167.01,169.14,169.65,166.68,18183990,2022,11673.9,73,76,86,16.0,3003,170.31857142857143,183.49533333333335,0.008466491772000984
2022-11-07,171.01,169.85,171.59,169.52,22049230,2022,11673.9,77,75,85,16.0,3007,170.0142857142857,181.66233333333332,0.004197706042331939
2022-11-08,170.05,169.97,172.0,169.17,25270830,2022,11673.9,78,76,86,16.0,3008,169.65714285714284,180.46133333333333,0.0007065057403592423
2022-11-09,169.84,167.1,170.32,166.15,19094240,2022,11673.9,79,77,87,16.0,3009,169.1385714285714,178.788,-0.01688533270577164
2022-11-10,167.5,168.9,170.18,167.18,23976360,2022,11673.9,70,73,83,16.0,3010,168.94285714285712,177.172,0.010771992818671583
2022-11-11,169.27,169.86,170.6,167.51,16602030,2022,11673.9,71,74,84,16.0,3011,168.93428571428572,175.2853333333333,0.005683836589698066
2022-11-14,170.84,169.6,171.92,166.51,30081630,2022,11673.9,74,77,87,16.0,3014,169.20285714285714,173.682,-0.0015306723183799997
2022-11-15,171.08,166.25,171.3,161.79,33224560,2022,11673.9,75,73,83,16.0,3015,168.79,172.02933333333334,-0.019752358490566002
2022-11-16,166.6,168.76,169.15,166.6,14139420,2022,11673.9,76,74,84,16.0,3016,168.6342857142857,170.63066666666666,0.015097744360902166
2022-11-17,168.8,168.99,169.8,168.01,10921310,2022,11673.9,77,75,85,16.0,3017,168.49428571428572,169.29533333333333,0.0013628821995734786
2022-11-18,169.2,168.79,169.25,167.51,10143350,2022,11673.9,78,76,86,16.0,3018,168.7357142857143,167.82633333333334,-0.001183501982365942
2022-11-21,168.55,168.13,168.67,167.0,10291110,2022,11673.9,71,74,84,16.0,3021,168.6257142857143,166.92566666666667,-0.0039101842526215735
2022-11-22,167.89,168.08,168.5,167.45,9949620,2022,11673.9,72,75,85,16.0,3022,168.37142857142857,167.06533333333334,-0.00029738892523634153
2022-11-23,168.2,169.15,170.6,167.5,18366230,2022,11673.9,73,76,86,16.0,3023,168.30714285714288,167.27399999999997,0.006366016182770107
2022-11-24,169.41,168.96,170.87,168.6,10807160,2022,11673.9,74,77,87,16.0,3024,168.69428571428574,167.51266666666663,-0.0011232633757020105
2022-11-25,169.48,169.03,169.53,168.1,10192570,2022,11673.9,75,73,83,16.0,3025,168.73285714285717,167.78566666666669,0.0004142992424243097
2022-11-28,168.0,168.1,168.67,167.52,9571790,2022,11673.9,78,76,86,16.0,3028,168.6057142857143,168.069,-0.005501981896704811
2022-11-29,168.59,168.1,169.0,167.92,9804330,2022,11673.9,79,77,87,16.0,3029,168.50714285714284,168.23100000000002,0.0
2022-11-30,167.99,167.7,168.19,167.6,11838510,2022,11673.9,70,73,83,16.0,3030,168.4457142857143,168.48100000000002,-0.002379535990481907
2022-12-01,167.99,166.98,168.76,166.31,11990650,2022,11673.9,71,74,84,16.0,3001,168.28857142857143,168.6706666666667,-0.004293381037567046
2022-12-02,167.0,165.86,167.19,164.18,20380560,2022,11673.9,72,75,85,16.0,3002,167.81857142857143,168.841,-0.006707390106599487
2022-12-05,165.59,165.03,167.2,164.58,12272960,2022,11673.9,75,73,83,16.0,3005,167.25714285714284,168.77566666666664,-0.005004220426866102
2022-12-06,165.02,164.3,165.68,163.12,13489070,2022,11673.9,76,74,84,16.0,3006,166.58142857142857,168.73666666666668,-0.004423438162758253
2022-12-07,164.3,163.7,164.33,162.7,11225820,2022,11673.9,77,75,85,16.0,3007,165.95285714285714,168.44733333333335,-0.0036518563603166188
2022-12-08,163.56,163.0,163.99,162.71,8847010,2022,11673.9,78,76,86,16.0,3008,165.2242857142857,168.148,-0.004276114844227186
2022-12-09,163.0,162.75,163.48,162.4,8318520,2022,11673.9,79,77,87,16.0,3009,164.5171428571429,167.824,-0.0015337423312883347
2022-12-12,163.24,162.89,163.81,161.85,13175480,2022,11673.9,72,75,85,16.0,3012,163.93285714285713,167.56266666666667,0.0008602150537633246
2022-12-13,162.96,162.4,163.44,162.0,8494600,2022,11673.9,73,76,86,16.0,3013,163.4385714285714,167.30033333333333,-0.0030081650193380938
2022-12-14,162.26,160.74,162.49,160.25,13893850,2022,11673.9,74,77,87,16.0,3014,162.82571428571427,166.99433333333334,-0.01022167487684722
2022-12-15,160.74,160.31,161.25,157.72,22023150,2022,11673.9,75,73,83,16.0,3015,162.25571428571428,166.74733333333333,-0.0026751275351499793
2022-12-16,160.21,160.24,162.48,159.95,13726830,2022,11673.9,76,74,84,16.0,3016,161.76142857142855,166.45066666666665,-0.0004366539829080418
2022-12-19,159.9,157.61,160.12,157.0,19335040,2022,11673.9,79,77,87,16.0,3019,160.99142857142857,166.0426666666667,-0.0164128806789815
2022-12-20,157.49,158.94,159.45,157.38,15671170,2022,11673.9,70,73,83,16.0,3020,160.44714285714286,165.675,0.008438550853372195
2022-12-21,159.44,157.59,160.0,156.5,16525360,2022,11673.9,71,74,84,16.0,3021,159.69000000000003,165.358,-0.008493771234428071
2022-12-22,157.69,157.95,159.0,157.12,10571570,2022,11673.9,72,75,85,16.0,3022,159.0542857142857,164.993,0.0022844089091946795
2022-12-23,157.95,160.89,162.5,157.22,23300170,2022,11673.9,73,76,86,16.0,3023,159.07571428571427,164.69400000000002,0.01861348528015183
2022-12-26,161.73,162.12,163.1,160.8,15149270,2022,11673.9,76,74,84,16.0,3026,159.3342857142857,164.44466666666668,0.007644974827522022
2022-12-27,162.46,164.07,164.98,161.98,20333960,2022,11673.9,77,75,85,16.0,3027,159.8814285714286,164.37199999999999,0.012028127313101322
2022-12-28,164.25,161.82,164.79,161.81,13612100,2022,11673.9,78,76,86,16.0,3028,160.4828571428571,164.14066666666665,-0.013713658804168971
2022-12-29,161.8,162.91,163.38,161.74,9234560,2022,11673.9,79,77,87,16.0,3029,161.04999999999998,163.93800000000002,0.0067358793721419286
2022-12-30,162.91,162.56,164.0,161.8,11643310,2022,11673.9,70,73,83,16.0,3030,161.76,163.73033333333333,-0.002148425511018348
2023-01-03,163.0,163.52,164.36,162.33,6386140,2023,8541.8,73,76,86,16.0,3003,162.55571428571426,163.57666666666668,0.0059055118110236116
2023-01-04,163.48,162.51,163.48,162.06,6677170,2023,8541.8,74,77,87,16.0,3004,162.78714285714287,163.391,-0.0061766144814091595
2023-01-05,162.5,161.2,162.85,160.71,7605990,2023,8541.8,75,73,83,16.0,3005,162.65571428571428,163.12600000000003,-0.008061042397390916
2023-01-06,161.2,162.1,162.59,161.1,5247160,2023,8541.8,76,74,84,16.0,3006,162.3742857142857,162.89733333333334,0.005583126550868567
2023-01-09,162.99,162.71,163.49,161.88,9747070,2023,8541.8,79,77,87,16.0,3009,162.50142857142856,162.68666666666664,0.0037631091918570725
2023-01-10,162.71,162.1,162.98,161.44,7348430,2023,8541.8,70,73,83,16.0,3010,162.3857142857143,162.48666666666668,-0.0037490012906398196
2023-01-11,162.05,165.83,167.19,161.7,25247100,2023,8541.8,71,74,84,16.0,3011,162.85285714285715,162.411,0.023010487353485543
2023-01-12,165.71,164.17,165.79,163.75,11374610,2023,8541.8,72,75,85,16.0,3012,162.94571428571427,162.29333333333335,-0.010010251462341135
2023-01-13,164.3,164.56,165.73,163.5,12251190,2023,8541.8,73,76,86,16.0,3013,163.23857142857145,162.21266666666665,0.00237558628251211
2023-01-16,165.1,165.8,166.8,164.9,14684580,2023,8541.8,76,74,84,16.0,3016,163.8957142857143,162.21066666666667,0.007535245503160093
2023-01-17,165.8,162.33,165.92,162.0,18071260,2023,8541.8,77,75,85,16.0,3017,163.92857142857142,162.12066666666666,-0.020928829915560887
2023-01-18,162.52,162.18,163.96,160.81,14474410,2023,8541.8,78,76,86,16.0,3018,163.85285714285715,162.05,-0.0009240436148586495
2023-01-19,161.99,160.53,162.49,160.01,15637850,2023,8541.8,79,77,87,16.0,3019,163.62857142857143,161.94433333333333,-0.010173880873104002
2023-01-20,160.56,158.85,161.45,158.55,16523360,2023,8541.8,70,73,83,16.0,3020,162.6314285714286,161.806,-0.010465333582508007
2023-01-23,158.85,160.06,160.49,158.2,15094450,2023,8541.8,73,76,86,16.0,3023,162.0442857142857,161.71633333333332,0.007617248977022317
2023-01-24,160.3,157.88,160.83,157.44,16620430,2023,8541.8,74,77,87,16.0,3024,161.09,161.54933333333332,-0.013619892540297385
2023-01-25,157.9,158.99,159.13,156.71,15570640,2023,8541.8,75,73,83,16.0,3025,160.11714285714288,161.4356666666667,0.007030656194578322
2023-01-26,159.12,157.58,159.43,157.13,12385230,2023,8541.8,76,74,84,16.0,3026,159.43857142857146,161.33033333333336,-0.008868482294483893
2023-01-27,157.58,159.08,159.33,156.91,12293860,2023,8541.8,77,75,85,16.0,3027,158.99571428571429,161.28933333333333,0.009518974489148402
2023-01-30,159.08,158.41,159.67,157.7,10740220,2023,8541.8,70,73,83,16.0,3030,158.69285714285712,161.22833333333335,-0.004211717374905777
2023-01-31,158.41,158.1,160.0,158.0,15129060,2023,8541.8,71,74,84,16.0,3031,158.58571428571426,161.24466666666663,-0.00195694716242667
2023-02-01,158.3,158.12,158.66,157.54,14240340,2023,8541.8,71,74,84,16.0,3001,158.30857142857144,161.21733333333336,0.0001265022137888483
2023-02-02,158.44,158.1,158.59,157.31,11991300,2023,8541.8,72,75,85,16.0,3002,158.34,161.23433333333332,-0.00012648621300281881
2023-02-03,158.09,160.87,163.96,156.76,69539880,2023,8541.8,73,76,86,16.0,3003,158.60857142857142,161.33166666666665,0.017520556609740723
2023-02-06,160.68,160.14,161.76,158.91,28144330,2023,8541.8,76,74,84,16.0,3006,158.9742857142857,161.30666666666667,-0.004537825573444509
2023-02-07,160.5,159.87,161.35,159.51,13954930,2023,8541.8,77,75,85,16.0,3007,159.08714285714285,161.23166666666665,-0.0016860247283625451
2023-02-08,160.01,158.18,160.42,157.82,16688290,2023,8541.8,78,76,86,16.0,3008,159.05428571428573,161.03533333333334,-0.010571089009820511
2023-02-09,158.5,159.19,160.44,157.6,27661050,2023,8541.8,79,77,87,16.0,3009,159.21,160.94766666666666,0.006385130863573174
2023-02-10,159.07,158.68,159.46,158.32,9874270,2023,8541.8,70,73,83,16.0,3010,159.29,160.80666666666667,-0.003203718826559454
2023-02-13,159.47,158.01,159.47,158.0,11418540,2023,8541.8,73,76,86,16.0,3013,159.27714285714288,160.65500000000003,-0.004222334257625526
2023-02-14,157.9,156.52,158.1,155.13,18614580,2023,8541.8,74,77,87,16.0,3014,158.65571428571428,160.42166666666665,-0.009429782925131192
2023-02-15,156.05,153.09,156.07,150.6,27565120,2023,8541.8,75,73,83,16.0,3015,157.64857142857142,160.1076666666667,-0.021914132379248663
2023-02-16,154.01,153.56,154.5,151.62,17324800,2023,8541.8,76,74,84,16.0,3016,156.74714285714285,159.853,0.0030700894898425535
2023-02-17,153.4,153.62,155.08,152.83,13264910,2023,8541.8,77,75,85,16.0,3017,156.0957142857143,159.57033333333337,0.00039072675175821914
2023-02-20,153.62,153.24,154.3,151.62,15317010,2023,8541.8,70,73,83,16.0,3020,155.24571428571429,159.25466666666668,-0.0024736362452805194
2023-02-21,153.61,154.97,156.43,153.61,21395970,2023,8541.8,71,74,84,16.0,3021,154.71571428571428,159.017,0.011289480553380304
2023-02-22,154.89,155.31,156.4,153.5,11653990,2023,8541.8,72,75,85,16.0,3022,154.32999999999998,158.6663333333333,0.002193973027037499
2023-02-24,155.53,154.22,156.98,153.72,9977840,2023,8541.8,74,77,87,16.0,3024,154.00142857142856,158.33466666666666,-0.007018221621273635
2023-02-27,153.9,156.34,157.3,153.5,17130630,2023,8541.8,77,75,85,16.0,3027,154.46571428571428,158.0606666666667,0.013746595772273329
2023-02-28,156.49,157.66,158.09,155.56,18437840,2023,8541.8,78,76,86,16.0,3028,155.0514285714286,157.78933333333333,0.008443136753230052
2023-03-01,158.0,164.5,164.56,157.99,67730800,2023,8541.8,71,74,84,16.0,3001,156.6057142857143,157.86166666666668,0.043384498287454054
2023-03-02,164.18,160.9,164.34,159.5,53198820,2023,8541.8,72,75,85,16.0,3002,157.7,157.819,-0.021884498480243098
2023-03-03,161.2,162.27,163.3,160.9,21331010,2023,8541.8,73,76,86,16.0,3003,158.74285714285716,157.877,0.008514605344934756
2023-03-06,163.2,163.35,164.3,162.52,19513700,2023,8541.8,76,74,84,16.0,3006,159.89142857142858,158.027,0.006655574043261225
2023-03-07,163.8,162.57,163.85,162.0,13857120,2023,8541.8,77,75,85,16.0,3007,161.0842857142857,158.11066666666667,-0.0047750229568411795
2023-03-09,162.21,161.21,163.18,161.12,13951080,2023,8541.8,79,77,87,16.0,3009,161.78,158.2216666666667,-0.00836562711447364
2023-03-10,160.5,160.04,161.29,159.51,17242280,2023,8541.8,70,73,83,16.0,3010,162.11999999999998,158.25666666666666,-0.0072576142919175135
2023-03-13,160.35,159.03,161.62,158.3,20242370,2023,8541.8,73,76,86,16.0,3013,161.3385714285714,158.30499999999998,-0.0063109222694326395
2023-03-14,158.89,161.0,161.4,158.55,17511280,2023,8541.8,74,77,87,16.0,3014,161.35285714285715,158.369,0.012387599823932671
2023-03-15,161.69,159.68,162.48,158.05,24955980,2023,8541.8,75,73,83,16.0,3015,160.98285714285717,158.41133333333335,-0.008198757763975162
2023-03-16,159.85,159.71,160.83,158.5,20918470,2023,8541.8,76,74,84,16.0,3016,160.46285714285713,158.46500000000003,0.00018787575150303049
2023-03-17,160.19,163.29,164.41,159.85,41756740,2023,8541.8,77,75,85,16.0,3017,160.56571428571428,158.63733333333332,0.022415628326341475
2023-03-20,164.4,175.7,176.86,164.14,128096680,2023,8541.8,70,73,83,16.0,3020,162.6357142857143,159.22400000000002,0.07599975503705059
2023-03-21,176.0,170.55,177.25,168.66,107470840,2023,8541.8,71,74,84,16.0,3021,164.13714285714286,159.54666666666668,-0.029311326124075054
2023-03-22,170.0,168.72,171.38,167.7,38941190,2023,8541.8,72,75,85,16.0,3022,165.52142857142857,159.83266666666665,-0.010729991204925349
2023-03-23,168.72,168.84,169.71,167.82,18755770,2023,8541.8,73,76,86,16.0,3023,166.64142857142858,160.13166666666666,0.0007112375533429027
2023-03-24,169.23,169.03,169.49,168.01,14775980,2023,8541.8,74,77,87,16.0,3024,167.97714285714284,160.49333333333334,0.0011253257521914861
2023-03-27,170.2,172.33,173.25,169.74,36031430,2023,8541.8,77,75,85,16.0,3027,169.78,160.93133333333336,0.019523161568952396
2023-03-28,172.94,171.07,172.94,169.1,27050730,2023,8541.8,78,76,86,16.0,3028,170.89142857142858,161.34433333333334,-0.007311553414959815
2023-03-29,171.58,170.95,172.5,169.41,22448680,2023,8541.8,79,77,87,16.0,3029,170.21285714285713,161.77566666666664,-0.0007014672356345786
2023-03-30,170.78,171.71,171.8,170.02,14713810,2023,8541.8,70,73,83,16.0,3030,170.37857142857143,162.282,0.004445744369698801
2023-03-31,172.0,169.83,172.71,168.14,31382430,2023,8541.8,71,74,84,16.0,3031,170.53714285714287,162.84,-0.010948692563042317
2023-04-03,170.99,170.38,171.5,169.0,22791210,2023,8541.8,73,76,86,16.0,3003,170.7571428571429,163.40066666666664,0.0032385326502972767
2023-04-04,171.0,172.55,176.0,170.14,73197080,2023,8541.8,74,77,87,16.0,3004,171.26000000000002,164.03166666666667,0.012736236647493904
2023-04-05,172.55,173.86,174.48,170.58,32905650,2023,8541.8,75,73,83,16.0,3005,171.47857142857143,164.719,0.007592002318168589
2023-04-06,174.02,171.6,175.0,171.3,30250960,2023,8541.8,76,74,84,16.0,3006,171.55428571428573,165.27333333333334,-0.012998964684228786
2023-04-07,171.5,173.09,173.18,171.29,17927510,2023,8541.8,77,75,85,16.0,3007,171.85999999999999,165.866,0.008682983682983814
2023-04-10,173.55,174.54,175.2,173.23,23369990,2023,8541.8,70,73,83,16.0,3010,172.2642857142857,166.54333333333335,0.008377144837945494
2023-04-11,175.5,177.18,182.5,175.2,118205120,2023,8541.8,71,74,84,16.0,3011,173.31428571428572,167.23799999999997,0.015125472671021045
2023-04-12,178.32,178.75,179.78,175.55,37417720,2023,8541.8,72,75,85,16.0,3012,174.51000000000002,167.94099999999997,0.008861045264702438
2023-04-13,179.1,178.73,180.59,176.8,30771170,2023,8541.8,73,76,86,16.0,3013,175.39285714285714,168.41533333333334,-0.00011188811188811432
2023-04-14,179.0,179.5,180.1,177.1,20380880,2023,8541.8,74,77,87,16.0,3014,176.19857142857146,169.03533333333334,0.004308174341185023
2023-04-17,180.85,181.99,182.15,180.08,28695010,2023,8541.8,77,75,85,16.0,3017,177.68285714285713,169.69266666666667,0.013871866295264601
2023-04-18,182.41,184.39,184.97,182.0,41506690,2023,8541.8,78,76,86,16.0,3018,179.29714285714286,170.39400000000003,0.013187537776800706
2023-04-19,184.33,182.01,185.32,180.3,47950670,2023,8541.8,79,77,87,16.0,3019,180.3642857142857,171.042,-0.012907424480720242
2023-04-20,182.03,181.74,182.72,178.64,38613080,2023,8541.8,70,73,83,16.0,3020,181.01571428571427,171.72633333333334,-0.0014834349761001508
2023-04-21,182.0,181.72,183.49,181.21,20942550,2023,8541.8,71,74,84,16.0,3021,181.44,172.449,-0.00011004732034780584
2023-04-24,181.48,181.56,183.88,170.63,44375970,2023,8541.8,74,77,87,16.0,3024,181.8442857142857,173.2,-0.0008804754567466322
2023-04-25,181.5,178.93,182.11,178.0,29273380,2023,8541.8,75,73,83,16.0,3025,181.76285714285714,173.7976666666667,-0.014485569508702278
2023-04-26,179.05,178.38,179.84,178.03,16609200,2023,8541.8,76,74,84,16.0,3026,181.24714285714285,174.421,-0.0030738277538703285
2023-04-27,178.24,183.95,184.87,177.62,49286970,2023,8541.8,77,75,85,16.0,3027,181.18428571428572,175.22899999999998,0.03122547370781481
2023-04-28,184.4,181.13,185.0,179.64,38845710,2023,8541.8,78,76,86,16.0,3028,181.05857142857144,175.82366666666667,-0.015330252786083132
2023-05-02,181.0,177.97,181.86,175.8,33096090,2023,8541.8,72,75,85,16.0,3002,180.52,175.89933333333332,-0.01744603323579752
2023-05-03,177.76,172.87,177.79,172.15,37664120,2023,8541.8,73,76,86,16.0,3003,179.25571428571428,175.97666666666666,-0.028656515143001604
2023-05-04,173.23,173.66,174.24,172.01,20471210,2023,8541.8,74,77,87,16.0,3004,178.12714285714287,176.14133333333336,0.004569908023370095
2023-05-05,173.66,172.09,175.48,171.16,22696940,2023,8541.8,75,73,83,16.0,3005,177.15,176.24966666666668,-0.009040654151790783
2023-05-08,172.6,170.84,172.91,170.65,11491060,2023,8541.8,78,76,86,16.0,3008,176.07285714285715,176.30999999999997,-0.0072636411180196925
2023-05-10,171.3,175.53,176.74,171.12,50981740,2023,8541.8,70,73,83,16.0,3010,174.87000000000003,176.41666666666666,0.02745258721610866
2023-05-11,176.19,174.13,178.11,171.61,50340780,2023,8541.8,71,74,84,16.0,3011,173.86999999999998,176.5186666666667,-0.007975844584971248
2023-05-12,174.3,173.95,175.0,172.61,23451420,2023,8541.8,72,75,85,16.0,3012,173.29571428571427,176.61866666666668,-0.001033710446218361
2023-05-15,174.69,179.04,179.83,173.2,56172480,2023,8541.8,75,73,83,16.0,3015,174.17714285714285,176.863,0.02926128197757971
2023-05-16,179.9,177.05,181.8,176.73,51242280,2023,8541.8,76,74,84,16.0,3016,174.66142857142856,177.1036666666667,-0.011114834673815799
2023-05-17,176.9,176.3,178.38,174.72,37026420,2023,8541.8,77,75,85,16.0,3017,175.26285714285717,177.301,-0.004236091499576378
2023-05-18,176.45,175.26,177.62,174.6,34013060,2023,8541.8,78,76,86,16.0,3018,175.8942857142857,177.39133333333334,-0.005899035734543534
2023-05-19,174.95,174.43,175.09,172.86,31830910,2023,8541.8,79,77,87,16.0,3019,175.73714285714283,177.41033333333334,-0.004735821065844914
2023-05-22,175.22,172.47,175.5,170.85,43986730,2023,8541.8,72,75,85,16.0,3022,175.5,177.43933333333334,-0.011236599208851783
2023-05-23,172.88,166.59,179.6,165.1,180771400,2023,8541.8,73,76,86,16.0,3023,174.44857142857146,177.22266666666664,-0.034092885719255506
2023-05-24,165.51,162.96,166.3,161.84,65947320,2023,8541.8,74,77,87,16.0,3024,172.15142857142857,176.83666666666664,-0.021790023410768966
2023-05-25,163.0,162.3,163.0,160.47,39403460,2023,8541.8,75,73,83,16.0,3025,170.04428571428573,176.34066666666666,-0.004050073637702489
2023-05-26,162.0,164.48,165.4,161.69,37679970,2023,8541.8,76,74,84,16.0,3026,168.3557142857143,175.86500000000004,0.013431916204559302
2023-05-29,165.9,163.6,167.05,162.45,34102090,2023,8541.8,79,77,87,16.0,3029,166.69,175.36066666666665,-0.005350194552529164
2023-05-30,162.15,161.9,165.4,161.5,40687470,2023,8541.8,70,73,83,16.0,3030,164.9,174.774,-0.010391198044009675
2023-05-31,161.51,162.94,163.3,160.9,22984880,2023,8541.8,71,74,84,16.0,3031,163.53857142857143,174.139,0.006423718344657159
2023-06-01,162.9,161.55,163.47,161.5,18719310,2023,8541.8,71,74,84,16.0,3001,162.81857142857143,173.37766666666667,-0.008530747514422399
2023-06-02,161.01,162.58,163.4,161.01,16843170,2023,8541.8,72,75,85,16.0,3002,162.7642857142857,172.73,0.006375735066542765
2023-06-05,162.58,162.47,164.6,161.6,29606900,2023,8541.8,75,73,83,16.0,3005,162.78857142857143,172.08766666666668,-0.0006765899864682456
2023-06-06,162.0,163.16,163.85,161.69,18296880,2023,8541.8,76,74,84,16.0,3006,162.6,171.469,0.004246937896226877
2023-06-07,163.2,164.65,165.87,162.67,32420190,2023,8541.8,77,75,85,16.0,3007,162.75,170.90533333333332,0.009132140230448726
2023-06-08,164.65,166.18,166.6,164.14,21633750,2023,8541.8,78,76,86,16.0,3008,163.36142857142858,170.48033333333333,0.009292438505921652
2023-06-09,166.48,165.58,167.81,164.94,20740950,2023,8541.8,79,77,87,16.0,3009,163.73857142857145,170.05366666666666,-0.0036105427849320026
2023-06-13,165.62,168.43,168.54,165.62,23323940,2023,8541.8,73,76,86,16.0,3013,164.7214285714286,169.53633333333335,0.017212223698514384
2023-06-14,168.63,167.88,169.38,167.01,18772800,2023,8541.8,74,77,87,16.0,3014,165.47857142857143,169.09466666666668,-0.00326545152288793
2023-06-15,168.0,171.86,172.0,166.66,45115400,2023,8541.8,75,73,83,16.0,3015,166.82,168.89100000000002,0.023707410054801148
2023-06-16,171.85,169.87,172.46,169.22,25354110,2023,8541.8,76,74,84,16.0,3016,167.77857142857144,168.791,-0.011579192365879232
2023-06-19,170.48,170.19,171.5,168.3,23524920,2023,8541.8,79,77,87,16.0,3019,168.57,168.67533333333333,0.0018837934891386965
2023-06-20,170.08,169.64,170.97,168.42,18394650,2023,8541.8,70,73,83,16.0,3020,169.06428571428572,168.59366666666665,-0.003231682237499367
2023-06-21,170.18,170.2,171.78,169.16,19263530,2023,8541.8,71,74,84,16.0,3021,169.72428571428574,168.57233333333335,0.003301108229191163
2023-06-22,170.0,168.41,170.55,167.73,17241690,2023,8541.8,72,75,85,16.0,3022,169.72142857142856,168.335,-0.010517038777908327
2023-06-23,168.19,165.8,168.94,165.21,31230930,2023,8541.8,73,76,86,16.0,3023,169.42428571428573,168.0573333333333,-0.015497892049165629
2023-06-26,167.52,166.91,168.6,165.0,27845180,2023,8541.8,76,74,84,16.0,3026,168.71714285714285,167.82266666666666,0.0066948130277442175
2023-06-27,167.42,166.45,167.45,166.0,13933250,2023,8541.8,77,75,85,16.0,3027,168.22857142857143,167.403,-0.0027559762746390826
2023-06-28,166.7,168.05,168.64,166.05,16798010,2023,8541.8,78,76,86,16.0,3028,167.92285714285714,167.103,0.009612496245118729
2023-06-29,168.05,167.88,169.89,167.5,18384430,2023,8541.8,79,77,87,16.0,3029,167.67142857142858,166.82233333333335,-0.0010116036893782487
2023-06-30,167.2,166.86,167.7,166.3,15690440,2023,8541.8,70,73,83,16.0,3030,167.19428571428574,166.54233333333335,-0.006075768406004212
2023-07-03,167.29,166.82,167.8,166.7,10691490,2023,8541.8,73,76,86,16.0,3003,166.96714285714285,166.28866666666667,-0.0002397219225699354
2023-07-04,166.9,165.5,167.0,165.26,14891330,2023,8541.8,74,77,87,16.0,3004,166.92428571428573,166.05633333333333,-0.00791272029732637
2023-07-05,166.01,165.71,166.65,165.02,14587340,2023,8541.8,75,73,83,16.0,3005,166.75285714285715,166.02700000000002,0.0012688821752266932
2023-07-06,166.0,166.36,167.28,165.91,15375700,2023,8541.8,76,74,84,16.0,3006,166.74,166.14033333333333,0.00392251523746312
2023-07-07,166.5,166.34,166.81,165.8,10246700,2023,8541.8,77,75,85,16.0,3007,166.49571428571429,166.275,-0.00012022120702093186
2023-07-10,167.6,167.59,168.75,166.93,19521720,2023,8541.8,70,73,83,16.0,3010,166.45428571428573,166.37866666666665,0.007514728868582399
2023-07-11,167.6,168.85,169.0,167.12,16276140,2023,8541.8,71,74,84,16.0,3011,166.73857142857145,166.5536666666667,0.007518348350140203
2023-07-12,168.99,170.3,170.79,168.93,24651530,2023,8541.8,72,75,85,16.0,3012,167.2357142857143,166.8336666666667,0.008587503701510402
2023-07-13,170.51,168.96,170.93,168.12,19970470,2023,8541.8,73,76,86,16.0,3013,167.73000000000002,167.03433333333334,-0.007868467410452218
2023-07-14,168.56,169.7,170.0,168.3,12111020,2023,8541.8,74,77,87,16.0,3014,168.3,167.306,0.00437973484848464
2023-07-17,169.0,170.63,171.6,168.61,24594290,2023,8541.8,77,75,85,16.0,3017,168.91000000000003,167.57433333333336,0.00548025928108431
2023-07-18,171.0,174.89,175.27,170.67,47642660,2023,8541.8,78,76,86,16.0,3018,170.1314285714286,167.98833333333332,0.024966301353806397
2023-07-19,175.5,173.04,175.7,172.51,32568590,2023,8541.8,79,77,87,16.0,3019,170.91,168.31766666666667,-0.010578077648807804
2023-07-20,172.68,169.92,173.19,168.55,29217050,2023,8541.8,70,73,83,16.0,3020,171.06285714285715,168.49333333333334,-0.018030513176144236
2023-07-21,170.31,171.19,171.97,169.77,16817830,2023,8541.8,71,74,84,16.0,3021,171.19,168.66033333333334,0.007474105461393599
2023-07-24,171.3,171.98,172.5,170.69,15265810,2023,8541.8,74,77,87,16.0,3024,171.62142857142857,168.87366666666668,0.004614755534785964
2023-07-25,172.2,171.86,172.7,171.4,13979060,2023,8541.8,75,73,83,16.0,3025,171.93,168.98799999999997,-0.0006977555529711355
2023-07-26,171.86,171.35,171.93,170.31,14922820,2023,8541.8,76,74,84,16.0,3026,172.03285714285713,169.10366666666667,-0.0029675317118585953
2023-07-27,171.64,172.0,173.1,171.35,16977850,2023,8541.8,77,75,85,16.0,3027,171.61999999999998,169.10833333333332,0.0037934053107675503
2023-07-28,171.9,171.44,172.4,170.0,15616780,2023,8541.8,78,76,86,16.0,3028,171.39142857142858,169.16066666666666,-0.0032558139534883956
2023-07-31,171.98,174.33,175.14,171.8,40474660,2023,8541.8,71,74,84,16.0,3031,172.02142857142857,169.29866666666663,0.016857209519365535
2023-08-01,175.1,173.21,175.44,172.38,35445070,2023,8541.8,71,74,84,16.0,3001,172.30999999999997,169.41766666666666,-0.006424597028623857
2023-08-02,172.9,174.07,175.21,172.5,34736230,2023,8541.8,72,75,85,16.0,3002,172.60857142857145,169.54666666666668,0.004965071300733204
2023-08-03,173.94,177.1,177.35,173.15,60808220,2023,8541.8,73,76,86,16.0,3003,173.35714285714286,169.8363333333333,0.017406790371689462
2023-08-04,177.0,173.46,177.88,172.8,65999320,2023,8541.8,74,77,87,16.0,3004,173.65857142857143,170.09166666666667,-0.020553359683794348
2023-08-07,174.25,172.52,175.3,171.05,31870860,2023,8541.8,77,75,85,16.0,3007,173.73285714285717,170.27866666666668,-0.0054191167992621025
2023-08-08,172.2,172.71,173.64,170.6,29094830,2023,8541.8,78,76,86,16.0,3008,173.91428571428574,170.48733333333334,0.0011013215859030367
2023-08-09,173.5,174.51,175.0,171.69,31584180,2023,8541.8,79,77,87,16.0,3009,173.94000000000003,170.70266666666666,0.010422094841062934
2023-08-10,175.22,176.65,177.1,175.0,50886330,2023,8541.8,70,73,83,16.0,3010,174.43142857142857,170.995,0.01226290756976689
2023-08-11,176.79,176.35,177.0,175.21,23562150,2023,8541.8,71,74,84,16.0,3011,174.75714285714284,171.31133333333335,-0.0016982734220210016
2023-08-14,178.0,177.09,183.89,175.53,163423360,2023,8541.8,74,77,87,16.0,3014,174.75571428571428,171.65366666666665,0.00419620073717053
2023-08-15,175.53,176.16,179.35,175.02,70539510,2023,8541.8,75,73,83,16.0,3015,175.14142857142858,172.00900000000001,-0.005251566999830648
2023-08-16,176.23,174.14,177.1,172.9,48782530,2023,8541.8,76,74,84,16.0,3016,175.37285714285713,172.29,-0.011466848319709455
2023-08-17,174.71,174.14,174.95,172.8,25823720,2023,8541.8,77,75,85,16.0,3017,175.57714285714286,172.54933333333335,0.0
2023-08-18,174.3,175.48,175.71,173.12,19434880,2023,8541.8,78,76,86,16.0,3018,175.71571428571428,172.85399999999998,0.007694958079706105
2023-08-21,176.23,176.36,177.7,175.76,27050170,2023,8541.8,71,74,84,16.0,3021,175.67428571428573,173.14633333333333,0.005014816503305264
2023-08-22,176.4,176.48,177.0,175.18,18200810,2023,8541.8,72,75,85,16.0,3022,175.69285714285712,173.40066666666664,0.0006804264005442207
2023-08-23,176.79,173.65,176.93,173.02,29092300,2023,8541.8,73,76,86,16.0,3023,175.20142857142858,173.51233333333332,-0.01603581142339061
2023-08-24,174.05,174.97,175.92,173.62,16660510,2023,8541.8,74,77,87,16.0,3024,175.03142857142856,173.71266666666668,0.007601497264612789
2023-08-25,175.05,174.7,175.35,174.11,16900260,2023,8541.8,75,73,83,16.0,3025,175.11142857142858,173.8793333333333,-0.0015431216780019685
2023-08-28,174.75,176.2,176.8,174.75,25295280,2023,8541.8,78,76,86,16.0,3028,175.40571428571428,174.065,0.008586147681740153
2023-08-29,176.39,178.69,181.37,175.5,100349910,2023,8541.8,79,77,87,16.0,3029,175.8642857142857,174.19166666666666,0.014131668558456267
2023-08-30,178.9,177.47,178.9,176.77,37475940,2023,8541.8,70,73,83,16.0,3030,176.02285714285716,174.33933333333334,-0.0068274665622026776
2023-08-31,178.0,177.99,179.14,177.15,26372180,2023,8541.8,71,74,84,16.0,3031,176.23857142857145,174.60833333333332,0.0029300726883416672
2023-09-01,178.0,178.22,178.85,177.6,17217010,2023,8541.8,71,74,84,16.0,3001,176.89142857142858,174.84266666666664,0.0012922074273835626
2023-09-04,179.31,181.11,181.81,178.84,46306690,2023,8541.8,74,77,87,16.0,3004,177.76857142857142,175.147,0.016215912916619946
2023-09-05,181.2,182.48,182.8,179.0,57327070,2023,8541.8,75,73,83,16.0,3005,178.88000000000002,175.50100000000003,0.007564463585665981
2023-09-06,183.19,180.96,184.0,180.63,45647780,2023,8541.8,76,74,84,16.0,3006,179.56,175.82133333333334,-0.008329679964927617
2023-09-07,180.95,177.64,181.68,176.5,51507780,2023,8541.8,77,75,85,16.0,3007,179.41,176.00933333333333,-0.018346595932802967
2023-09-08,177.94,175.95,178.17,175.51,30580330,2023,8541.8,78,76,86,16.0,3008,179.19285714285712,176.15966666666665,-0.009513623057869847
2023-09-11,176.02,174.64,177.44,174.02,26939270,2023,8541.8,71,74,84,16.0,3011,178.71428571428572,176.17,-0.007445296959363468
2023-09-12,175.23,177.62,177.7,174.8,23280280,2023,8541.8,72,75,85,16.0,3012,178.6285714285714,176.317,0.01706367384333496
2023-09-13,177.8,174.94,178.0,174.3,23907000,2023,8541.8,73,76,86,16.0,3013,177.74714285714285,176.346,-0.015088390946965458
2023-09-14,175.25,173.52,175.39,173.06,35295220,2023,8541.8,74,77,87,16.0,3014,176.46714285714285,176.22666666666666,-0.008117068709271646
2023-09-15,173.5,173.79,174.76,173.25,18926830,2023,8541.8,75,73,83,16.0,3015,175.44285714285712,176.23766666666668,0.001556016597510368
2023-09-18,174.48,172.8,174.66,172.05,20549190,2023,8541.8,78,76,86,16.0,3018,174.75142857142856,176.24699999999999,-0.005696530295183688
2023-09-19,172.99,168.93,173.94,168.6,43228590,2023,8541.8,79,77,87,16.0,3019,173.74857142857144,176.121,-0.022395833333333393
2023-09-20,169.3,169.11,170.25,167.1,34236440,2023,8541.8,70,73,83,16.0,3020,172.95857142857145,175.94099999999997,0.0010655301012254537
2023-09-21,168.5,165.85,169.38,165.72,30389420,2023,8541.8,71,74,84,16.0,3021,171.27714285714288,175.58100000000002,-0.01927739341257184
2023-09-22,166.12,166.7,167.0,165.1,22550620,2023,8541.8,72,75,85,16.0,3022,170.1,175.25933333333333,0.0051251130539644585
2023-09-25,166.7,165.87,168.05,165.2,24330710,2023,8541.8,75,73,83,16.0,3025,169.00714285714284,174.88533333333334,-0.004979004199160086
2023-09-26,165.83,165.36,165.85,163.51,26742780,2023,8541.8,76,74,84,16.0,3026,167.80285714285716,174.52533333333332,-0.003074697051908104
2023-09-27,165.8,165.53,166.92,165.11,18538940,2023,8541.8,77,75,85,16.0,3027,166.7642857142857,174.23833333333334,0.0010280599903240706
2023-09-28,165.93,169.58,169.77,165.31,28834110,2023,8541.8,78,76,86,16.0,3028,166.85714285714286,174.08633333333333,0.024466864012565814
2023-09-29,169.2,167.09,170.39,166.6,35987790,2023,8541.8,79,77,87,16.0,3029,166.56857142857143,173.8066666666667,-0.014683335298974032
2023-10-02,167.83,166.08,168.86,165.51,24391830,2023,8541.8,72,75,85,16.0,3002,166.60142857142858,173.464,-0.006044646597641923
2023-10-03,166.0,166.75,167.25,164.81,17376720,2023,8541.8,73,76,86,16.0,3003,166.60857142857142,173.13966666666667,0.004034200385356401
2023-10-04,166.61,165.4,167.59,165.15,20157430,2023,8541.8,74,77,87,16.0,3004,166.5414285714286,172.86466666666666,-0.00809595202398794
2023-10-05,165.7,166.06,166.1,164.84,15310360,2023,8541.8,75,73,83,16.0,3005,166.64142857142858,172.5676666666667,0.003990326481257522
2023-10-06,166.29,166.59,166.86,165.1,18321670,2023,8541.8,76,74,84,16.0,3006,166.79285714285714,172.29733333333334,0.003191617487655174
2023-10-09,167.3,167.06,167.97,166.62,21747660,2023,8541.8,79,77,87,16.0,3009,166.43285714285716,171.99266666666665,0.0028212977969865882
2023-10-10,167.37,168.03,168.8,166.86,18583580,2023,8541.8,70,73,83,16.0,3010,166.56714285714287,171.63733333333332,0.00580629713875247
2023-10-11,168.5,167.89,171.4,167.3,59982320,2023,8541.8,71,74,84,16.0,3011,166.82571428571427,171.318,-0.0008331845503779522
2023-10-12,167.9,169.5,169.8,167.4,31850340,2023,8541.8,72,75,85,16.0,3012,167.21857142857144,171.035,0.009589612246113655
2023-10-13,169.9,170.2,170.79,167.15,38618230,2023,8541.8,73,76,86,16.0,3013,167.9042857142857,170.76766666666666,0.004129793510324387
2023-10-16,170.5,172.55,172.91,170.5,41588030,2023,8541.8,76,74,84,16.0,3016,168.83142857142857,170.48233333333334,0.013807285546416193
2023-10-17,172.75,171.97,173.3,171.03,26755630,2023,8541.8,77,75,85,16.0,3017,169.6,170.132,-0.003361344537815225
2023-10-18,172.67,170.18,172.68,168.7,31942840,2023,8541.8,78,76,86,16.0,3018,170.04571428571427,169.77266666666665,-0.010408792231203057
2023-10-19,169.97,170.38,171.0,168.3,31739180,2023,8541.8,79,77,87,16.0,3019,170.3814285714286,169.53066666666666,0.0011752262310493755
2023-10-20,170.38,171.39,172.15,169.12,25370360,2023,8541.8,70,73,83,16.0,3020,170.88142857142856,169.37866666666667,0.005927925812888812
2023-10-23,171.8,170.39,172.44,169.9,19946320,2023,8541.8,73,76,86,16.0,3023,171.00857142857143,169.237,-0.0058346461287123175
2023-10-24,170.4,170.19,171.24,169.76,16175990,2023,8541.8,74,77,87,16.0,3024,171.0071428571429,168.98933333333335,-0.0011737778038616309
2023-10-25,170.2,169.62,170.5,169.0,18127820,2023,8541.8,75,73,83,16.0,3025,170.5885714285714,168.81199999999998,-0.0033491979552264795
2023-10-26,169.99,168.45,170.47,168.4,21080880,2023,8541.8,76,74,84,16.0,3026,170.08571428571426,168.643,-0.006897771489211224
2023-10-27,168.36,167.26,169.45,167.17,21573910,2023,8541.8,77,75,85,16.0,3027,169.6685714285714,168.42533333333333,-0.007064410804393018
2023-10-30,167.26,167.16,168.44,166.35,16443790,2023,8541.8,70,73,83,16.0,3030,169.20857142857145,168.23733333333334,-0.0005978715771851606
2023-10-31,167.0,167.88,168.42,166.7,17254470,2023,8541.8,71,74,84,16.0,3031,168.70714285714283,168.2023333333333,0.004307250538406304
2023-11-01,167.88,170.08,170.23,167.83,21107710,2023,8541.8,71,74,84,16.0,3001,168.66285714285715,168.23466666666667,0.013104598522754474
2023-11-02,170.44,168.18,171.31,168.0,26482540,2023,8541.8,72,75,85,16.0,3002,168.3757142857143,168.31233333333333,-0.011171213546566361
2023-11-03,168.2,169.19,170.0,167.5,16647470,2023,8541.8,73,76,86,16.0,3003,168.31428571428572,168.39533333333333,0.006005470329409013
2023-11-06,169.05,169.48,170.29,168.83,9341830,2023,8541.8,76,74,84,16.0,3006,168.46142857142857,168.51566666666668,0.0017140492936933427
2023-11-07,169.1,168.53,169.98,167.2,21854410,2023,8541.8,77,75,85,16.0,3007,168.64285714285714,168.62133333333335,-0.005605381165919243
2023-11-08,168.8,168.49,169.44,168.47,15410210,2023,8541.8,78,76,86,16.0,3008,168.83285714285714,168.71999999999997,-0.00023734646650441782
2023-11-09,168.5,168.16,169.63,167.58,21016130,2023,8541.8,79,77,87,16.0,3009,168.87285714285713,168.67266666666666,-0.001958573209092651
2023-11-10,168.23,168.25,168.48,167.62,12991180,2023,8541.8,70,73,83,16.0,3010,168.61142857142858,168.7113333333333,0.0005352045670790062
2023-11-13,168.25,167.85,168.89,167.7,13608990,2023,8541.8,73,76,86,16.0,3013,168.56428571428572,168.77033333333333,-0.0023774145616641817
2023-11-14,167.27,165.86,167.29,165.62,25406310,2023,8541.8,74,77,87,16.0,3014,168.0885714285714,168.74066666666664,-0.011855823652070163
2023-11-15,165.8,166.46,167.0,165.52,12828590,2023,8541.8,75,73,83,16.0,3015,167.65714285714287,168.77599999999998,0.003617508742312703
2023-11-16,166.26,165.48,166.81,165.2,12945550,2023,8541.8,76,74,84,16.0,3016,167.2214285714286,168.75666666666666,-0.005887300252312988
2023-11-17,165.4,165.31,165.74,163.48,24194180,2023,8541.8,77,75,85,16.0,3017,166.7671428571429,168.714,-0.0010273144790911015
2023-11-20,165.2,165.51,166.64,164.64,12648660,2023,8541.8,70,73,83,16.0,3020,166.38857142857142,168.66233333333332,0.0012098481640554493
2023-11-21,165.4,165.15,165.68,164.5,11427460,2023,8541.8,71,74,84,16.0,3021,165.94571428571427,168.56633333333332,-0.002175095160413143
2023-11-22,165.3,165.37,166.2,164.82,11543230,2023,8541.8,72,75,85,16.0,3022,165.5914285714286,168.48233333333334,0.0013321223130486892
2023-11-23,165.37,164.11,165.69,164.02,10824190,2023,8541.8,73,76,86,16.0,3023,165.34142857142857,168.30266666666665,-0.007619277982705341
2023-11-24,164.2,164.71,165.19,164.1,13584670,2023,8541.8,74,77,87,16.0,3024,165.0914285714286,168.11966666666666,0.0036560843336785886
2023-11-27,165.19,162.79,165.37,162.01,23704520,2023,8541.8,77,75,85,16.0,3027,164.70714285714286,167.79433333333333,-0.01165685143585704
2023-11-28,162.91,164.21,164.83,161.55,16819340,2023,8541.8,78,76,86,16.0,3028,164.55,167.53566666666666,0.008722894526690839
2023-11-29,164.0,163.17,165.63,162.71,17322090,2023,8541.8,79,77,87,16.0,3029,164.21571428571428,167.30200000000002,-0.006333353632543837
2023-11-30,163.17,163.23,164.62,162.12,12315690,2023,8541.8,70,73,83,16.0,3030,163.94142857142856,167.06366666666665,0.00036771465342888554
2023-12-01,163.22,162.61,164.22,162.56,10935260,2023,8541.8,71,74,84,16.0,3001,163.54714285714286,166.77100000000002,-0.003798321386999759
2023-12-04,162.48,160.01,162.48,159.81,22003990,2023,8541.8,74,77,87,16.0,3004,162.96142857142857,166.425,-0.015989176557407392
2023-12-05,160.17,160.46,161.44,159.1,15034370,2023,8541.8,75,73,83,16.0,3005,162.3542857142857,166.10066666666665,0.002812324229735763
2023-12-06,160.73,158.74,161.41,158.5,15554310,2023,8541.8,76,74,84,16.0,3006,161.7757142857143,165.738,-0.010719182350741652
2023-12-07,158.8,163.38,164.77,157.26,48532400,2023,8541.8,77,75,85,16.0,3007,161.65714285714284,165.56900000000002,0.029230187728360724
2023-12-08,163.9,161.5,164.17,160.5,20195940,2023,8541.8,78,76,86,16.0,3008,161.41857142857143,165.377,-0.011506916391235134
2023-12-11,161.47,164.87,167.14,160.19,53056350,2023,8541.8,71,74,84,16.0,3011,161.65285714285713,165.30066666666667,0.020866873065015445
2023-12-12,164.87,162.46,165.54,161.82,25407880,2023,8541.8,72,75,85,16.0,3012,161.6314285714286,165.12,-0.014617577485291466
2023-12-13,161.99,163.92,164.5,161.82,13393230,2023,8541.8,73,76,86,16.0,3013,162.19000000000003,164.91466666666668,0.00898682752677571
2023-12-14,164.05,160.89,164.76,160.81,16996980,2023,8541.8,74,77,87,16.0,3014,162.25142857142856,164.67166666666665,-0.018484626647145008
2023-12-15,161.05,164.2,164.42,161.02,23929260,2023,8541.8,75,73,83,16.0,3015,163.03142857142856,164.50533333333334,0.020573062340729642
2023-12-18,164.99,167.0,167.32,164.99,33132260,2023,8541.8,78,76,86,16.0,3018,163.54857142857142,164.42266666666666,0.01705237515225333
2023-12-19,167.17,165.48,168.89,165.12,38430430,2023,8541.8,79,77,87,16.0,3019,164.11714285714285,164.321,-0.00910179640718567
2023-12-20,165.33,163.56,165.33,163.12,27649170,2023,8541.8,70,73,83,16.0,3020,163.93,164.15666666666667,-0.0116026105873821
2023-12-21,163.32,161.57,163.71,161.19,26473840,2023,8541.8,71,74,84,16.0,3021,163.80285714285714,163.937,-0.012166788945952578
2023-12-22,161.91,162.09,163.2,161.62,15417240,2023,8541.8,72,75,85,16.0,3022,163.54142857142855,163.73166666666668,0.003218419261001415
2023-12-25,162.49,161.09,162.77,160.4,22398910,2023,8541.8,75,73,83,16.0,3025,163.57,163.50633333333332,-0.006169412055031187
2023-12-26,161.45,161.0,161.8,160.77,18585180,2023,8541.8,76,74,84,16.0,3026,163.11285714285714,163.34433333333334,-0.0005586938978211498
2023-12-27,161.2,159.86,161.4,159.81,23733870,2023,8541.8,77,75,85,16.0,3027,162.09285714285716,163.12433333333334,-0.007080745341614847
2023-12-28,159.98,159.14,160.38,158.22,24873460,2023,8541.8,78,76,86,16.0,3028,161.18714285714285,162.91299999999998,-0.004503940948329954
2023-12-29,159.49,159.52,160.79,159.14,19270880,2023,8541.8,79,77,87,16.0,3029,160.60999999999999,162.72,0.002387834611034423
2024-01-03,159.73,161.44,161.58,159.73,8117860,2024,10714.7,73,76,86,16.0,3003,160.5914285714286,162.58433333333332,0.012036108324974926
2024-01-04,161.51,161.25,161.64,161.0,4888930,2024,10714.7,74,77,87,16.0,3004,160.47142857142856,162.45433333333332,-0.0011769078295341684
2024-01-05,161.2,161.94,162.3,161.07,8784940,2024,10714.7,75,73,83,16.0,3005,160.59285714285716,162.34,0.0042790697674417455
2024-01-08,162.44,163.05,163.2,162.0,11173290,2024,10714.7,78,76,86,16.0,3008,160.8857142857143,162.3046666666667,0.006854390515005582
2024-01-09,163.01,162.41,163.06,161.77,9608200,2024,10714.7,79,77,87,16.0,3009,161.25,162.228,-0.003925176326280422
2024-01-10,162.41,162.87,163.7,162.0,10752210,2024,10714.7,70,73,83,16.0,3010,161.78285714285715,162.23066666666668,0.0028323379102273005
2024-01-11,162.96,162.5,162.96,161.93,13102580,2024,10714.7,71,74,84,16.0,3011,162.20857142857145,162.17366666666666,-0.0022717504758396068
2024-01-12,162.52,163.37,163.98,162.2,14760600,2024,10714.7,72,75,85,16.0,3012,162.4842857142857,162.18033333333332,0.0053538461538462645
2024-01-15,163.8,163.34,164.4,163.26,11074540,2024,10714.7,75,73,83,16.0,3015,162.78285714285715,162.18400000000003,-0.00018363224582240711
2024-01-16,163.2,163.22,164.18,162.37,12202210,2024,10714.7,76,74,84,16.0,3016,162.96571428571428,162.20433333333332,-0.000734663891269749
2024-01-17,163.48,164.04,164.2,163.0,8673260,2024,10714.7,77,75,85,16.0,3017,163.10714285714286,162.33866666666668,0.005023894130621098
2024-01-18,164.12,166.52,167.55,164.12,39396100,2024,10714.7,78,76,86,16.0,3018,163.69428571428574,162.54066666666668,0.015118263838088453
2024-01-19,166.52,165.9,167.62,165.2,23573690,2024,10714.7,79,77,87,16.0,3019,164.12714285714287,162.77933333333334,-0.0037232764833052823
2024-01-22,165.98,166.06,167.0,165.26,13014740,2024,10714.7,72,75,85,16.0,3022,164.6357142857143,162.86866666666666,0.000964436407474345
2024-01-23,166.49,168.31,168.96,165.6,29371870,2024,10714.7,73,76,86,16.0,3023,165.3414285714286,163.09566666666666,0.01354931952306404
2024-01-24,168.36,166.36,168.63,166.2,18385460,2024,10714.7,74,77,87,16.0,3024,165.77285714285716,163.14533333333333,-0.011585764363376994
2024-01-25,166.36,165.42,166.94,165.36,16186240,2024,10714.7,75,73,83,16.0,3025,166.08714285714285,163.244,-0.0056503967299833535
2024-01-26,165.65,163.99,165.95,163.65,21001700,2024,10714.7,76,74,84,16.0,3026,166.07999999999998,163.24633333333333,-0.008644662072300635
2024-01-29,164.0,163.5,164.49,162.85,17106520,2024,10714.7,79,77,87,16.0,3029,165.64857142857142,163.33333333333334,-0.0029879870723825697
2024-01-30,163.31,163.22,163.79,162.71,17847070,2024,10714.7,70,73,83,16.0,3030,165.2657142857143,163.30066666666667,-0.0017125382262996869
2024-01-31,163.42,166.33,166.48,162.9,39753230,2024,10714.7,71,74,84,16.0,3031,165.30428571428573,163.27833333333334,0.01905403749540513
2024-02-01,166.75,165.25,166.75,164.8,20908970,2024,10714.7,71,74,84,16.0,3001,164.86714285714288,163.27066666666667,-0.006493116094510976
2024-02-02,165.15,164.4,167.85,164.4,32746310,2024,10714.7,72,75,85,16.0,3002,164.58714285714288,163.29866666666666,-0.005143721633887988
2024-02-05,164.42,164.87,165.22,163.55,18001250,2024,10714.7,75,73,83,16.0,3005,164.50857142857143,163.40866666666668,0.002858880778588757
2024-02-06,164.87,164.56,165.12,164.04,13180720,2024,10714.7,76,74,84,16.0,3006,164.58999999999997,163.49099999999999,-0.0018802693030872675
2024-02-07,164.56,164.62,165.59,164.34,16397610,2024,10714.7,77,75,85,16.0,3007,164.75,163.60866666666666,0.0003646086533786175
2024-02-08,164.62,163.21,164.96,163.1,17761670,2024,10714.7,78,76,86,16.0,3008,164.74857142857144,163.68233333333333,-0.00856518041550236
2024-02-09,163.48,163.23,163.97,163.2,12339840,2024,10714.7,79,77,87,16.0,3009,164.3057142857143,163.79466666666667,0.0001225415109367134
2024-02-12,163.28,162.49,163.5,162.21,17911680,2024,10714.7,72,75,85,16.0,3012,163.9114285714286,163.90633333333335,-0.004533480365128795
2024-02-13,162.6,162.29,163.9,162.0,15099210,2024,10714.7,73,76,86,16.0,3013,163.60999999999999,163.99866666666668,-0.001230844975075529
2024-02-14,162.38,161.92,162.88,161.07,22048780,2024,10714.7,74,77,87,16.0,3014,163.1885714285714,164.01466666666667,-0.0022798693696469696
2024-02-15,162.09,161.59,162.61,161.31,16636650,2024,10714.7,75,73,83,16.0,3015,162.7642857142857,164.026,-0.0020380434782607537
2024-02-16,161.98,161.19,162.0,161.1,17152230,2024,10714.7,76,74,84,16.0,3016,162.27428571428572,164.001,-0.002475400705489239
2024-02-19,161.34,161.24,162.2,160.84,13029740,2024,10714.7,79,77,87,16.0,3019,161.9928571428571,163.94066666666666,0.0003101929400086689
2024-02-20,161.21,159.5,161.64,159.16,21865050,2024,10714.7,70,73,83,16.0,3020,161.46,163.84366666666665,-0.010791366906474864
2024-02-21,159.6,158.64,160.23,158.3,22520820,2024,10714.7,71,74,84,16.0,3021,160.91,163.70266666666666,-0.005391849529780668
2024-02-22,159.0,158.12,159.1,158.0,17683620,2024,10714.7,72,75,85,16.0,3022,160.31428571428572,163.55666666666667,-0.0032778618255168146
2024-02-26,158.92,160.09,160.56,158.85,16627580,2024,10714.7,76,74,84,16.0,3026,160.05285714285714,163.44733333333335,0.01245889198077399
2024-02-27,160.15,159.04,160.15,158.81,12124860,2024,10714.7,77,75,85,16.0,3027,159.68857142857146,163.304,-0.006558810668998771
2024-02-28,159.19,160.65,162.27,159.05,33721440,2024,10714.7,78,76,86,16.0,3028,159.61142857142858,163.2183333333333,0.010123239436619746
2024-02-29,160.65,161.82,162.3,160.0,18118980,2024,10714.7,79,77,87,16.0,3029,159.6942857142857,163.14433333333332,0.007282913165266081
2024-03-01,161.82,161.34,163.1,161.18,18294730,2024,10714.7,71,74,84,16.0,3001,159.95714285714286,162.9716666666667,-0.0029662588060808126
2024-03-04,161.49,161.24,162.0,160.86,16580320,2024,10714.7,74,77,87,16.0,3004,160.32857142857142,162.81633333333332,-0.0006198090987975524
2024-03-05,161.24,160.98,161.8,160.23,14143780,2024,10714.7,75,73,83,16.0,3005,160.73714285714286,162.647,-0.0016125031009676105
2024-03-06,160.98,161.65,162.0,160.5,13620420,2024,10714.7,76,74,84,16.0,3006,160.96,162.425,0.004162007702820381
2024-03-07,161.65,160.91,162.3,160.75,14213540,2024,10714.7,77,75,85,16.0,3007,161.22714285714284,162.24333333333334,-0.004577791524899566
2024-03-11,161.03,160.56,161.28,160.51,15911070,2024,10714.7,71,74,84,16.0,3011,161.21428571428572,162.08133333333333,-0.0021751289540736796
2024-03-12,160.79,162.99,163.31,160.56,26531930,2024,10714.7,72,75,85,16.0,3012,161.3814285714286,162.04800000000003,0.015134529147982079
2024-03-13,163.2,161.77,163.22,161.1,19204640,2024,10714.7,73,76,86,16.0,3013,161.44285714285715,161.99033333333333,-0.007485121786612647
2024-03-14,161.8,161.1,161.81,160.53,14016060,2024,10714.7,74,77,87,16.0,3014,161.42285714285714,161.91966666666667,-0.004141682635841137
2024-03-15,161.1,160.86,161.42,160.04,14155970,2024,10714.7,75,73,83,16.0,3015,161.4057142857143,161.73733333333334,-0.0014897579143388073
2024-03-18,161.1,160.58,161.43,160.31,14279600,2024,10714.7,78,76,86,16.0,3018,161.25285714285715,161.58166666666665,-0.0017406440382942145
2024-03-19,160.5,158.55,161.25,158.04,38302470,2024,10714.7,79,77,87,16.0,3019,160.9157142857143,161.38666666666668,-0.012641673931996555
2024-03-20,158.6,158.42,158.98,157.75,21082210,2024,10714.7,70,73,83,16.0,3020,160.60999999999999,161.17166666666665,-0.0008199306212552937
2024-03-21,158.79,158.28,159.16,157.87,18125670,2024,10714.7,71,74,84,16.0,3021,159.93714285714285,160.96233333333333,-0.000883726802171303
2024-03-22,158.33,156.44,158.69,156.0,28164310,2024,10714.7,72,75,85,16.0,3022,159.1757142857143,160.68966666666668,-0.01162496841041194
2024-03-25,157.19,158.84,158.97,155.75,26977690,2024,10714.7,75,73,83,16.0,3025,158.85285714285715,160.544,0.015341344924571843
2024-03-26,159.1,157.94,159.45,156.9,28042540,2024,10714.7,76,74,84,16.0,3026,158.43571428571428,160.36766666666665,-0.005666079073281316
2024-03-27,158.0,157.79,158.6,157.2,11874900,2024,10714.7,77,75,85,16.0,3027,158.03714285714287,160.21099999999998,-0.0009497277447132468
2024-03-28,157.79,157.05,157.95,157.04,10233230,2024,10714.7,78,76,86,16.0,3028,157.82285714285715,160.03633333333335,-0.004689777552443042
2024-03-29,157.02,157.22,157.9,156.51,16069360,2024,10714.7,79,77,87,16.0,3029,157.65142857142857,159.87966666666668,0.0010824578159820408
2024-04-01,157.63,158.06,158.25,157.43,16774670,2024,10714.7,71,74,84,16.0,3001,157.61999999999998,159.762,0.00534283170080152
2024-04-02,158.11,164.18,164.98,157.51,72249810,2024,10714.7,72,75,85,16.0,3002,158.72571428571428,159.86166666666668,0.03871947361761352
2024-04-03,164.05,162.63,165.36,162.12,43058980,2024,10714.7,73,76,86,16.0,3003,159.2671428571429,159.90800000000002,-0.009440857595322316
2024-04-04,162.76,162.69,164.3,161.52,30264090,2024,10714.7,74,77,87,16.0,3004,159.94571428571427,160.01433333333335,0.00036893562073414543
2024-04-05,162.75,163.59,164.63,162.1,22832950,2024,10714.7,75,73,83,16.0,3005,160.77428571428572,160.17933333333335,0.005531993361608034
2024-04-08,164.0,163.89,164.9,163.57,16501080,2024,10714.7,78,76,86,16.0,3008,161.75142857142856,160.3716666666667,0.0018338529249952717
2024-04-09,164.0,164.08,165.79,163.49,29074240,2024,10714.7,79,77,87,16.0,3009,162.73142857142858,160.50466666666668,0.0011593141741412794
2024-04-10,164.1,164.74,165.94,163.59,23220690,2024,10714.7,70,73,83,16.0,3010,163.68571428571428,160.69466666666668,0.00402242808386144
2024-04-11,164.97,166.24,166.33,164.15,30798110,2024,10714.7,71,74,84,16.0,3011,163.98000000000002,160.881,0.00910525676824081
2024-04-12,166.52,164.83,166.8,164.69,26345100,2024,10714.7,72,75,85,16.0,3012,164.2942857142857,160.9813333333333,-0.008481713185755524
2024-04-15,165.0,163.33,165.66,163.27,21614160,2024,10714.7,75,73,83,16.0,3015,164.3857142857143,161.04766666666666,-0.009100285142267794
2024-04-16,163.34,164.38,164.78,162.65,19294750,2024,10714.7,76,74,84,16.0,3016,164.49857142857144,161.15233333333333,0.006428702626584126
2024-04-17,164.52,164.62,165.68,163.78,20072810,2024,10714.7,77,75,85,16.0,3017,164.60285714285715,161.27366666666666,0.0014600316340187547
2024-04-18,164.71,165.4,166.1,163.85,17628510,2024,10714.7,78,76,86,16.0,3018,164.79142857142855,161.39866666666666,0.004738184910703547
2024-04-19,165.52,167.03,168.15,165.0,36227630,2024,10714.7,79,77,87,16.0,3019,165.11857142857144,161.60266666666666,0.009854897218863234
2024-04-22,167.2,166.77,167.89,165.55,26962760,2024,10714.7,72,75,85,16.0,3022,165.19428571428574,161.8096666666667,-0.0015566065976171384
2024-04-23,166.59,163.7,167.43,162.62,34991960,2024,10714.7,73,76,86,16.0,3023,165.03285714285715,161.83333333333334,-0.018408586676260885
2024-04-24,163.7,162.86,164.41,162.62,20812190,2024,10714.7,74,77,87,16.0,3024,164.96571428571428,161.86966666666666,-0.005131337813072512
2024-04-25,163.0,163.35,164.2,162.67,14602630,2024,10714.7,75,73,83,16.0,3025,164.81857142857143,161.94466666666668,0.003008719145278116
2024-04-26,163.49,162.46,164.19,162.11,23118270,2024,10714.7,76,74,84,16.0,3026,164.51,161.99800000000002,-0.005448423630241783
2024-04-27,162.69,164.06,166.49,161.7,31254970,2024,10714.7,77,75,85,16.0,3027,164.31857142857143,162.114,0.009848578111535167
2024-04-29,164.1,164.03,165.24,163.83,7827440,2024,10714.7,79,77,87,16.0,3029,163.89000000000001,162.29666666666668,-0.00018285992929412132
2024-04-30,164.35,163.22,164.55,163.22,7189500,2024,10714.7,70,73,83,16.0,3030,163.38285714285715,162.45666666666665,-0.004938121075413027
2024-05-02,163.29,157.75,165.36,156.38,117419850,2024,10714.7,72,75,85,16.0,3002,162.53285714285715,162.439,-0.033513049871339295
2024-05-03,157.4,155.2,157.74,154.0,66285240,2024,10714.7,73,76,86,16.0,3003,161.4385714285714,162.39766666666665,-0.016164817749603877
2024-05-06,155.31,153.64,155.76,153.0,27052990,2024,10714.7,76,74,84,16.0,3006,160.05142857142854,162.2243333333333,-0.010051546391752542
2024-05-07,154.0,154.16,154.96,153.5,16599840,2024,10714.7,77,75,85,16.0,3007,158.8657142857143,162.09833333333333,0.003384535277271672
2024-05-08,154.21,154.22,154.75,154.16,9624330,2024,10714.7,78,76,86,16.0,3008,157.46,161.97933333333333,0.00038920601971970115
2024-05-10,154.22,154.58,154.89,154.22,5027180,2024,10714.7,70,73,83,16.0,3010,156.10999999999999,161.897,0.0023343275839711186
2024-05-13,155.2,157.9,158.65,154.91,36528160,2024,10714.7,73,76,86,16.0,3013,155.35,161.91966666666664,0.02147755207659463
2024-05-14,157.98,156.16,158.4,155.82,18712660,2024,10714.7,74,77,87,16.0,3014,155.12285714285713,161.85633333333334,-0.011019632678910707
2024-05-15,156.31,156.97,157.29,154.91,27244510,2024,10714.7,75,73,83,16.0,3015,155.37571428571428,161.61599999999999,0.005186987704917989
2024-05-16,157.0,157.88,158.1,156.67,24806910,2024,10714.7,76,74,84,16.0,3016,155.98142857142858,161.45766666666665,0.005797286105625243
2024-05-17,158.35,155.17,158.35,154.75,40725570,2024,10714.7,77,75,85,16.0,3017,156.12571428571428,161.207,-0.017164935393970127
2024-05-20,155.31,145.03,155.69,145.01,138805570,2024,10714.7,70,73,83,16.0,3020,154.81285714285715,160.5883333333333,-0.06534768318618278
2024-05-21,144.24,139.54,145.68,137.35,177488970,2024,10714.7,71,74,84,16.0,3021,152.66428571428574,159.77666666666664,-0.037854237054402606
2024-05-22,139.8,139.25,142.2,138.67,54149780,2024,10714.7,72,75,85,16.0,3022,150.0,158.94899999999998,-0.002078257130571859
2024-05-23,139.08,134.69,139.08,133.17,110788890,2024,10714.7,73,76,86,16.0,3023,146.93285714285713,157.94733333333335,-0.03274685816876122
2024-05-24,134.9,133.34,136.45,133.0,58821300,2024,10714.7,74,77,87,16.0,3024,143.55714285714285,156.85066666666668,-0.010023015814091596
2024-05-27,134.2,128.42,134.69,127.56,89295170,2024,10714.7,77,75,85,16.0,3027,139.34857142857143,155.63700000000003,-0.03689815509224548
2024-05-28,128.77,128.47,131.75,126.82,63491780,2024,10714.7,78,76,86,16.0,3028,135.53428571428572,154.475,0.0003893474536678099
2024-05-29,129.0,128.89,129.82,127.12,45104880,2024,10714.7,79,77,87,16.0,3029,133.22857142857143,153.292,0.0032692457383045603
2024-05-30,129.5,124.93,129.53,123.26,45410680,2024,10714.7,70,73,83,16.0,3030,131.14142857142858,151.96900000000002,-0.030723873070059637
2024-05-31,125.0,126.46,127.92,123.81,75228150,2024,10714.7,71,74,84,16.0,3031,129.31428571428572,150.671,0.012246858240614555
2024-06-03,126.68,124.14,128.61,122.09,70714210,2024,10714.7,73,76,86,16.0,3003,127.80714285714285,149.24133333333333,-0.01834572196742046
2024-06-04,124.22,125.1,125.16,122.75,34773460,2024,10714.7,74,77,87,16.0,3004,126.62999999999998,147.85233333333332,0.007733204446592534
2024-06-05,125.72,124.02,126.5,123.63,37352190,2024,10714.7,75,73,83,16.0,3005,126.00142857142858,146.52966666666666,-0.008633093525179825
2024-06-06,124.1,123.6,124.94,123.38,20684110,2024,10714.7,76,74,84,16.0,3006,125.30571428571427,145.221,-0.0033865505563619447
2024-06-07,123.8,122.78,125.82,122.16,47549190,2024,10714.7,77,75,85,16.0,3007,124.43285714285716,143.86866666666666,-0.0066343042071196345
2024-06-10,123.05,119.0,123.64,117.54,85242800,2024,10714.7,70,73,83,16.0,3010,123.58571428571429,142.42,-0.030786773090079822
2024-06-11,119.15,117.53,119.34,116.33,62511320,2024,10714.7,71,74,84,16.0,3011,122.30999999999999,140.869,-0.012352941176470567
2024-06-13,113.0,119.63,119.93,112.07,70245160,2024,10714.7,73,76,86,16.0,3013,121.66571428571429,139.389,0.017867778439547344
2024-06-14,119.96,121.65,122.01,118.89,50038450,2024,10714.7,74,77,87,16.0,3014,121.17285714285713,138.0033333333333,0.01688539663963895
2024-06-17,122.34,121.54,122.68,120.79,28884630,2024,10714.7,77,75,85,16.0,3017,120.81857142857143,136.7963333333333,-0.0009042334566379262
2024-06-18,121.54,118.02,122.04,117.18,40921970,2024,10714.7,78,76,86,16.0,3018,120.02142857142859,135.557,-0.028961658713180904
2024-06-19,118.02,113.85,118.5,112.54,74701120,2024,10714.7,79,77,87,16.0,3019,118.74571428571427,134.23066666666668,-0.035332994407727525
2024-06-20,114.3,115.92,116.39,110.0,176304340,2024,10714.7,70,73,83,16.0,3020,118.30571428571429,132.95600000000002,0.0181818181818183
2024-06-21,116.0,115.4,117.25,114.14,45955860,2024,10714.7,71,74,84,16.0,3021,118.00142857142858,131.66199999999998,-0.004485852311939209
2024-06-24,115.4,113.67,116.35,113.2,27459870,2024,10714.7,74,77,87,16.0,3024,117.14999999999999,130.29833333333332,-0.014991334488734909
2024-06-25,114.01,114.97,115.09,112.46,32091500,2024,10714.7,75,73,83,16.0,3025,116.19571428571429,128.86733333333333,0.011436614762030395
2024-06-26,115.02,117.0,117.25,114.65,39678830,2024,10714.7,76,74,84,16.0,3026,115.54714285714284,127.562,0.01765678002957305
2024-06-27,117.05,115.65,118.37,115.4,30930680,2024,10714.7,77,75,85,16.0,3027,115.20857142857142,126.18466666666667,-0.011538461538461497
2024-06-28,116.33,115.94,116.65,114.88,23970340,2024,10714.7,78,76,86,16.0,3028,115.50714285714287,124.78666666666666,0.0025075659316904364
2024-07-01,116.0,121.4,121.82,116.0,59999040,2024,10714.7,71,74,84,16.0,3001,116.28999999999999,123.661,0.047093324133172354
2024-07-02,121.4,126.2,127.25,120.76,130099950,2024,10714.7,72,75,85,16.0,3002,117.83285714285715,123.03333333333333,0.03953871499176276
2024-07-03,126.22,124.96,129.45,124.14,165369260,2024,10714.7,73,76,86,16.0,3003,119.44571428571429,122.54733333333334,-0.009825673534072932
2024-07-04,125.0,122.17,126.8,121.7,80922630,2024,10714.7,74,77,87,16.0,3004,120.47428571428573,121.978,-0.022327144686299594
2024-07-05,122.01,126.74,127.0,121.2,124619040,2024,10714.7,75,73,83,16.0,3005,121.86571428571429,121.713,0.03740689203568781
2024-07-08,127.5,127.74,128.84,125.25,89852870,2024,10714.7,78,76,86,16.0,3008,123.59285714285716,121.52633333333333,0.007890168849613355
2024-07-09,128.0,124.05,128.97,123.15,90409910,2024,10714.7,79,77,87,16.0,3009,124.75142857142858,121.38066666666667,-0.028886801315171406
2024-07-10,123.98,117.81,125.0,117.75,99730430,2024,10714.7,70,73,83,16.0,3010,124.23857142857142,121.02533333333332,-0.05030229746070125
2024-07-11,117.6,121.75,122.7,117.6,72196900,2024,10714.7,71,74,84,16.0,3011,123.60285714285713,120.78733333333334,0.033443680502504014
2024-07-12,121.9,119.65,122.47,118.23,48210120,2024,10714.7,72,75,85,16.0,3012,122.84428571428573,120.61133333333333,-0.017248459958932205
2024-07-15,120.0,119.28,120.99,118.52,40528050,2024,10714.7,75,73,83,16.0,3015,122.43142857142857,120.372,-0.0030923526953614555
2024-07-16,119.28,124.74,126.01,118.61,93665430,2024,10714.7,76,74,84,16.0,3016,122.14571428571428,120.39200000000001,0.045774647887323994
2024-07-17,125.23,124.46,126.83,123.21,67304690,2024,10714.7,77,75,85,16.0,3017,121.67714285714284,120.37066666666666,-0.002244668911335568
2024-07-18,124.46,129.81,129.85,123.38,89804920,2024,10714.7,78,76,86,16.0,3018,122.5,120.56366666666666,0.04298569821629439
2024-07-19,130.1,130.88,132.47,128.79,92987450,2024,10714.7,79,77,87,16.0,3019,124.36714285714287,120.80633333333334,0.008242816424004262
2024-07-22,131.96,131.61,132.81,130.28,53280240,2024,10714.7,72,75,85,16.0,3022,125.7757142857143,121.10066666666668,0.005577628361858267
2024-07-23,131.65,134.07,135.0,129.57,69161410,2024,10714.7,73,76,86,16.0,3023,127.83571428571427,121.60300000000001,0.01869158878504651
2024-07-24,134.07,136.73,137.28,133.42,64078490,2024,10714.7,74,77,87,16.0,3024,130.32857142857142,122.243,0.019840381890057435
2024-07-25,136.75,135.1,137.14,134.87,41046810,2024,10714.7,75,73,83,16.0,3025,131.8085714285714,122.75866666666666,-0.011921304761208229
2024-07-26,135.1,135.0,136.68,132.59,82134230,2024,10714.7,76,74,84,16.0,3026,133.31428571428572,123.20366666666665,-0.0007401924500369805
2024-07-29,134.49,130.99,134.77,130.12,64635080,2024,10714.7,79,77,87,16.0,3029,133.48285714285714,123.51866666666666,-0.029703703703703677
2024-07-30,130.8,132.4,134.07,130.46,53203780,2024,10714.7,70,73,83,16.0,3030,133.7,123.998,0.010764180471791729
2024-07-31,132.32,133.31,134.49,132.01,48397120,2024,10714.7,71,74,84,16.0,3031,133.94285714285715,124.64666666666668,0.0068731117824774035
2024-08-01,133.48,132.05,134.35,131.51,29614440,2024,10714.7,71,74,84,16.0,3001,133.6542857142857,125.18433333333333,-0.009451654039456803
2024-08-02,132.05,131.45,132.6,129.66,40721860,2024,10714.7,72,75,85,16.0,3002,132.9,125.71933333333335,-0.004543733434305364
2024-08-05,129.05,127.25,130.54,127.0,59664760,2024,10714.7,75,73,83,16.0,3005,131.77857142857144,126.17200000000001,-0.0319513122860402
2024-08-06,128.39,128.7,129.6,127.34,37177160,2024,10714.7,76,74,84,16.0,3006,130.87857142857143,126.62966666666667,0.011394891944989993
2024-08-07,128.87,129.84,130.34,126.18,61768160,2024,10714.7,77,75,85,16.0,3007,130.71428571428572,127.05766666666666,0.008857808857809069
2024-08-08,130.01,128.14,130.91,127.36,39306320,2024,10714.7,78,76,86,16.0,3008,130.1057142857143,127.47399999999999,-0.013093037584719802
2024-08-09,128.01,128.64,129.76,127.27,29420480,2024,10714.7,79,77,87,16.0,3009,129.4385714285714,127.89733333333334,0.00390198220696103
2024-08-12,128.39,128.71,129.35,127.11,25827740,2024,10714.7,72,75,85,16.0,3012,128.96142857142857,128.141,0.0005441542288557866
2024-08-13,128.72,130.49,130.8,128.72,23818940,2024,10714.7,73,76,86,16.0,3013,128.8242857142857,128.284,0.013829539274337721
2024-08-14,130.8,129.84,131.49,129.51,21740580,2024,10714.7,74,77,87,16.0,3014,129.1942857142857,128.44666666666666,-0.004981224614913016
2024-08-15,129.99,127.6,130.31,127.01,25727960,2024,10714.7,75,73,83,16.0,3015,129.03714285714287,128.62766666666667,-0.017252002464571814
2024-08-16,127.6,126.36,128.24,125.26,30450500,2024,10714.7,76,74,84,16.0,3016,128.54,128.61499999999998,-0.009717868338557922
2024-08-19,126.4,126.29,127.69,125.21,30525030,2024,10714.7,79,77,87,16.0,3019,128.2757142857143,128.56666666666666,-0.0005539727761949553
2024-08-20,126.29,125.85,127.64,125.33,28180250,2024,10714.7,70,73,83,16.0,3020,127.87714285714286,128.62666666666667,-0.003484044659118002
2024-08-21,125.46,123.38,126.4,123.03,35983860,2024,10714.7,71,74,84,16.0,3021,127.11571428571428,128.81233333333333,-0.01962653953118787
2024-08-22,123.39,118.51,123.97,117.84,56198040,2024,10714.7,72,75,85,16.0,3022,125.4042857142857,128.70433333333332,-0.039471551304911534
2024-08-23,118.2,116.81,119.24,115.0,60663060,2024,10714.7,73,76,86,16.0,3023,123.54285714285716,128.60966666666667,-0.014344781031136677
2024-08-26,119.5,126.8,128.01,119.49,123258220,2024,10714.7,76,74,84,16.0,3026,123.42857142857143,128.86033333333336,0.08552349970036799
2024-08-27,127.3,124.47,127.98,122.52,92790430,2024,10714.7,77,75,85,16.0,3027,123.15857142857143,128.85133333333334,-0.018375394321766603
2024-08-28,124.34,124.51,125.67,121.0,71155350,2024,10714.7,78,76,86,16.0,3028,122.9042857142857,128.853,0.0003213625773279549
2024-08-29,124.5,130.27,130.91,123.55,165047240,2024,10714.7,79,77,87,16.0,3029,123.53571428571429,128.86833333333334,0.046261344470323706
2024-08-30,130.89,122.97,131.3,122.6,121617930,2024,10714.7,70,73,83,16.0,3030,123.47714285714287,128.60466666666667,-0.05603746065863213
2024-09-02,122.9,123.86,124.73,121.43,82918950,2024,10714.7,72,75,85,16.0,3002,124.24142857142859,128.34633333333332,0.007237537610799372
2024-09-03,124.2,120.6,125.5,118.6,84484940,2024,10714.7,73,76,86,16.0,3003,124.78285714285714,127.89733333333334,-0.026320038753431363
2024-09-04,120.6,122.46,122.9,119.66,45807220,2024,10714.7,74,77,87,16.0,3004,124.16285714285716,127.42166666666667,0.015422885572139222
2024-09-05,123.5,123.76,124.95,121.54,50102670,2024,10714.7,75,73,83,16.0,3005,124.06142857142858,127.04366666666667,0.010615711252653925
2024-09-06,123.76,123.0,124.6,122.26,24886060,2024,10714.7,76,74,84,16.0,3006,123.8457142857143,126.64366666666666,-0.006140917905623877
2024-09-09,123.62,125.04,125.48,123.2,31700150,2024,10714.7,79,77,87,16.0,3009,123.09857142857143,126.44533333333332,0.01658536585365855
2024-09-10,125.5,123.44,125.96,122.82,28019560,2024,10714.7,70,73,83,16.0,3010,123.1657142857143,126.14666666666666,-0.012795905310300726
2024-09-11,123.4,121.62,123.67,121.35,22183380,2024,10714.7,71,74,84,16.0,3011,122.8457142857143,125.757,-0.014744005184705089
2024-09-12,121.6,118.78,121.84,117.32,46788690,2024,10714.7,72,75,85,16.0,3012,122.58571428571429,125.31466666666667,-0.023351422463410598
2024-09-13,118.79,119.91,119.97,116.01,55825340,2024,10714.7,73,76,86,16.0,3013,122.22142857142858,124.92999999999999,0.009513386091934528
2024-09-16,120.6,121.73,122.62,119.52,38854810,2024,10714.7,76,74,84,16.0,3016,121.93142857142857,124.746,0.015178050204319948
2024-09-17,121.91,123.1,123.47,120.17,36877510,2024,10714.7,77,75,85,16.0,3017,121.94571428571429,124.55933333333334,0.011254415509734494
2024-09-18,122.53,122.18,123.9,121.9,30649560,2024,10714.7,78,76,86,16.0,3018,121.53714285714285,124.304,-0.0074735987002435555
2024-09-19,121.9,122.24,123.39,121.21,43382140,2024,10714.7,79,77,87,16.0,3019,121.36571428571428,124.10733333333334,0.0004910787362906177
2024-09-20,122.3,122.4,123.18,121.86,28518020,2024,10714.7,70,73,83,16.0,3020,121.47714285714287,123.89933333333333,0.0013089005235602524
2024-09-23,122.65,130.35,130.8,122.62,138227980,2024,10714.7,73,76,86,16.0,3023,123.13,123.954,0.06495098039215685
2024-09-24,130.9,139.71,139.9,130.66,296528780,2024,10714.7,74,77,87,16.0,3024,125.95857142857143,124.26133333333333,0.07180667433832011
2024-09-25,140.5,135.44,140.99,134.29,150051920,2024,10714.7,75,73,83,16.0,3025,127.91714285714285,124.44800000000001,-0.030563309712976938
2024-09-26,134.91,137.35,138.48,133.64,131197240,2024,10714.7,76,74,84,16.0,3026,129.95285714285714,124.77299999999998,0.014102185469580641
2024-09-27,137.55,140.5,141.77,136.4,86225140,2024,10714.7,77,75,85,16.0,3027,132.57,125.24433333333333,0.0229341099381144
2024-09-30,140.5,138.19,144.2,136.82,237070920,2024,10714.7,70,73,83,16.0,3030,134.84857142857143,125.641,-0.016441281138790065
2024-10-01,137.9,136.21,139.2,134.44,98557620,2024,10714.7,71,74,84,16.0,3001,136.82142857142858,125.98633333333332,-0.01432809899413845
2024-10-02,136.22,132.12,137.16,131.7,66820150,2024,10714.7,72,75,85,16.0,3002,137.0742857142857,126.27766666666668,-0.030027163938036838
2024-10-03,131.6,133.87,134.16,130.32,57363130,2024,10714.7,73,76,86,16.0,3003,136.23999999999998,126.78966666666666,0.013245534362700484
2024-10-04,134.06,133.32,134.49,132.03,28796380,2024,10714.7,74,77,87,16.0,3004,135.93714285714287,127.33999999999999,-0.0041084634346755244
2024-10-07,133.32,133.5,133.66,131.6,25456730,2024,10714.7,77,75,85,16.0,3007,135.38714285714286,127.56333333333332,0.0013501350135014523
2024-10-08,133.11,133.83,134.88,132.9,32048400,2024,10714.7,78,76,86,16.0,3008,134.43428571428572,127.87533333333334,0.0024719101123595877
2024-10-09,133.77,132.51,133.92,131.5,19471090,2024,10714.7,79,77,87,16.0,3009,133.62285714285713,128.142,-0.009863259358888321
2024-10-10,132.5,132.69,133.49,132.15,17588930,2024,10714.7,70,73,83,16.0,3010,133.12,128.22266666666667,0.001358388046185155
2024-10-11,132.94,131.82,132.94,131.52,21593520,2024,10714.7,71,74,84,16.0,3011,133.07714285714286,128.51766666666668,-0.006556635767578589
2024-10-14,131.5,131.92,133.35,130.51,34766880,2024,10714.7,74,77,87,16.0,3014,132.79857142857142,128.78633333333332,0.0007586102260657146
2024-10-15,131.85,133.97,134.4,131.43,28313540,2024,10714.7,75,73,83,16.0,3015,132.89142857142858,129.232,0.015539721043056565
2024-10-16,134.03,137.24,138.8,133.96,78152550,2024,10714.7,76,74,84,16.0,3016,133.4257142857143,129.72466666666665,0.024408449652907338
2024-10-17,137.49,136.05,138.29,134.8,49328930,2024,10714.7,77,75,85,16.0,3017,133.74285714285716,130.13433333333333,-0.008670941416496603
2024-10-18,136.27,135.67,137.3,134.8,26454740,2024,10714.7,78,76,86,16.0,3018,134.1942857142857,130.55666666666667,-0.002793090775450424
2024-10-21,135.68,135.97,136.6,135.11,19256570,2024,10714.7,71,74,84,16.0,3021,134.66285714285715,130.921,0.002211247880887557
2024-10-22,136.12,136.24,140.08,135.51,55318450,2024,10714.7,72,75,85,16.0,3022,135.2942857142857,131.34766666666667,0.0019857321467970923
2024-10-23,136.0,134.76,137.5,134.13,35901510,2024,10714.7,73,76,86,16.0,3023,135.7,131.78566666666666,-0.010863182618907952
2024-10-24,134.94,134.12,135.2,132.15,28816490,2024,10714.7,74,77,87,16.0,3024,135.7214285714286,132.297,-0.004749183734045648
2024-10-25,134.15,133.0,136.5,132.0,55157550,2024,10714.7,75,73,83,16.0,3025,135.1157142857143,132.73333333333332,-0.008350730688935326
2024-10-28,131.98,124.87,132.26,123.5,80459410,2024,10714.7,78,76,86,16.0,3028,133.51857142857142,132.83800000000002,-0.06112781954887214
2024-10-29,125.12,125.97,126.96,121.85,67274150,2024,10714.7,79,77,87,16.0,3029,132.13285714285715,132.93366666666665,0.008809161527989051
2024-10-30,126.16,123.8,127.2,123.52,35262440,2024,10714.7,70,73,83,16.0,3030,130.3942857142857,132.98766666666668,-0.017226323727871695
2024-10-31,123.16,123.44,124.94,122.25,34777610,2024,10714.7,71,74,84,16.0,3031,128.56571428571428,133.02766666666668,-0.0029079159935380128
2024-11-01,123.8,125.6,125.67,122.71,24664670,2024,10714.7,71,74,84,16.0,3001,127.25714285714285,133.13433333333333,0.017498379779649964
2024-11-02,125.74,128.7,129.3,125.01,32521880,2024,10714.7,72,75,85,16.0,3002,126.48285714285714,133.07933333333332,0.024681528662420238
2024-11-05,129.0,128.77,129.37,127.37,23073860,2024,10714.7,75,73,83,16.0,3005,125.87857142857142,132.71466666666666,0.0005439005439007438
2024-11-06,133.11,131.92,136.59,130.4,109221520,2024,10714.7,76,74,84,16.0,3006,126.88571428571429,132.59733333333332,0.024462219461054424
2024-11-07,131.85,135.52,135.54,129.65,52608800,2024,10714.7,77,75,85,16.0,3007,128.25,132.53633333333332,0.027289266221952824
2024-11-08,135.8,135.9,137.0,133.64,64515570,2024,10714.7,78,76,86,16.0,3008,129.97857142857143,132.383,0.002804014167650415
2024-11-11,137.2,138.12,138.33,135.24,45791540,2024,10714.7,71,74,84,16.0,3011,132.07571428571427,132.38066666666666,0.016335540838852136
2024-11-12,137.82,135.16,137.82,134.64,33078360,2024,10714.7,72,75,85,16.0,3012,133.4414285714286,132.3456666666667,-0.0214306400231683
2024-11-13,134.9,132.6,136.65,132.27,32556660,2024,10714.7,73,76,86,16.0,3013,133.99857142857144,132.36166666666665,-0.018940514945250064
2024-11-14,132.02,131.61,133.34,130.67,40544900,2024,10714.7,74,77,87,16.0,3014,134.40428571428572,132.28633333333335,-0.007466063348416152
2024-11-15,131.61,133.37,134.0,131.02,48146470,2024,10714.7,75,73,83,16.0,3015,134.61142857142858,132.288,0.013372844008813889
2024-11-18,129.5,129.12,130.73,128.75,60407760,2024,10714.7,78,76,86,16.0,3018,133.69714285714286,132.142,-0.031866236784884205
2024-11-19,128.98,125.49,129.38,123.8,59160940,2024,10714.7,79,77,87,16.0,3019,132.21,131.86399999999998,-0.02811338289962828
2024-11-20,126.0,121.89,126.78,120.36,61761810,2024,10714.7,70,73,83,16.0,3020,129.89142857142858,131.51000000000002,-0.028687544824288702
2024-11-21,122.2,124.1,124.35,119.62,77481690,2024,10714.7,71,74,84,16.0,3021,128.3114285714286,131.22366666666667,0.018131101813110062
2024-11-22,124.25,119.47,124.32,118.4,72089820,2024,10714.7,72,75,85,16.0,3022,126.43571428571428,130.81199999999998,-0.03730862207896857
2024-11-25,119.5,117.44,120.45,116.06,53827410,2024,10714.7,75,73,83,16.0,3025,124.41142857142857,130.32933333333332,-0.016991713400853814
2024-11-26,117.25,114.5,119.43,114.01,58959310,2024,10714.7,76,74,84,16.0,3026,121.71571428571428,129.68033333333332,-0.025034059945504117
2024-11-27,115.0,119.41,119.81,112.34,93159920,2024,10714.7,77,75,85,16.0,3027,120.32857142857142,129.086,0.042882096069869036
2024-11-28,120.0,120.29,121.5,118.25,54425530,2024,10714.7,78,76,86,16.0,3028,119.58571428571429,128.56066666666666,0.007369567037936564
2024-11-29,120.29,124.29,124.9,119.6,73153340,2024,10714.7,79,77,87,16.0,3029,119.92857142857143,128.18133333333333,0.03325297198437105
2024-12-02,125.0,123.9,125.45,123.51,42710420,2024,10714.7,72,75,85,16.0,3002,119.89999999999999,127.77900000000001,-0.0031378228336953473
2024-12-03,123.9,121.48,124.0,120.71,34810040,2024,10714.7,73,76,86,16.0,3003,120.18714285714285,127.287,-0.019531880548829705
2024-12-04,121.5,115.3,123.46,114.13,87366410,2024,10714.7,74,77,87,16.0,3004,119.88142857142859,126.63833333333334,-0.05087257161672709
2024-12-05,115.8,116.63,117.46,113.0,94830050,2024,10714.7,75,73,83,16.0,3005,120.18571428571428,126.05533333333332,0.01153512575888982
2024-12-06,117.17,114.99,117.32,113.9,48053970,2024,10714.7,76,74,84,16.0,3006,119.55428571428571,125.45499999999998,-0.014061562205264555
2024-12-09,115.76,117.06,117.86,115.0,41851750,2024,10714.7,79,77,87,16.0,3009,119.09285714285714,125.19466666666666,0.018001565353509053
2024-12-10,117.4,114.7,117.47,114.5,38672000,2024,10714.7,70,73,83,16.0,3010,117.72285714285714,124.819,-0.020160601400990963
2024-12-11,114.6,115.16,116.0,113.75,47568650,2024,10714.7,71,74,84,16.0,3011,116.47428571428573,124.53099999999999,0.004010462074978127
2024-12-12,115.16,113.1,115.4,113.0,40241950,2024,10714.7,72,75,85,16.0,3012,115.27714285714286,124.18633333333332,-0.017888155609586676
2024-12-13,113.0,112.86,114.2,112.46,34353520,2024,10714.7,73,76,86,16.0,3013,114.92857142857143,123.76166666666667,-0.0021220159151192908
2024-12-16,112.69,108.71,112.8,108.11,78161020,2024,10714.7,76,74,84,16.0,3016,113.79714285714284,123.09533333333334,-0.03677122098174734
2024-12-17,108.72,107.26,109.47,106.1,67650770,2024,10714.7,77,75,85,16.0,3017,112.69285714285715,122.37833333333334,-0.013338239352405412
2024-12-18,107.46,108.05,108.57,105.22,79060770,2024,10714.7,78,76,86,16.0,3018,111.40571428571427,121.58266666666667,0.007365280626514981
2024-12-19,108.0,107.16,111.16,106.0,164458790,2024,10714.7,79,77,87,16.0,3019,110.32857142857142,120.63733333333333,-0.00823692734844983
2024-12-20,107.16,115.24,116.42,106.88,155013740,2024,10714.7,70,73,83,16.0,3020,110.34,119.94866666666667,0.07540126913027256
2024-12-23,117.18,119.75,120.99,116.58,96363630,2024,10714.7,73,76,86,16.0,3023,111.28999999999999,119.33633333333334,0.03913571676501215
2024-12-24,119.97,121.7,123.25,118.48,109011190,2024,10714.7,74,77,87,16.0,3024,112.55285714285715,118.88766666666666,0.01628392484342389
2024-12-25,121.71,128.11,128.71,121.12,168881530,2024,10714.7,75,73,83,16.0,3025,115.32428571428571,118.738,0.052670501232539024
2024-12-26,128.4,126.89,129.6,125.72,103442830,2024,10714.7,76,74,84,16.0,3026,118.12857142857142,118.58066666666666,-0.009523066115057488
2024-12-27,126.89,127.79,128.3,126.41,49876270,2024,10714.7,77,75,85,16.0,3027,120.94857142857143,118.39466666666665,0.0070927575065018456
2024-12-28,127.79,129.6,130.0,127.7,53033190,2024,10714.7,78,76,86,16.0,3028,124.1542857142857,118.41066666666667,0.014163862587056819
2024-12-30,130.05,133.12,133.36,130.05,52862990,2024,10714.7,70,73,83,16.0,3030,126.70857142857143,118.665,0.02716049382716057
2025-01-03,132.9,128.66,133.0,128.2,45077800,2025,10714.7,73,76,86,16.0,3003,127.98142857142857,118.89066666666666,-0.03350360576923084
2025-01-06,128.0,128.34,128.44,126.53,23704570,2025,10714.7,76,74,84,16.0,3006,128.93,119.032,-0.0024871755013212704
2025-01-08,128.24,129.45,129.89,128.14,21526650,2025,10714.7,78,76,86,16.0,3008,129.12142857142857,119.36466666666666,0.008648901355773564
2025-01-09,129.68,124.01,129.68,123.51,66156670,2025,10714.7,79,77,87,16.0,3009,128.71,119.58366666666667,-0.04202394747006555
2025-01-10,124.51,126.6,127.37,121.31,102667730,2025,10714.7,70,73,83,16.0,3010,128.54,119.98700000000001,0.020885412466736364
2025-01-13,127.96,131.47,132.68,127.72,102891820,2025,10714.7,73,76,86,16.0,3013,128.80714285714288,120.38899999999998,0.0384676145339653
2025-01-14,131.0,132.99,134.82,130.0,91468470,2025,10714.7,74,77,87,16.0,3014,128.78857142857143,120.81233333333333,0.011561572982429436
2025-01-15,133.1,136.36,136.52,131.85,75606700,2025,10714.7,75,73,83,16.0,3015,129.88857142857142,121.21466666666667,0.025340251146702686
2025-01-16,136.36,135.33,137.66,134.11,72504860,2025,10714.7,76,74,84,16.0,3016,130.88714285714286,121.59566666666666,-0.0075535347609270165
2025-01-17,135.33,138.76,139.17,134.7,68351940,2025,10714.7,77,75,85,16.0,3017,132.21714285714285,122.17166666666665,0.025345451858419965
2025-01-20,140.14,137.1,140.96,136.55,79485480,2025,10714.7,70,73,83,16.0,3020,134.08714285714285,122.89833333333333,-0.011963101758431849
2025-01-21,137.1,138.01,138.89,135.22,51049100,2025,10714.7,71,74,84,16.0,3021,135.71714285714285,123.611,0.006637490882567487
2025-01-22,138.15,136.83,139.59,136.0,56189470,2025,10714.7,72,75,85,16.0,3022,136.48285714285714,124.339,-0.00855010506485021
2025-01-23,136.79,137.84,138.0,135.55,37353350,2025,10714.7,73,76,86,16.0,3023,137.1757142857143,125.03166666666668,0.007381422202733301
2025-01-24,138.31,138.43,139.31,137.07,40997950,2025,10714.7,74,77,87,16.0,3024,137.47142857142856,125.82266666666666,0.0042803250145095895
2025-01-27,138.43,134.26,138.96,133.82,46261010,2025,10714.7,77,75,85,16.0,3027,137.31857142857143,126.45933333333333,-0.030123528136964617
2025-01-28,134.03,137.54,138.75,132.77,74617870,2025,10714.7,78,76,86,16.0,3028,137.1442857142857,127.27400000000002,0.0244302100402205
2025-01-29,137.78,137.05,139.0,136.0,32928780,2025,10714.7,79,77,87,16.0,3029,137.13714285714286,128.08033333333333,-0.003562599970917457
2025-01-30,137.05,140.47,140.77,136.79,67516680,2025,10714.7,70,73,83,16.0,3030,137.48857142857145,129.139,0.024954396205764118
2025-01-31,140.55,140.84,144.29,139.6,104745440,2025,10714.7,71,74,84,16.0,3031,138.06142857142856,130.25833333333333,0.002634014380294758
2025-02-03,140.45,139.63,142.15,138.4,61419880,2025,10714.7,73,76,86,16.0,3003,138.31714285714284,131.311,-0.008591309287134363
2025-02-04,139.95,136.84,140.58,136.6,50420110,2025,10714.7,74,77,87,16.0,3004,138.09,132.30033333333333,-0.01998137935973643
2025-02-05,136.85,140.45,140.49,136.1,67187500,2025,10714.7,75,73,83,16.0,3005,138.9742857142857,133.14066666666665,0.026381175095001375
2025-02-06,140.52,141.98,143.43,139.1,73238430,2025,10714.7,76,74,84,16.0,3006,139.60857142857142,133.88166666666666,0.010893556425774387
2025-02-07,142.2,141.9,143.13,141.01,39550870,2025,10714.7,77,75,85,16.0,3007,140.30142857142854,134.555,-0.0005634596422030569
2025-02-10,142.67,142.46,144.62,141.93,62348530,2025,10714.7,70,73,83,16.0,3010,140.58571428571426,135.03333333333333,0.003946441155743496
2025-02-11,142.28,142.97,143.9,140.77,46769990,2025,10714.7,71,74,84,16.0,3011,140.89000000000001,135.56933333333333,0.0035799522673030104
2025-02-12,143.03,154.6,154.6,143.03,233150190,2025,10714.7,72,75,85,16.0,3012,143.02857142857144,136.46300000000002,0.08134573686787427
2025-02-13,159.1,166.32,175.19,156.33,533021120,2025,10714.7,73,76,86,16.0,3013,147.24,137.68699999999998,0.07580853816300137
2025-02-14,169.94,168.1,173.93,163.07,325611890,2025,10714.7,74,77,87,16.0,3014,151.19,138.853,0.010702260702260658
2025-02-17,172.02,180.05,180.05,171.1,214122040,2025,10714.7,77,75,85,16.0,3017,156.62857142857143,140.566,0.07108863771564566
2025-02-18,181.0,171.2,184.8,169.0,319221210,2025,10714.7,78,76,86,16.0,3018,160.8142857142857,141.99466666666666,-0.049153013051930095
2025-02-19,172.22,176.25,177.8,169.12,140445300,2025,10714.7,79,77,87,16.0,3019,165.64142857142858,143.5546666666667,0.02949766355140193
2025-02-20,176.26,173.0,176.44,172.23,84843560,2025,10714.7,70,73,83,16.0,3020,169.93142857142857,145.18766666666667,-0.018439716312056764
2025-02-21,173.0,171.09,174.38,167.61,101892300,2025,10714.7,71,74,84,16.0,3021,172.28714285714287,146.6706666666667,-0.01104046242774559
2025-02-24,170.47,177.16,177.2,169.22,115933550,2025,10714.7,74,77,87,16.0,3024,173.83571428571426,148.19366666666667,0.03547840317961293
2025-02-25,177.2,175.1,179.77,173.74,101106090,2025,10714.7,75,73,83,16.0,3025,174.83571428571426,149.59733333333332,-0.011627906976744207
2025-02-26,175.7,169.26,175.7,168.75,102026480,2025,10714.7,76,74,84,16.0,3026,173.2942857142857,150.694,-0.0333523700742433
2025-02-27,169.26,166.7,171.84,166.22,115618730,2025,10714.7,77,75,85,16.0,3027,172.65142857142857,151.73966666666666,-0.015124660285950609
2025-02-28,166.34,170.87,172.0,163.53,146393550,2025,10714.7,78,76,86,16.0,3028,171.88285714285715,152.80999999999997,0.025014997000599948
2025-03-03,171.5,169.26,172.73,163.35,154916540,2025,10714.7,73,76,86,16.0,3003,171.34857142857143,153.882,-0.00942236788201567
2025-03-04,170.0,173.92,175.3,169.55,99290710,2025,10714.7,74,77,87,16.0,3004,171.75285714285715,155.079,0.027531608176769362
2025-03-05,173.55,170.95,178.0,170.26,131050640,2025,10714.7,75,73,83,16.0,3005,170.8657142857143,156.21633333333332,-0.01707681692732288
2025-03-06,171.0,172.93,175.71,170.0,86510360,2025,10714.7,76,74,84,16.0,3006,170.55571428571426,157.386,0.011582334015794116
2025-03-07,172.6,171.56,174.79,168.13,85018390,2025,10714.7,77,75,85,16.0,3007,170.8842857142857,158.4903333333333,-0.007922280691609385
2025-03-10,171.97,171.09,172.78,170.15,35410310,2025,10714.7,70,73,83,16.0,3010,171.51142857142855,159.718,-0.0027395663324784048
2025-03-11,171.09,170.42,172.5,169.15,61143390,2025,10714.7,71,74,84,16.0,3011,171.44714285714286,160.814,-0.003916067566777759
2025-03-12,170.42,168.29,171.14,167.7,46487190,2025,10714.7,72,75,85,16.0,3012,171.30857142857144,161.85533333333333,-0.012498533036028658
2025-03-13,168.3,168.11,171.7,160.71,214675050,2025,10714.7,73,76,86,16.0,3013,170.47857142857143,162.77666666666667,-0.0010695822687026846
2025-03-14,167.22,170.45,171.47,164.38,110594810,2025,10714.7,74,77,87,16.0,3014,170.40714285714284,163.76366666666667,0.013919457498066556
2025-03-17,170.45,172.73,174.84,170.34,115976400,2025,10714.7,77,75,85,16.0,3017,170.3785714285714,164.867,0.013376356702845316
2025-03-18,173.39,168.52,174.48,167.55,141726140,2025,10714.7,78,76,86,16.0,3018,169.9442857142857,165.92300000000003,-0.02437329936895727
2025-03-19,169.0,168.33,169.78,165.57,74132780,2025,10714.7,79,77,87,16.0,3019,169.54999999999998,166.85233333333332,-0.0011274626157132817
2025-03-20,168.7,168.09,169.0,165.67,83481470,2025,10714.7,70,73,83,16.0,3020,169.21714285714285,167.72266666666667,-0.001425770807342741
2025-03-21,167.0,166.61,168.94,166.02,54323230,2025,10714.7,71,74,84,16.0,3021,168.97714285714287,168.5463333333333,-0.008804806948658372
2025-03-24,166.4,164.56,166.63,163.11,44708200,2025,10714.7,74,77,87,16.0,3024,168.47,169.283,-0.012304183422363724
2025-03-25,164.95,164.46,166.33,160.25,84616820,2025,10714.7,75,73,83,16.0,3025,167.6142857142857,169.99933333333334,-0.0006076810889644735
2025-03-26,165.2,161.85,167.26,161.21,58679870,2025,10714.7,76,74,84,16.0,3026,166.06,170.24099999999999,-0.015870120394016918
2025-03-27,161.5,155.25,162.4,154.9,90863590,2025,10714.7,77,75,85,16.0,3027,164.16428571428574,169.87199999999999,-0.040778498609823854
2025-03-28,155.0,145.43,156.11,145.2,169580410,2025,10714.7,78,76,86,16.0,3028,160.89285714285714,169.11633333333333,-0.0632528180354267
2025-03-31,145.41,145.69,147.49,140.5,113809760,2025,10714.7,71,74,84,16.0,3031,157.69285714285715,167.97099999999998,0.0017878016915353623
2025-04-01,146.09,137.5,147.82,136.7,156100030,2025,10714.7,71,74,84,16.0,3001,153.53428571428572,166.84766666666664,-0.05621525156153473
2025-04-02,137.5,139.23,139.98,135.44,107535040,2025,10714.7,72,75,85,16.0,3002,149.91571428571427,165.61366666666666,0.012581818181818027
2025-04-03,139.8,134.54,143.01,130.73,150937530,2025,10714.7,73,76,86,16.0,3003,145.64142857142855,164.33166666666665,-0.03368526897938662
2025-04-04,136.0,126.7,136.66,126.4,178689570,2025,10714.7,74,77,87,16.0,3004,140.62,162.85199999999998,-0.0582726326742975
2025-04-07,126.0,125.57,129.69,118.1,246777960,2025,10714.7,77,75,85,16.0,3007,136.38,161.13233333333332,-0.008918705603788601
2025-04-08,126.6,121.91,128.94,121.36,110693830,2025,10714.7,78,76,86,16.0,3008,133.02,159.35933333333335,-0.029147089272915427
2025-04-09,120.77,127.76,128.62,116.6,213129370,2025,10714.7,79,77,87,16.0,3009,130.45857142857145,157.976,0.04798621934213765
2025-04-10,128.48,127.77,131.0,124.64,153296370,2025,10714.7,70,73,83,16.0,3010,129.06857142857143,156.67833333333334,7.827175954910892e-05
2025-04-11,127.76,132.91,133.59,127.38,126458420,2025,10714.7,71,74,84,16.0,3011,128.16571428571427,155.413,0.04022853564999607
2025-04-14,134.36,132.05,137.0,130.66,127461650,2025,10714.7,74,77,87,16.0,3014,127.81000000000002,154.1726666666667,-0.006470543977127319
2025-04-15,132.0,131.6,134.3,129.74,80694900,2025,10714.7,75,73,83,16.0,3015,128.51,152.762,-0.0034078000757290505
2025-04-16,131.6,132.0,134.0,129.02,84950240,2025,10714.7,76,74,84,16.0,3016,129.42857142857142,151.46366666666665,0.003039513677811634
2025-04-17,132.52,136.79,137.48,132.4,110560710,2025,10714.7,77,75,85,16.0,3017,131.5542857142857,150.259,0.03628787878787865
2025-04-18,134.6,134.77,136.31,133.03,96727500,2025,10714.7,78,76,86,16.0,3018,132.5557142857143,149.03266666666664,-0.014767161342203239
2025-04-21,136.4,139.53,140.0,135.29,95448040,2025,10714.7,71,74,84,16.0,3021,134.2357142857143,147.98066666666668,0.03531943310825847
2025-04-22,139.8,145.0,146.79,138.51,182226180,2025,10714.7,72,75,85,16.0,3022,135.96285714285713,147.13333333333333,0.03920303877302378
2025-04-23,145.25,143.38,145.97,138.58,198410840,2025,10714.7,73,76,86,16.0,3023,137.58142857142857,146.303,-0.01117241379310352
2025-04-24,144.0,144.29,146.78,143.54,105241790,2025,10714.7,74,77,87,16.0,3024,139.3942857142857,145.509,0.0063467708188031935
2025-04-25,145.03,150.23,150.8,144.64,170697220,2025,10714.7,75,73,83,16.0,3025,141.99857142857144,144.835,0.04116709404671148
2025-04-28,152.0,153.27,157.45,149.05,276547850,2025,10714.7,78,76,86,16.0,3028,144.35285714285715,144.18633333333335,0.020235638687346125
2025-04-29,153.27,149.25,154.5,147.21,132410920,2025,10714.7,79,77,87,16.0,3029,146.42142857142858,143.54399999999998,-0.026228224701507208
2025-04-30,149.34,149.89,153.95,147.11,203045570,2025,10714.7,70,73,83,16.0,3030,147.90142857142857,142.92933333333335,0.004288107202679914
2025-05-02,149.7,138.89,149.7,138.15,105845280,2025,10714.7,72,75,85,16.0,3002,147.02857142857144,141.956,-0.07338715057708989
2025-05-05,138.98,135.09,141.85,131.53,221380320,2025,10714.7,75,73,83,16.0,3005,145.84428571428572,140.90533333333332,-0.02735978112175086
2025-05-06,134.92,137.71,139.5,132.33,204858750,2025,10714.7,76,74,84,16.0,3006,144.90428571428572,140.01033333333334,0.01939447775557035
2025-05-07,137.76,139.9,140.38,136.76,112962170,2025,10714.7,77,75,85,16.0,3007,143.42857142857142,139.19166666666666,0.01590298453271366
2025-05-08,140.06,142.9,144.77,140.03,145783600,2025,10714.7,78,76,86,16.0,3008,141.94714285714286,138.56,0.021443888491779806
2025-05-12,144.05,146.73,149.39,143.1,210041920,2025,10714.7,72,75,85,16.0,3012,141.58714285714285,138.27599999999998,0.026801959412176224
2025-05-13,146.98,145.64,147.5,144.83,80206180,2025,10714.7,73,76,86,16.0,3013,140.98,138.283,-0.0074286103727936315
2025-05-14,145.93,141.74,146.8,141.59,101414090,2025,10714.7,74,77,87,16.0,3014,141.38714285714286,138.15133333333333,-0.026778357594067437
2025-05-15,141.65,139.44,143.18,137.86,154679680,2025,10714.7,75,73,83,16.0,3015,142.00857142857143,138.21599999999998,-0.01622689431353186
2025-05-16,139.89,139.1,140.82,133.5,186039790,2025,10714.7,76,74,84,16.0,3016,142.20714285714286,138.21166666666664,-0.0024383247274814
2025-05-19,139.4,139.72,143.64,138.88,191063900,2025,10714.7,79,77,87,16.0,3019,142.18142857142857,138.38433333333333,0.0044572250179726325
2025-05-20,140.02,137.1,140.5,134.99,95710800,2025,10714.7,70,73,83,16.0,3020,141.35285714285715,138.73100000000002,-0.018751789292871468
2025-05-21,137.0,136.5,141.99,135.25,136285100,2025,10714.7,71,74,84,16.0,3021,139.89142857142858,139.09533333333331,-0.004376367614879584
2025-05-22,136.2,130.87,136.84,130.07,188984160,2025,10714.7,72,75,85,16.0,3022,137.78142857142856,139.39399999999998,-0.04124542124542119
2025-05-23,131.0,131.13,131.5,128.81,76880440,2025,10714.7,73,76,86,16.0,3023,136.2657142857143,139.50633333333332,0.001986704363108327
2025-05-26,130.67,125.52,130.98,124.18,119026370,2025,10714.7,76,74,84,16.0,3026,134.27714285714288,139.43133333333333,-0.042781972088766884
2025-05-27,125.38,127.41,127.82,122.57,106322530,2025,10714.7,77,75,85,16.0,3027,132.60714285714286,139.248,0.015057361376673128
2025-05-28,127.41,131.95,132.4,127.05,98404920,2025,10714.7,78,76,86,16.0,3028,131.49714285714285,139.24466666666666,0.035632995840200854
2025-05-29,132.3,129.42,132.4,129.21,66316700,2025,10714.7,79,77,87,16.0,3029,130.4,139.172,-0.01917392951875707
2025-05-30,129.35,132.26,133.05,128.33,84542380,2025,10714.7,70,73,83,16.0,3030,129.7942857142857,139.18066666666667,0.02194405810539335
2025-06-02,132.37,129.87,132.95,126.8,152458650,2025,10714.7,72,75,85,16.0,3002,129.65142857142857,138.95,-0.01807046726145456
2025-06-03,130.05,130.56,131.18,128.64,56516870,2025,10714.7,73,76,86,16.0,3003,129.57,138.80966666666666,0.00531300531300527
2025-06-04,130.57,129.58,132.43,128.72,76519600,2025,10714.7,74,77,87,16.0,3004,130.15,138.478,-0.007506127450980338
2025-06-05,129.9,129.48,130.46,128.91,39116740,2025,10714.7,75,73,83,16.0,3005,130.44571428571427,137.96066666666667,-0.0007717240314865093
2025-06-06,129.4,125.56,132.4,125.51,112797100,2025,10714.7,76,74,84,16.0,3006,129.53285714285715,137.36666666666667,-0.030274945937596498
2025-06-09,125.67,123.5,126.5,122.67,68090870,2025,10714.7,79,77,87,16.0,3009,128.68714285714285,136.67366666666666,-0.016406498884995235
2025-06-10,123.88,122.8,124.27,121.85,47777960,2025,10714.7,70,73,83,16.0,3010,127.33571428571429,135.75933333333333,-0.005668016194331993
2025-06-11,123.06,122.84,123.59,122.22,29945840,2025,10714.7,71,74,84,16.0,3011,126.33142857142856,134.745,0.0003257328990229347
2025-06-13,124.1,123.39,124.49,123.06,20278100,2025,10714.7,73,76,86,16.0,3013,125.30714285714286,133.883,0.004477368935200232
2025-06-16,123.85,123.05,126.75,122.66,61236260,2025,10714.7,76,74,84,16.0,3016,124.37428571428572,132.98833333333332,-0.0027554907204797585
2025-06-17,123.18,127.17,128.0,122.68,70981050,2025,10714.7,77,75,85,16.0,3017,124.0442857142857,132.59766666666667,0.03348232425843167
2025-06-18,127.44,126.67,127.87,125.51,51366530,2025,10714.7,78,76,86,16.0,3018,124.20285714285716,132.317,-0.003931744908390322
2025-06-19,126.94,125.92,127.35,125.0,47831440,2025,10714.7,79,77,87,16.0,3019,124.54857142857144,131.924,-0.005920896818504828
2025-06-20,125.82,124.27,126.66,123.4,46445250,2025,10714.7,70,73,83,16.0,3020,124.75857142857141,131.403,-0.013103557814485467
2025-06-23,124.88,124.28,125.82,123.51,42578240,2025,10714.7,73,76,86,16.0,3023,124.96428571428571,130.78233333333333,8.046994447585831e-05
2025-06-24,124.25,125.13,125.4,122.86,39648080,2025,10714.7,74,77,87,16.0,3024,125.21285714285713,130.06233333333333,0.006839394914708752
2025-06-25,125.01,126.35,126.99,124.53,42176260,2025,10714.7,75,73,83,16.0,3025,125.6842857142857,129.41933333333333,0.009749860145448652
2025-06-26,126.4,126.69,128.24,125.43,36709800,2025,10714.7,76,74,84,16.0,3026,125.61571428571429,128.91766666666666,0.002690937870993393
2025-06-27,126.76,127.59,128.19,125.57,53371930,2025,10714.7,77,75,85,16.0,3027,125.74714285714285,128.52266666666665,0.007103954534690926
2025-06-30,127.62,129.89,130.55,126.3,74582900,2025,10714.7,70,73,83,16.0,3030,126.31428571428572,128.21566666666666,0.01802649110431842
2025-07-01,129.98,128.26,131.17,127.9,53430410,2025,10714.7,71,74,84,16.0,3001,126.88428571428572,127.83366666666667,-0.01254907999076138
2025-07-02,128.45,127.11,129.2,126.26,45445110,2025,10714.7,72,75,85,16.0,3002,127.28857142857143,127.50066666666666,-0.008966162482457407
2025-07-03,127.12,127.85,129.4,126.3,48314630,2025,10714.7,73,76,86,16.0,3003,127.67714285714285,127.21233333333335,0.005821729210919724
2025-07-04,127.39,127.83,128.8,126.6,35326400,2025,10714.7,74,77,87,16.0,3004,127.88857142857144,127.111,-0.00015643332029724455
2025-07-07,127.72,124.02,127.91,123.33,51492920,2025,10714.7,77,75,85,16.0,3007,127.50714285714285,126.87400000000001,-0.02980521004459047
2025-07-08,123.7,121.03,124.7,120.89,48836530,2025,10714.7,78,76,86,16.0,3008,126.57000000000001,126.72433333333333,-0.02410901467505233
2025-07-09,121.02,119.67,122.16,118.11,59248710,2025,10714.7,79,77,87,16.0,3009,125.11,126.46633333333332,-0.011236883417334531
2025-07-10,120.0,120.32,121.42,119.37,37475380,2025,10714.7,70,73,83,16.0,3010,123.97571428571428,126.07866666666668,0.005431603576502075
2025-07-11,120.33,116.24,120.59,116.02,61242280,2025,10714.7,71,74,84,16.0,3011,122.42285714285715,125.63933333333333,-0.03390957446808507
2025-07-14,116.39,122.3,122.5,115.0,104644150,2025,10714.7,74,77,87,16.0,3014,121.63,125.30733333333335,0.05213351686166545
2025-07-15,122.5,121.63,122.8,121.17,41481520,2025,10714.7,75,73,83,16.0,3015,120.74428571428571,125.03266666666667,-0.005478331970564243
2025-07-16,121.79,122.83,123.8,120.85,55391840,2025,10714.7,76,74,84,16.0,3016,120.57428571428571,124.775,0.009865987009783694
2025-07-17,122.85,120.8,123.6,120.63,38041300,2025,10714.7,77,75,85,16.0,3017,120.54142857142857,124.48233333333333,-0.016526907107384248
2025-07-18,120.76,126.75,126.85,120.11,90816870,2025,10714.7,78,76,86,16.0,3018,121.55285714285712,124.39133333333332,0.04925496688741715
2025-07-21,126.76,128.34,129.81,126.58,73959710,2025,10714.7,71,74,84,16.0,3021,122.69857142857143,124.484,0.01254437869822489
2025-07-22,128.15,129.07,129.63,127.3,44261960,2025,10714.7,72,75,85,16.0,3022,124.53142857142858,124.66966666666667,0.005688016206950142
2025-07-23,129.1,129.2,130.3,128.8,50133820,2025,10714.7,73,76,86,16.0,3023,125.51714285714286,124.883,0.0010072053924226054
2025-07-24,129.01,128.04,129.69,127.01,32916610,2025,10714.7,74,77,87,16.0,3024,126.43285714285715,125.05633333333334,-0.008978328173374628
2025-07-25,128.25,126.5,129.15,125.67,56385550,2025,10714.7,75,73,83,16.0,3025,126.95714285714284,125.16,-0.012027491408934665
2025-07-28,126.63,122.86,126.82,122.02,69765370,2025,10714.7,78,76,86,16.0,3028,127.25142857142858,125.15366666666667,-0.028774703557312264
2025-07-29,123.28,122.69,123.91,122.05,39206960,2025,10714.7,79,77,87,16.0,3029,126.67142857142858,125.00433333333334,-0.0013836887514243612
2025-07-30,122.7,121.34,122.89,121.0,27774960,2025,10714.7,70,73,83,16.0,3030,125.67142857142856,124.82666666666665,-0.011003341755644214
2025-07-31,121.48,122.57,122.84,120.7,28338610,2025,10714.7,71,74,84,16.0,3031,124.74285714285713,124.71499999999999,0.010136805670017957
2025-08-01,123.01,121.63,124.84,120.12,48907340,2025,10714.7,71,74,84,16.0,3001,123.66142857142857,124.627,-0.00766908705229663
2025-08-04,122.33,125.94,126.05,121.75,65248890,2025,10714.7,74,77,87,16.0,3004,123.36142857142856,124.68233333333335,0.03543533667680676
2025-08-05,125.9,125.98,126.82,124.8,49613660,2025,10714.7,75,73,83,16.0,3005,123.28714285714285,124.71066666666667,0.00031761156106080435
2025-08-06,126.29,130.11,132.9,123.73,186385460,2025,10714.7,76,74,84,16.0,3006,124.32285714285715,124.836,0.03278298142562308
2025-08-07,130.2,134.24,136.0,129.4,295955340,2025,10714.7,77,75,85,16.0,3007,125.97285714285714,125.08766666666666,0.03174237183921291
2025-08-08,134.74,141.16,141.58,132.6,211552510,2025,10714.7,78,76,86,16.0,3008,128.80428571428573,125.53999999999999,0.05154946364719892
2025-08-11,144.1,140.0,144.4,137.9,190876130,2025,10714.7,71,74,84,16.0,3011,131.2942857142857,125.877,-0.00821762538962878
2025-08-12,140.0,140.8,141.43,138.52,77423880,2025,10714.7,72,75,85,16.0,3012,134.03285714285715,126.295,0.005714285714285783
2025-08-13,141.0,139.39,141.94,138.95,95113520,2025,10714.7,73,76,86,16.0,3013,135.95428571428573,126.70433333333334,-0.010014204545454763
2025-08-14,139.37,140.26,140.79,137.16,106670580,2025,10714.7,74,77,87,16.0,3014,137.99428571428572,127.118,0.006241480737499083
2025-08-15,140.4,142.53,143.45,139.67,117191480,2025,10714.7,75,73,83,16.0,3015,139.76857142857142,127.60799999999999,0.016184229288464413
2025-08-18,138.14,139.5,141.98,135.69,190784870,2025,10714.7,78,76,86,16.0,3018,140.52,128.124,-0.02125868238265627
2025-08-19,140.5,137.81,140.8,136.88,101884930,2025,10714.7,79,77,87,16.0,3019,140.04142857142858,128.68333333333334,-0.012114695340501802
2025-08-20,137.82,135.31,138.44,134.7,76288910,2025,10714.7,70,73,83,16.0,3020,139.37142857142857,129.20466666666667,-0.018140918656120775
2025-08-21,135.21,131.13,135.48,130.34,117557300,2025,10714.7,71,74,84,16.0,3021,137.98999999999998,129.565,-0.030892025718720073
2025-08-22,131.15,132.57,132.73,130.38,63726330,2025,10714.7,72,75,85,16.0,3022,137.0157142857143,130.10933333333335,0.010981468771448233
2025-08-25,132.56,132.38,132.9,129.7,66811410,2025,10714.7,75,73,83,16.0,3025,135.89000000000001,130.4453333333333,-0.001433205099192869
2025-08-26,132.24,133.69,134.44,132.1,56329870,2025,10714.7,76,74,84,16.0,3026,134.62714285714284,130.84733333333332,0.009895754645716792
2025-08-27,133.32,135.51,136.26,132.83,63420020,2025,10714.7,77,75,85,16.0,3027,134.05714285714285,131.27,0.013613583663699469
2025-08-28,135.86,133.25,135.89,131.52,76666090,2025,10714.7,78,76,86,16.0,3028,133.40571428571428,131.685,-0.01667773596044564
2025-08-29,133.7,135.88,136.47,131.89,93599280,2025,10714.7,79,77,87,16.0,3029,133.48714285714286,131.98933333333335,0.019737335834896674
2025-09-01,135.86,134.91,137.45,133.85,71105180,2025,10714.7,71,74,84,16.0,3001,134.02714285714288,132.20833333333334,-0.007138651751545488
2025-09-02,135.03,132.18,136.41,130.45,122662420,2025,10714.7,72,75,85,16.0,3002,133.97142857142856,132.31199999999998,-0.02023571269735369
2025-09-03,132.34,132.18,132.68,130.68,48140000,2025,10714.7,73,76,86,16.0,3003,133.94285714285712,132.41133333333335,0.0
2025-09-04,132.17,130.8,132.59,129.83,57063950,2025,10714.7,74,77,87,16.0,3004,133.53,132.50333333333333,-0.010440308669995457
2025-09-05,131.0,131.87,132.5,130.91,39869800,2025,10714.7,75,73,83,16.0,3005,133.01000000000002,132.68233333333333,0.00818042813455655
2025-09-08,132.0,133.48,134.0,131.6,48323960,2025,10714.7,78,76,86,16.0,3008,133.04285714285714,133.03633333333332,0.012208993705922433
2025-09-09,133.65,133.52,133.96,132.52,33873600,2025,10714.7,79,77,87,16.0,3009,132.7057142857143,133.39733333333334,0.00029967036260125646
2025-09-10,133.48,130.73,133.58,130.07,62725880,2025,10714.7,70,73,83,16.0,3010,132.10857142857142,133.71033333333332,-0.020895745955662237
2025-09-11,130.96,130.02,131.33,128.88,49394930,2025,10714.7,71,74,84,16.0,3011,131.8,133.9586666666667,-0.005431041077028853
2025-09-12,130.33,125.44,130.45,125.15,84610920,2025,10714.7,72,75,85,16.0,3012,130.83714285714288,134.08566666666667,-0.03522534994616222
2025-09-15,125.43,124.07,126.6,123.5,72988830,2025,10714.7,75,73,83,16.0,3015,129.87571428571428,134.02333333333334,-0.01092155612244905
2025-09-16,124.07,122.58,125.33,121.81,68568340,2025,10714.7,76,74,84,16.0,3016,128.54857142857142,133.91,-0.012009349560731852
2025-09-17,122.62,125.0,125.44,121.87,52979900,2025,10714.7,77,75,85,16.0,3017,127.33714285714287,133.73966666666666,0.01974220916952185
2025-09-18,125.28,122.77,125.28,122.16,74130390,2025,10714.7,78,76,86,16.0,3018,125.80142857142857,133.35733333333332,-0.017840000000000078
2025-09-19,122.85,120.44,123.8,120.0,74312600,2025,10714.7,79,77,87,16.0,3019,124.33142857142856,132.66666666666666,-0.018978577828459686
2025-09-22,120.5,119.5,120.97,117.72,85770530,2025,10714.7,72,75,85,16.0,3022,122.82857142857142,131.98333333333332,-0.007804716041182269
2025-09-23,119.52,117.11,121.5,116.86,74457750,2025,10714.7,73,76,86,16.0,3023,121.63857142857141,131.19366666666667,-0.020000000000000018
2025-09-24,117.66,118.9,119.66,115.88,73704390,2025,10714.7,74,77,87,16.0,3024,120.89999999999999,130.51066666666668,0.015284774997865291
2025-09-25,118.95,117.66,119.4,116.68,36809930,2025,10714.7,75,73,83,16.0,3025,120.19714285714285,129.75733333333335,-0.010428931875525738
2025-09-26,117.6,120.15,120.55,117.06,56771260,2025,10714.7,76,74,84,16.0,3026,119.50428571428571,129.01133333333334,0.02116267210606848
2025-09-29,119.95,117.05,120.59,116.36,69773310,2025,10714.7,79,77,87,16.0,3029,118.68714285714285,128.263,-0.025801081980857288
2025-09-30,117.07,118.19,118.49,116.11,49803700,2025,10714.7,70,73,83,16.0,3030,118.36571428571429,127.609,0.00973942759504487
2025-10-01,118.24,116.43,118.99,115.5,65042000,2025,10714.7,71,74,84,16.0,3001,117.92714285714285,126.97966666666667,-0.014891276757762806
2025-10-02,116.37,116.07,117.45,115.26,43987840,2025,10714.7,72,75,85,16.0,3002,117.77857142857144,126.47766666666666,-0.0030919866013915387
2025-10-03,116.11,115.09,117.11,114.85,41513210,2025,10714.7,73,76,86,16.0,3003,117.23428571428573,125.895,-0.008443180839148745
2025-10-06,115.24,119.17,119.44,113.49,106080170,2025,10714.7,76,74,84,16.0,3006,117.45,125.45466666666668,0.03545051698670609
2025-10-07,118.76,118.74,120.22,117.74,57025760,2025,10714.7,77,75,85,16.0,3007,117.24857142857142,124.95633333333333,-0.003608290677183934
2025-10-08,118.74,114.22,119.33,113.39,85323350,2025,10714.7,78,76,86,16.0,3008,116.84428571428573,124.24666666666667,-0.03806636348324066
2025-10-09,114.94,116.83,117.8,111.81,102488900,2025,10714.7,79,77,87,16.0,3009,116.64999999999999,123.69933333333333,0.02285063911749252
2025-10-10,116.84,115.18,118.08,115.11,57570610,2025,10714.7,70,73,83,16.0,3010,116.47142857142858,123.00933333333333,-0.014123084824103294
2025-10-13,115.0,115.84,117.46,114.34,67544360,2025,10714.7,73,76,86,16.0,3013,116.43857142857142,122.37366666666667,0.0057301614863691785
2025-10-14,116.04,115.27,116.39,114.27,39482640,2025,10714.7,74,77,87,16.0,3014,116.46428571428571,121.81,-0.004920580110497341
2025-10-15,115.31,115.13,117.26,114.5,46640120,2025,10714.7,75,73,83,16.0,3015,115.88714285714286,121.24166666666666,-0.0012145397761776922
2025-10-16,115.13,124.36,124.64,114.79,169825180,2025,10714.7,76,74,84,16.0,3016,116.68999999999998,121.027,0.08017024233475212
2025-10-17,124.36,124.74,126.75,122.55,102807290,2025,10714.7,77,75,85,16.0,3017,118.19285714285714,120.78933333333333,0.0030556449018976917
2025-10-20,126.0,126.02,127.78,125.1,91437670,2025,10714.7,70,73,83,16.0,3020,119.50571428571428,120.54066666666668,0.010261343594677008
2025-10-21,126.0,120.9,126.19,117.5,167947320,2025,10714.7,71,74,84,16.0,3021,120.32285714285715,120.11999999999999,-0.040628471671163235
2025-10-22,121.23,119.14,122.2,117.61,84718710,2025,10714.7,72,75,85,16.0,3022,120.79428571428572,119.73366666666668,-0.01455748552522751
2025-10-23,116.0,117.8,118.79,115.0,62241710,2025,10714.7,73,76,86,16.0,3023,121.15571428571427,119.32633333333334,-0.011247272116837403
2025-10-24,117.9,116.94,119.09,115.73,57038810,2025,10714.7,74,77,87,16.0,3024,121.41428571428573,119.04299999999999,-0.00730050933786075
2025-10-27,116.94,115.16,116.98,115.1,46407070,2025,10714.7,77,75,85,16.0,3027,120.10000000000001,118.74600000000001,-0.01522148110141952
2025-10-28,115.3,116.43,117.46,114.35,48131180,2025,10714.7,78,76,86,16.0,3028,118.91285714285713,118.541,0.011028134769017095
2025-10-29,116.6,116.37,117.35,115.85,30684620,2025,10714.7,79,77,87,16.0,3029,117.53428571428572,118.25333333333333,-0.0005153311002319416
2025-10-30,116.35,117.25,118.29,116.03,49775350,2025,10714.7,70,73,83,16.0,3030,117.01285714285713,118.06933333333333,0.007562086448397398
2025-10-31,117.1,116.11,117.59,115.48,32105100,2025,10714.7,71,74,84,16.0,3031,116.58,117.925,-0.009722814498933863
2025-11-01,116.35,116.2,116.6,115.95,9047650,2025,10714.7,71,74,84,16.0,3001,116.35142857142857,117.815,0.0007751270347085004
2025-11-03,116.65,117.52,118.1,116.43,18724960,2025,10714.7,73,76,86,16.0,3003,116.4342857142857,117.82866666666665,0.0113597246127366
2025-11-05,117.39,116.46,117.51,116.15,33692050,2025,10714.7,75,73,83,16.0,3005,116.62,117.74733333333332,-0.009019741320626329
2025-11-06,116.59,117.12,117.4,116.23,23007810,2025,10714.7,76,74,84,16.0,3006,116.71857142857144,117.72933333333334,0.005667181865018023
2025-11-07,117.0,120.45,121.29,116.86,83253630,2025,10714.7,77,75,85,16.0,3007,117.30142857142857,117.73933333333333,0.028432377049180335
2025-11-10,120.52,119.34,122.84,119.26,71198200,2025,10714.7,70,73,83,16.0,3010,117.60000000000001,117.81566666666667,-0.009215442092154413
2025-11-11,119.6,121.53,121.8,119.01,36726630,2025,10714.7,71,74,84,16.0,3011,118.37428571428572,117.92699999999999,0.018350930115635933
2025-11-12,121.55,119.14,121.9,118.42,41179240,2025,10714.7,72,75,85,16.0,3012,118.7942857142857,118.01733333333333,-0.019665926108779708
2025-11-13,119.14,119.28,120.13,118.65,26770470,2025,10714.7,73,76,86,16.0,3013,119.0457142857143,118.12433333333334,0.001175088131609936
2025-11-14,119.25,118.16,119.91,117.63,30982730,2025,10714.7,74,77,87,16.0,3014,119.28857142857143,118.22666666666666,-0.009389671361502372
2025-11-17,118.33,118.14,119.71,117.02,44709580,2025,10714.7,77,75,85,16.0,3017,119.4342857142857,118.19233333333334,-0.00016926201760325554
2025-11-18,118.15,121.06,122.5,117.7,95132540,2025,10714.7,78,76,86,16.0,3018,119.52142857142859,118.26966666666667,0.024716438124259277
2025-11-19,121.62,124.0,127.0,121.42,147439850,2025,10714.7,79,77,87,16.0,3019,120.18714285714285,118.59566666666666,0.024285478275235306
