Date,Open,Close,High,Low,Volume,Year,Revenue_bn,Oil_Brent_USD,USD_RUB,EUR_RUB,CB_Rate,MOEX_Index,MA_7,MA_30,Returns
2020-02-14,463.0,459.1,467.2,456.85,616820,2020,0.7,74,77,87,16.0,3014,453.50714285714287,451.56,-0.0036892361111110494
2020-02-17,459.0,458.7,462.2,454.4,760150,2020,0.7,77,75,85,16.0,3017,454.7285714285714,452.65999999999997,-0.0008712698758440718
2020-02-18,457.0,451.05,459.6,450.0,700330,2020,0.7,78,76,86,16.0,3018,455.66428571428565,453.4733333333333,-0.016677567037279184
2020-02-19,454.0,454.7,460.1,452.05,790730,2020,0.7,79,77,87,16.0,3019,457.7642857142857,454.22999999999996,0.00809222924287778
2020-02-20,458.65,459.0,461.2,456.0,494050,2020,0.7,70,73,83,16.0,3020,458.3357142857143,455.1116666666667,0.009456784693204323
2020-02-21,453.7,456.8,458.95,453.7,354550,2020,0.7,71,74,84,16.0,3021,457.16428571428565,455.45166666666665,-0.004793028322440107
2020-02-25,447.7,442.5,451.8,441.6,1245320,2020,0.7,75,73,83,16.0,3025,454.55000000000007,454.6983333333333,-0.031304728546409866
2020-02-26,441.6,439.3,443.2,437.05,1753080,2020,0.7,76,74,84,16.0,3026,451.72142857142853,454.0883333333333,-0.007231638418079056
2020-02-27,437.3,430.6,438.0,421.5,1684210,2020,0.7,77,75,85,16.0,3027,447.70714285714286,453.15333333333336,-0.019804234008650057
2020-02-28,420.0,395.85,423.85,395.85,3317200,2020,0.7,78,76,86,16.0,3028,439.82142857142856,450.8333333333333,-0.08070134695773334
2020-03-02,410.0,398.7,425.3,395.05,2500560,2020,0.7,72,75,85,16.0,3002,431.82142857142856,448.5316666666667,0.007199696854869098
2020-03-03,408.0,407.15,410.0,401.0,1565090,2020,0.7,73,76,86,16.0,3003,424.4142857142857,446.43666666666667,0.02119388011035861
2020-03-04,404.3,404.55,406.65,398.95,1572140,2020,0.7,74,77,87,16.0,3004,416.95,444.4883333333334,-0.006385852879774001
2020-03-05,408.5,401.6,408.95,399.1,1088340,2020,0.7,75,73,83,16.0,3005,411.10714285714283,442.6666666666667,-0.007292052898282053
2020-03-06,396.1,375.05,399.1,373.25,3127310,2020,0.7,76,74,84,16.0,3006,401.92857142857144,440.16833333333335,-0.06611055776892438
2020-03-10,337.55,324.0,356.95,309.0,3983640,2020,0.7,70,73,83,16.0,3010,386.7,435.83500000000004,-0.13611518464204775
2020-03-11,330.45,317.75,336.75,313.1,2516620,2020,0.7,71,74,84,16.0,3011,375.5428571428571,431.6266666666667,-0.019290123456790154
2020-03-12,305.0,285.9,307.9,285.9,3063200,2020,0.7,72,75,85,16.0,3012,359.42857142857144,425.98499999999996,-0.1002360346184108
2020-03-13,285.0,286.6,303.95,279.0,3323700,2020,0.7,73,76,86,16.0,3013,342.20714285714286,420.2916666666667,0.0024484085344527173
2020-03-16,286.6,264.0,286.6,259.0,3017340,2020,0.7,76,74,84,16.0,3016,322.12857142857143,413.9533333333333,-0.07885554780181447
2020-03-17,264.4,252.0,289.0,243.7,2778940,2020,0.7,77,75,85,16.0,3017,300.75714285714287,407.47166666666664,-0.045454545454545414
2020-03-18,240.0,240.0,251.45,233.0,2321900,2020,0.7,78,76,86,16.0,3018,281.4642857142857,400.7116666666667,-0.04761904761904767
2020-03-19,245.05,269.0,270.0,236.0,3852200,2020,0.7,79,77,87,16.0,3019,273.60714285714283,394.82,0.12083333333333335
2020-03-20,277.0,281.4,299.95,274.35,5172450,2020,0.7,70,73,83,16.0,3020,268.4142857142857,389.025,0.04609665427509291
2020-03-23,260.1,265.5,277.8,257.05,2987260,2020,0.7,73,76,86,16.0,3023,265.5,382.87,-0.056503198294242996
2020-03-24,278.0,280.0,290.0,269.5,3212760,2020,0.7,74,77,87,16.0,3024,264.5571428571429,377.38666666666666,0.05461393596986808
2020-03-25,288.8,291.5,306.95,281.1,4087200,2020,0.7,75,73,83,16.0,3025,268.4857142857143,372.43666666666667,0.04107142857142865
2020-03-26,291.5,297.7,301.55,283.0,2288610,2020,0.7,76,74,84,16.0,3026,275.01428571428573,367.1933333333334,0.02126929674099487
2020-03-27,299.95,290.0,351.95,278.7,3285030,2020,0.7,77,75,85,16.0,3027,282.15714285714284,361.36,-0.025864964729593543
2020-03-30,280.2,287.05,290.65,280.0,2213260,2020,0.7,70,73,83,16.0,3030,284.73571428571427,355.5683333333333,-0.010172413793103408
2020-03-31,295.2,305.0,305.0,292.0,2569160,2020,0.7,71,74,84,16.0,3031,288.10714285714283,350.4316666666667,0.06253265981536305
2020-04-01,298.2,300.7,302.8,291.25,1861420,2020,0.7,71,74,84,16.0,3001,293.13571428571424,345.165,-0.014098360655737774
2020-04-02,315.55,315.5,325.0,305.5,3871760,2020,0.7,72,75,85,16.0,3002,298.20714285714286,340.6466666666667,0.04921849018955782
2020-04-03,321.8,333.1,341.65,316.3,6038130,2020,0.7,73,76,86,16.0,3003,304.15000000000003,336.5933333333333,0.05578446909667201
2020-04-06,342.0,339.4,342.0,335.2,3382440,2020,0.7,76,74,84,16.0,3006,310.10714285714283,332.6066666666667,0.018913239267487114
2020-04-07,343.9,336.8,346.8,332.05,3000990,2020,0.7,77,75,85,16.0,3007,316.79285714285714,328.6066666666667,-0.0076605774896876255
2020-04-08,336.8,338.9,341.4,333.7,1468480,2020,0.7,78,76,86,16.0,3008,324.2,325.15333333333336,0.006235154394299114
2020-04-09,344.4,341.65,348.25,340.1,4984490,2020,0.7,79,77,87,16.0,3009,329.4357142857143,321.8983333333333,0.008114488049572044
2020-04-10,341.5,337.0,342.2,327.0,1585030,2020,0.7,70,73,83,16.0,3010,334.62142857142857,318.7783333333333,-0.013610420020488734
2020-04-13,340.0,332.1,341.0,327.65,1686960,2020,0.7,73,76,86,16.0,3013,336.99285714285713,316.65333333333336,-0.014540059347180945
2020-04-14,334.5,325.0,337.6,323.7,2171350,2020,0.7,74,77,87,16.0,3014,335.8357142857143,314.19666666666666,-0.021379102679915718
2020-04-15,320.0,308.2,323.25,305.1,2341590,2020,0.7,75,73,83,16.0,3015,331.37857142857143,310.89833333333337,-0.051692307692307704
2020-04-16,307.0,304.0,315.95,297.0,2882240,2020,0.7,76,74,84,16.0,3016,326.6928571428571,307.5466666666667,-0.013627514600908497
2020-04-17,312.75,310.1,314.7,305.7,1798170,2020,0.7,77,75,85,16.0,3017,322.57857142857137,304.4966666666667,0.020065789473684204
2020-04-20,307.3,310.0,312.55,306.45,1214400,2020,0.7,70,73,83,16.0,3020,318.0571428571429,302.3283333333333,-0.00032247662044504466
2020-04-21,300.0,303.95,305.5,296.2,3125700,2020,0.7,71,74,84,16.0,3021,313.3357142857143,301.65999999999997,-0.01951612903225808
2020-04-22,297.0,316.0,317.5,296.95,3117000,2020,0.7,72,75,85,16.0,3022,311.0357142857143,301.60166666666663,0.0396446784010529
2020-04-23,319.0,319.2,322.5,313.45,2146350,2020,0.7,73,76,86,16.0,3023,310.2071428571429,302.7116666666667,0.010126582278481067
2020-04-24,319.7,314.35,319.7,311.1,1431630,2020,0.7,74,77,87,16.0,3024,311.0857142857143,303.63666666666666,-0.015194235588972371
2020-04-27,314.3,316.0,318.5,312.0,1162310,2020,0.7,77,75,85,16.0,3027,312.8,305.37,0.005248926355972516
2020-04-28,321.0,321.95,344.9,319.0,4159150,2020,0.7,78,76,86,16.0,3028,314.49285714285713,307.70166666666665,0.018829113924050622
2020-04-29,323.5,330.35,334.3,323.05,2828410,2020,0.7,79,77,87,16.0,3029,317.40000000000003,310.7133333333333,0.026091007920484577
2020-04-30,336.9,335.45,344.5,331.05,2674650,2020,0.7,70,73,83,16.0,3030,321.90000000000003,312.92833333333334,0.01543817163614336
2020-05-04,331.95,329.55,331.95,323.6,1343060,2020,0.7,74,77,87,16.0,3004,323.83571428571435,314.53333333333336,-0.01758831420479945
2020-05-05,335.5,334.15,336.95,331.15,1728190,2020,0.7,75,73,83,16.0,3005,325.9714285714286,316.82166666666666,0.013958428159611458
2020-05-06,336.4,331.05,336.4,330.5,1753840,2020,0.7,76,74,84,16.0,3006,328.35714285714283,318.52333333333337,-0.009277270686817163
2020-05-07,331.7,329.85,333.65,328.5,2014020,2020,0.7,77,75,85,16.0,3007,330.3357142857143,319.8016666666666,-0.0036248300860897142
2020-05-08,330.8,331.9,331.9,326.0,848920,2020,0.7,78,76,86,16.0,3008,331.75714285714287,320.94166666666666,0.00621494618766083
2020-05-12,330.0,328.3,331.5,325.0,1840860,2020,0.7,72,75,85,16.0,3012,331.4642857142857,322.2183333333333,-0.01084664055438378
2020-05-13,325.3,322.3,326.9,322.05,1041220,2020,0.7,73,76,86,16.0,3013,329.5857142857143,323.3933333333333,-0.018275967103259183
2020-05-14,322.0,316.65,324.2,315.6,2140620,2020,0.7,74,77,87,16.0,3014,327.74285714285713,323.7816666666667,-0.017530251318647383
2020-05-15,321.1,320.2,323.6,318.05,1478220,2020,0.7,75,73,83,16.0,3015,325.75,324.4316666666666,0.011211116374546082
2020-05-18,327.0,329.95,329.95,322.3,3036090,2020,0.7,78,76,86,16.0,3018,325.59285714285716,324.9133333333333,0.030449718925671387
2020-05-19,330.0,328.05,333.1,328.05,2490450,2020,0.7,79,77,87,16.0,3019,325.3357142857143,324.745,-0.0057584482497347045
2020-05-20,329.2,333.3,334.0,326.2,2895630,2020,0.7,70,73,83,16.0,3020,325.5357142857143,324.5416666666667,0.016003657978966634
2020-05-21,334.1,328.75,338.3,327.0,2009610,2020,0.7,71,74,84,16.0,3021,325.59999999999997,324.27333333333337,-0.01365136513651366
2020-05-22,325.2,327.45,329.0,321.05,1467410,2020,0.7,72,75,85,16.0,3022,326.3357142857143,323.89166666666665,-0.003954372623574232
2020-05-25,326.25,332.85,333.15,326.25,940730,2020,0.7,75,73,83,16.0,3025,328.65000000000003,323.59833333333336,0.01649106733852501
2020-05-26,335.3,334.0,337.3,333.0,2558150,2020,0.7,76,74,84,16.0,3026,330.6214285714286,323.49833333333333,0.0034550097641579125
2020-05-27,333.8,334.0,335.45,330.0,2143490,2020,0.7,77,75,85,16.0,3027,331.2,323.56166666666667,0.0
2020-05-28,334.2,336.0,337.7,332.4,2238480,2020,0.7,78,76,86,16.0,3028,332.3357142857143,323.92833333333334,0.0059880239520957446
2020-05-29,335.0,333.0,336.0,332.35,1735820,2020,0.7,79,77,87,16.0,3029,332.29285714285714,324.755,-0.008928571428571397
2020-06-01,336.0,337.5,339.7,334.75,1700570,2020,0.7,71,74,84,16.0,3001,333.54285714285714,325.87166666666667,0.013513513513513598
2020-06-02,339.85,345.0,346.0,337.2,2765710,2020,0.7,72,75,85,16.0,3002,336.05000000000007,327.03499999999997,0.022222222222222143
2020-06-03,348.85,352.4,357.65,346.55,4886630,2020,0.7,73,76,86,16.0,3003,338.84285714285716,328.4483333333333,0.021449275362318776
2020-06-04,352.0,345.0,352.0,342.1,3182400,2020,0.7,74,77,87,16.0,3004,340.4142857142857,329.81666666666666,-0.020998864926220162
2020-06-05,350.0,351.75,353.45,346.05,3188950,2020,0.7,75,73,83,16.0,3005,342.95,331.0083333333333,0.019565217391304346
2020-06-08,355.15,358.0,366.0,354.05,5508150,2020,0.7,78,76,86,16.0,3008,346.09285714285716,332.3016666666666,0.01776830135039087
2020-06-09,358.6,358.2,359.95,352.5,2870500,2020,0.7,79,77,87,16.0,3009,349.6928571428571,333.7633333333333,0.0005586592178770111
2020-06-10,359.7,357.5,362.5,354.6,2404940,2020,0.7,70,73,83,16.0,3010,352.55,335.14666666666665,-0.0019542155220546586
2020-06-11,355.95,348.8,355.95,348.0,3150800,2020,0.7,71,74,84,16.0,3011,353.09285714285716,336.0416666666667,-0.024335664335664253
2020-06-15,344.95,350.85,350.85,337.05,2989560,2020,0.7,75,73,83,16.0,3015,352.87142857142857,336.725,0.005877293577981613
2020-06-16,355.9,355.5,360.4,354.05,3460110,2020,0.7,76,74,84,16.0,3016,354.37142857142857,337.3933333333333,0.013253527148354038
2020-06-17,358.0,354.05,358.0,352.0,1549060,2020,0.7,77,75,85,16.0,3017,354.7,338.21,-0.004078762306610417
2020-06-18,354.05,351.9,355.5,349.0,1424420,2020,0.7,78,76,86,16.0,3018,353.82857142857137,338.8016666666667,-0.006072588617426988
2020-06-19,355.6,355.3,357.4,353.15,1733230,2020,0.7,79,77,87,16.0,3019,353.4142857142857,339.60999999999996,0.009661835748792313
2020-06-22,356.45,354.9,357.75,353.2,2293460,2020,0.7,72,75,85,16.0,3022,353.04285714285714,340.445,-0.001125809175344883
2020-06-23,355.0,354.1,356.45,353.55,4395170,2020,0.7,73,76,86,16.0,3023,353.8,341.185,-0.0022541561003097677
2020-06-25,333.0,338.85,339.85,331.1,4331840,2020,0.7,75,73,83,16.0,3025,352.0857142857143,341.5366666666667,-0.0430669302456933
2020-06-26,339.05,337.0,341.7,334.95,1420520,2020,0.7,76,74,84,16.0,3026,349.4428571428571,342.0266666666667,-0.005459642909842133
2020-06-29,333.95,335.55,336.25,328.85,2238380,2020,0.7,79,77,87,16.0,3029,346.8,342.65666666666664,-0.004302670623145377
2020-06-30,335.3,332.55,336.35,328.95,1518930,2020,0.7,70,73,83,16.0,3030,344.0357142857143,343.0683333333334,-0.008940545373267716
2020-07-02,333.25,333.2,335.0,331.05,1598620,2020,0.7,72,75,85,16.0,3002,340.87857142857143,343.1766666666666,0.0019545932942413025
2020-07-03,333.15,334.0,334.5,331.95,609560,2020,0.7,73,76,86,16.0,3003,337.89285714285717,343.375,0.0024009603841537164
2020-07-06,336.0,334.8,337.5,334.8,1157700,2020,0.7,76,74,84,16.0,3006,335.13571428571424,343.425,0.0023952095808383866
2020-07-07,336.5,330.55,336.5,328.5,1907970,2020,0.7,77,75,85,16.0,3007,333.95,343.48499999999996,-0.012694145758661901
2020-07-08,328.55,327.9,329.8,327.05,1050410,2020,0.7,78,76,86,16.0,3008,332.65000000000003,343.5,-0.008016941461201132
2020-07-09,328.95,322.65,329.15,322.45,1474310,2020,0.7,79,77,87,16.0,3009,330.8071428571429,343.15999999999997,-0.0160109789569991
2020-07-10,321.85,324.6,327.45,320.0,1031790,2020,0.7,70,73,83,16.0,3010,329.6714285714285,342.84666666666664,0.006043700604370095
2020-07-13,325.65,325.0,328.3,322.65,862000,2020,0.7,73,76,86,16.0,3013,328.5,342.5466666666667,0.0012322858903264233
2020-07-14,323.6,321.35,325.2,317.6,1473920,2020,0.7,74,77,87,16.0,3014,326.6928571428571,342.05833333333334,-0.011230769230769155
2020-07-15,322.55,317.1,323.5,316.5,2527260,2020,0.7,75,73,83,16.0,3015,324.1642857142857,341.52833333333336,-0.013225455111249396
2020-07-16,317.75,316.65,319.9,316.65,1108660,2020,0.7,76,74,84,16.0,3016,322.17857142857144,340.8333333333333,-0.0014191106906340512
2020-07-17,317.35,317.15,318.6,313.1,1806470,2020,0.7,77,75,85,16.0,3017,320.64285714285717,339.905,0.001579030475288068
2020-07-20,317.45,317.5,320.9,316.15,1457270,2020,0.7,70,73,83,16.0,3020,319.90714285714284,338.7416666666667,0.0011035787482265302
2020-07-21,320.0,318.0,322.8,318.0,2403410,2020,0.7,71,74,84,16.0,3021,318.9642857142857,337.84166666666664,0.0015748031496063408
2020-07-22,319.0,321.8,322.95,318.5,1326400,2020,0.7,72,75,85,16.0,3022,318.50714285714287,336.84333333333336,0.011949685534591303
2020-07-23,322.6,322.85,325.85,321.3,1307220,2020,0.7,73,76,86,16.0,3023,318.7214285714286,335.6716666666667,0.003262896208825472
2020-07-24,321.8,323.3,323.45,319.0,835100,2020,0.7,74,77,87,16.0,3024,319.60714285714283,334.5083333333333,0.0013938361468173177
2020-07-27,323.85,323.1,324.9,321.75,882390,2020,0.7,77,75,85,16.0,3027,320.52857142857147,333.3616666666667,-0.0006186204763377612
2020-07-28,325.1,324.85,325.1,322.25,872950,2020,0.7,78,76,86,16.0,3028,321.62857142857143,332.56333333333333,0.005416279789538736
2020-07-29,323.6,325.5,326.6,322.6,866970,2020,0.7,79,77,87,16.0,3029,322.7714285714286,331.7183333333333,0.002000923503155283
2020-07-30,326.4,320.5,327.0,320.3,873250,2020,0.7,70,73,83,16.0,3030,323.12857142857143,330.5516666666666,-0.015360983102918557
2020-07-31,321.15,320.8,325.4,320.8,638870,2020,0.7,71,74,84,16.0,3031,322.9857142857143,329.4433333333334,0.0009360374414977279
2020-08-03,321.5,318.75,322.8,316.15,2435600,2020,0.7,73,76,86,16.0,3003,322.40000000000003,328.3383333333333,-0.006390274314214461
2020-08-04,318.95,319.1,320.4,317.0,1037920,2020,0.7,74,77,87,16.0,3004,321.8,327.1316666666667,0.0010980392156862973
2020-08-05,320.0,322.8,323.8,319.0,1524940,2020,0.7,75,73,83,16.0,3005,321.75714285714287,326.06166666666667,0.011595111250391588
2020-08-06,322.85,320.5,324.5,320.0,1397840,2020,0.7,76,74,84,16.0,3006,321.13571428571424,324.94166666666666,-0.0071251548946716925
2020-08-07,320.45,321.3,322.0,319.4,685740,2020,0.7,77,75,85,16.0,3007,320.5357142857143,324.3566666666667,0.002496099843993793
2020-08-10,322.7,322.3,323.3,320.7,602290,2020,0.7,70,73,83,16.0,3010,320.79285714285714,323.8666666666667,0.003112356053532439
2020-08-11,323.0,325.0,326.15,321.9,1228070,2020,0.7,71,74,84,16.0,3011,321.39285714285717,323.51500000000004,0.008377288240769332
2020-08-12,325.95,328.75,328.75,325.0,2484320,2020,0.7,72,75,85,16.0,3012,322.82142857142856,323.3883333333333,0.011538461538461497
2020-08-13,329.25,331.0,333.3,328.75,2333900,2020,0.7,73,76,86,16.0,3013,324.5214285714286,323.315,0.00684410646387823
2020-08-14,332.1,329.7,333.15,326.55,2010330,2020,0.7,74,77,87,16.0,3014,325.50714285714287,323.17166666666674,-0.003927492447129977
2020-08-17,332.1,327.45,333.0,327.15,1686240,2020,0.7,77,75,85,16.0,3017,326.5,322.9266666666666,-0.006824385805277555
2020-08-18,328.2,326.55,330.15,326.25,889700,2020,0.7,78,76,86,16.0,3018,327.25,322.7933333333333,-0.002748511223087391
2020-08-19,327.0,325.5,328.15,324.05,1924620,2020,0.7,79,77,87,16.0,3019,327.70714285714286,322.71333333333337,-0.003215434083601365
2020-08-20,324.0,319.55,324.5,318.4,2239730,2020,0.7,70,73,83,16.0,3020,326.92857142857144,322.61,-0.018279569892473035
2020-08-21,321.5,319.1,323.15,317.75,1440810,2020,0.7,71,74,84,16.0,3021,325.55,322.4266666666667,-0.0014082303238929228
2020-08-24,321.0,320.15,322.4,319.2,1338900,2020,0.7,74,77,87,16.0,3024,324.0,322.26500000000004,0.003290504544029904
2020-08-25,321.3,319.5,321.8,319.15,1053070,2020,0.7,75,73,83,16.0,3025,322.54285714285714,322.2033333333333,-0.0020302982976728723
2020-08-26,320.95,320.7,320.95,319.2,1192350,2020,0.7,76,74,84,16.0,3026,321.5785714285715,322.3233333333334,0.00375586854460086
2020-08-27,320.85,320.0,322.3,318.1,1237180,2020,0.7,77,75,85,16.0,3027,320.64285714285717,322.435,-0.002182725288431553
2020-08-28,320.0,317.55,320.05,317.0,913280,2020,0.7,78,76,86,16.0,3028,319.50714285714287,322.4483333333334,-0.00765624999999992
2020-08-31,318.2,317.95,320.0,316.55,1137740,2020,0.7,71,74,84,16.0,3031,319.2785714285714,322.46333333333337,0.0012596441505274836
2020-09-01,318.05,317.95,318.9,316.1,1055640,2020,0.7,71,74,84,16.0,3001,319.1142857142857,322.4616666666667,0.0
2020-09-02,317.75,313.25,318.9,313.25,1696960,2020,0.7,72,75,85,16.0,3002,318.12857142857143,322.1766666666666,-0.014782198458877183
2020-09-03,312.95,313.35,315.1,311.75,1236830,2020,0.7,73,76,86,16.0,3003,317.25,321.86,0.00031923383878695866
2020-09-04,312.95,314.0,315.9,311.2,622000,2020,0.7,74,77,87,16.0,3004,316.29285714285714,321.55,0.0020743577469282126
2020-09-07,314.0,313.4,314.85,311.35,593470,2020,0.7,77,75,85,16.0,3007,315.34999999999997,321.22666666666663,-0.0019108280254778176
2020-09-08,313.75,305.3,314.6,302.7,2041660,2020,0.7,78,76,86,16.0,3008,313.59999999999997,320.575,-0.025845564773452345
2020-09-09,304.5,304.4,308.9,303.4,885260,2020,0.7,79,77,87,16.0,3009,311.6642857142857,319.8716666666667,-0.0029479200786113324
2020-09-10,304.6,306.05,307.9,302.55,713830,2020,0.7,70,73,83,16.0,3010,309.9642857142857,319.39000000000004,0.005420499342969842
2020-09-11,303.7,307.15,309.2,303.7,663920,2020,0.7,71,74,84,16.0,3011,309.09285714285716,318.935,0.003594183956869612
2020-09-14,309.45,310.35,314.9,308.65,686020,2020,0.7,74,77,87,16.0,3014,308.6642857142857,318.655,0.010418362363666
2020-09-15,311.15,316.6,317.3,310.35,1229880,2020,0.7,75,73,83,16.0,3015,309.0357142857143,318.57166666666666,0.020138553246334734
2020-09-16,317.8,314.5,319.55,312.15,1408130,2020,0.7,76,74,84,16.0,3016,309.1928571428571,318.295,-0.0066329753632344834
2020-09-17,311.95,305.7,313.95,304.5,2923490,2020,0.7,77,75,85,16.0,3017,309.25,317.8016666666666,-0.027980922098569172
2020-09-18,306.8,304.95,309.05,304.15,1413900,2020,0.7,78,76,86,16.0,3018,309.32857142857137,317.2566666666667,-0.002453385672227637
2020-09-21,305.0,295.6,306.4,295.15,2041760,2020,0.7,71,74,84,16.0,3021,307.8357142857143,316.3666666666667,-0.030660764059681767
2020-09-22,296.0,295.4,299.7,295.15,1596210,2020,0.7,72,75,85,16.0,3022,306.15714285714284,315.38,-0.0006765899864683567
2020-09-23,296.75,292.35,299.5,291.0,1765470,2020,0.7,73,76,86,16.0,3023,303.5857142857143,314.1666666666667,-0.010324983073798033
2020-09-24,292.2,289.65,297.0,288.5,1760680,2020,0.7,74,77,87,16.0,3024,299.7357142857143,312.7883333333333,-0.009235505387378273
2020-09-25,292.0,292.2,293.45,289.5,986150,2020,0.7,75,73,83,16.0,3025,296.55,311.53833333333336,0.008803728638011377
2020-09-28,293.05,298.5,298.5,292.25,1007810,2020,0.7,78,76,86,16.0,3028,295.5214285714286,310.5733333333334,0.021560574948665368
2020-09-29,299.05,293.6,302.0,293.6,846740,2020,0.7,79,77,87,16.0,3029,293.90000000000003,309.475,-0.01641541038525951
2020-09-30,293.2,294.85,295.4,292.0,665510,2020,0.7,70,73,83,16.0,3030,293.79285714285714,308.4533333333333,0.00425749318801083
2020-10-01,295.95,293.0,295.95,292.4,531020,2020,0.7,71,74,84,16.0,3001,293.45,307.5683333333333,-0.006274376801763681
2020-10-02,291.85,289.2,291.95,287.2,995320,2020,0.7,72,75,85,16.0,3002,293.0,306.57166666666666,-0.012969283276450527
2020-10-05,290.5,291.7,292.4,287.4,885620,2020,0.7,75,73,83,16.0,3005,293.29285714285714,305.62333333333333,0.008644536652835377
2020-10-06,292.2,297.0,297.0,292.15,932630,2020,0.7,76,74,84,16.0,3006,293.97857142857146,304.87333333333333,0.018169352074048684
2020-10-07,295.0,288.25,295.95,287.35,1298850,2020,0.7,77,75,85,16.0,3007,292.51428571428573,303.7916666666667,-0.02946127946127941
2020-10-08,288.3,283.05,290.7,283.05,1229250,2020,0.7,78,76,86,16.0,3008,291.00714285714287,302.56,-0.018039895923677274
2020-10-09,286.0,286.05,288.25,283.55,578660,2020,0.7,79,77,87,16.0,3009,289.75,301.51,0.010598834128245915
2020-10-12,287.2,286.3,288.85,284.2,392600,2020,0.7,72,75,85,16.0,3012,288.79285714285714,300.455,0.0008739730816291758
2020-10-13,286.25,283.95,287.15,281.5,825480,2020,0.7,73,76,86,16.0,3013,288.04285714285714,299.32166666666666,-0.008208173244848127
2020-10-14,284.0,282.25,285.0,282.15,658790,2020,0.7,74,77,87,16.0,3014,286.6928571428571,298.2883333333333,-0.005986969536890263
2020-10-15,283.25,278.1,283.75,277.7,1203000,2020,0.7,75,73,83,16.0,3015,283.99285714285713,297.11333333333334,-0.01470327723649234
2020-10-16,279.4,276.55,279.45,272.5,1108500,2020,0.7,76,74,84,16.0,3016,282.32142857142856,295.865,-0.005573534699748306
2020-10-19,276.55,273.5,278.8,273.0,833370,2020,0.7,79,77,87,16.0,3019,280.95714285714286,294.535,-0.011028747062014177
2020-10-20,274.0,277.05,277.7,270.65,1335430,2020,0.7,70,73,83,16.0,3020,279.67142857142863,293.5933333333333,0.012979890310786057
2020-10-21,277.1,278.9,281.2,275.4,1443730,2020,0.7,71,74,84,16.0,3021,278.6142857142857,292.7433333333333,0.006677495036996772
2020-10-22,277.7,283.2,283.6,277.0,748630,2020,0.7,72,75,85,16.0,3022,278.50714285714287,291.9816666666667,0.015417712441735398
2020-10-23,284.75,284.65,288.4,280.5,993340,2020,0.7,73,76,86,16.0,3023,278.85,291.2316666666667,0.005120056497175174
2020-10-26,282.8,280.85,284.6,279.3,682660,2020,0.7,76,74,84,16.0,3026,279.24285714285713,290.24833333333333,-0.013349727735815775
2020-10-27,280.7,277.0,281.85,275.85,522670,2020,0.7,77,75,85,16.0,3027,279.3071428571429,288.92833333333334,-0.013708385259035172
2020-10-28,275.55,272.5,276.1,270.45,1007310,2020,0.7,78,76,86,16.0,3028,279.1642857142857,287.52833333333336,-0.016245487364620947
2020-10-29,272.4,273.0,277.2,271.15,964630,2020,0.7,79,77,87,16.0,3029,278.5857142857143,286.4383333333334,0.0018348623853210455
2020-10-30,272.75,273.45,275.2,270.2,766060,2020,0.7,70,73,83,16.0,3030,277.8071428571429,285.3883333333333,0.0016483516483516425
2020-11-02,270.7,274.0,279.5,270.25,1046230,2020,0.7,72,75,85,16.0,3002,276.49285714285713,284.6683333333333,0.002011336624611504
2020-11-03,276.0,284.0,284.2,275.4,1028270,2020,0.7,73,76,86,16.0,3003,276.40000000000003,284.2883333333333,0.03649635036496357
2020-11-05,287.35,289.0,291.15,284.2,1551700,2020,0.7,75,73,83,16.0,3005,277.5642857142857,284.1766666666666,0.01760563380281699
2020-11-06,287.0,288.1,290.85,284.05,910390,2020,0.7,76,74,84,16.0,3006,279.15,284.125,-0.0031141868512110094
2020-11-09,290.4,299.0,300.0,288.5,2482870,2020,0.7,79,77,87,16.0,3009,282.93571428571425,284.35166666666663,0.03783408538701827
2020-11-10,298.0,302.8,307.4,292.2,2516510,2020,0.7,70,73,83,16.0,3010,287.1928571428571,284.495,0.012709030100334529
2020-11-11,305.3,308.6,312.8,305.0,3777040,2020,0.7,71,74,84,16.0,3011,292.2142857142857,284.99499999999995,0.01915455746367245
2020-11-12,306.9,307.25,309.3,297.2,2206580,2020,0.7,72,75,85,16.0,3012,296.9642857142857,285.40833333333336,-0.0043745949449125465
2020-11-13,304.3,308.9,308.9,302.7,1198600,2020,0.7,73,76,86,16.0,3013,300.5214285714286,285.9383333333334,0.005370219690805422
2020-11-16,310.05,314.7,314.75,308.3,1845540,2020,0.7,76,74,84,16.0,3016,304.1928571428571,286.7883333333333,0.018776303010683115
2020-11-17,314.5,311.55,315.5,309.2,1933310,2020,0.7,77,75,85,16.0,3017,307.54285714285714,287.45000000000005,-0.010009532888465178
2020-11-18,309.8,316.0,318.6,309.55,1829510,2020,0.7,78,76,86,16.0,3018,309.9714285714286,288.0833333333333,0.014283421601668955
2020-11-19,314.85,314.6,317.1,313.65,1088550,2020,0.7,79,77,87,16.0,3019,311.65714285714284,288.96166666666664,-0.004430379746835356
2020-11-20,314.75,315.35,316.4,312.3,745200,2020,0.7,70,73,83,16.0,3020,312.62142857142857,290.0383333333333,0.0023839796567068916
2020-11-23,316.25,316.6,319.9,315.45,1160730,2020,0.7,73,76,86,16.0,3023,313.95714285714286,291.0566666666667,0.003963849690819643
2020-11-24,318.15,320.0,320.0,315.5,1767500,2020,0.7,74,77,87,16.0,3024,315.54285714285714,292.18,0.01073910296904601
2020-11-25,320.95,325.5,325.55,318.65,5076880,2020,0.7,75,73,83,16.0,3025,317.0857142857143,293.565,0.01718749999999991
2020-11-26,325.6,322.5,327.7,319.2,1748340,2020,0.7,76,74,84,16.0,3026,318.65000000000003,294.9066666666667,-0.009216589861751112
2020-11-27,322.0,322.45,323.1,319.5,1025020,2020,0.7,77,75,85,16.0,3027,319.57142857142856,296.38500000000005,-0.00015503875968991832
2020-11-30,320.0,315.8,321.3,314.4,1574390,2020,0.7,70,73,83,16.0,3030,319.74285714285713,297.6933333333333,-0.02062335245774527
2020-12-01,317.25,323.2,331.0,306.05,5984840,2020,0.7,71,74,84,16.0,3001,320.86428571428576,299.35,0.023432552248258354
2020-12-02,322.7,323.55,325.2,320.4,1553110,2020,0.7,72,75,85,16.0,3002,321.85714285714283,300.9,0.0010829207920792783
2020-12-03,324.55,319.45,326.5,319.25,1077180,2020,0.7,73,76,86,16.0,3003,321.7785714285714,302.2516666666667,-0.012671920877762366
2020-12-04,322.8,322.8,325.0,322.0,1192960,2020,0.7,74,77,87,16.0,3004,321.39285714285717,303.57166666666666,0.010486774143058541
2020-12-07,323.45,323.5,324.8,321.15,833410,2020,0.7,77,75,85,16.0,3007,321.5357142857143,304.8666666666667,0.0021685254027261625
2020-12-08,322.35,322.15,324.25,319.5,798490,2020,0.7,78,76,86,16.0,3008,321.4928571428572,306.2433333333333,-0.004173106646058855
2020-12-09,323.0,322.35,325.65,321.1,914110,2020,0.7,79,77,87,16.0,3009,322.42857142857144,307.755,0.0006208288064568634
2020-12-10,323.0,324.55,326.95,320.65,1317310,2020,0.7,70,73,83,16.0,3010,322.6214285714286,309.48999999999995,0.00682487978904911
2020-12-11,325.9,328.0,328.0,324.55,1524740,2020,0.7,71,74,84,16.0,3011,323.25714285714287,311.3233333333333,0.010630103219842812
2020-12-14,329.7,325.5,331.7,323.65,2243230,2020,0.7,74,77,87,16.0,3014,324.1214285714286,313.05833333333334,-0.007621951219512146
2020-12-15,324.5,326.45,329.6,323.05,1085310,2020,0.7,75,73,83,16.0,3015,324.64285714285717,314.8066666666667,0.002918586789554478
2020-12-16,328.0,327.8,328.5,323.6,877250,2020,0.7,76,74,84,16.0,3016,325.25714285714287,316.26666666666665,0.004135395925869201
2020-12-17,329.0,328.0,332.3,326.5,2121370,2020,0.7,77,75,85,16.0,3017,326.09285714285716,317.56666666666666,0.0006101281269066394
2020-12-18,328.75,324.4,328.75,322.05,1257900,2020,0.7,78,76,86,16.0,3018,326.38571428571424,318.7766666666667,-0.010975609756097682
2020-12-21,322.5,312.8,322.5,312.35,2329110,2020,0.7,71,74,84,16.0,3021,324.70714285714286,319.2366666666667,-0.03575832305795301
2020-12-22,312.55,315.75,319.3,310.05,1546490,2020,0.7,72,75,85,16.0,3022,322.95714285714286,319.6683333333333,0.00943094629156005
2020-12-23,316.0,318.05,320.5,315.75,802830,2020,0.7,73,76,86,16.0,3023,321.89285714285717,319.98333333333335,0.00728424386381632
2020-12-24,319.7,319.1,321.05,317.65,643660,2020,0.7,74,77,87,16.0,3024,320.84285714285716,320.37833333333333,0.0033013677094797522
2020-12-25,320.6,319.0,320.95,318.9,782400,2020,0.7,75,73,83,16.0,3025,319.5857142857143,320.715,-0.0003133813851458056
2020-12-28,317.35,316.9,317.45,315.0,1798880,2020,0.7,78,76,86,16.0,3028,318.0,320.7883333333333,-0.006583072100313503
2020-12-29,316.75,317.15,318.5,316.1,644510,2020,0.7,79,77,87,16.0,3029,316.9642857142857,320.975,0.0007888923950774007
2020-12-30,316.2,316.95,319.2,316.2,1158420,2020,0.7,70,73,83,16.0,3030,317.5571428571429,321.0066666666666,-0.0006306164275579063
2021-01-04,319.4,322.75,324.2,318.35,1347120,2021,0.8,74,77,87,16.0,3004,318.5571428571429,321.27833333333336,0.01829941631172116
2021-01-05,322.25,323.9,324.3,319.5,872030,2021,0.8,75,73,83,16.0,3005,319.39285714285717,321.56333333333333,0.003563129357087469
2021-01-06,326.0,326.7,329.6,324.5,2265620,2021,0.8,76,74,84,16.0,3006,320.4785714285714,321.9,0.008644643408459496
2021-01-08,329.25,337.0,337.0,328.15,3128710,2021,0.8,78,76,86,16.0,3008,323.05,322.46666666666664,0.03152739516375891
2021-01-11,335.15,334.3,339.15,330.85,2443970,2021,0.8,71,74,84,16.0,3011,325.5357142857143,322.76,-0.008011869436201802
2021-01-12,337.85,334.3,338.5,332.5,1664980,2021,0.8,72,75,85,16.0,3012,327.9857142857142,323.15333333333336,0.0
2021-01-13,336.0,333.75,338.5,332.7,1546720,2021,0.8,73,76,86,16.0,3013,330.38571428571424,323.53,-0.0016452288363745238
2021-01-14,333.75,342.1,345.55,331.7,3478280,2021,0.8,74,77,87,16.0,3014,333.15000000000003,324.4066666666667,0.0250187265917603
2021-01-15,342.5,341.35,349.9,339.7,3069790,2021,0.8,75,73,83,16.0,3015,335.64285714285717,325.0116666666666,-0.0021923414206372893
2021-01-18,339.8,339.8,341.85,334.3,1266470,2021,0.8,78,76,86,16.0,3018,337.5142857142858,325.55333333333334,-0.004540793906547602
2021-01-19,342.35,337.3,343.75,336.75,1103940,2021,0.8,79,77,87,16.0,3019,337.5571428571429,326.1483333333333,-0.007357268981753928
2021-01-20,337.9,338.7,340.9,337.2,855800,2021,0.8,70,73,83,16.0,3020,338.1857142857143,326.67833333333334,0.004150607767565928
2021-01-21,339.1,332.3,339.8,329.2,1998600,2021,0.8,71,74,84,16.0,3021,337.90000000000003,326.97166666666664,-0.01889577797460873
2021-01-22,332.25,323.5,332.25,321.85,2153580,2021,0.8,72,75,85,16.0,3022,336.4357142857143,327.01666666666665,-0.026482094492928154
2021-01-25,324.5,325.2,327.45,322.2,1088770,2021,0.8,75,73,83,16.0,3025,334.0214285714286,327.1116666666667,0.005255023183925678
2021-01-26,324.25,325.85,327.05,321.5,900030,2021,0.8,76,74,84,16.0,3026,331.8071428571429,327.15500000000003,0.0019987699876999887
2021-01-27,325.85,322.0,327.7,321.0,980580,2021,0.8,77,75,85,16.0,3027,329.2642857142857,326.95500000000004,-0.011815252416756294
2021-01-28,321.0,322.2,324.1,317.1,1069490,2021,0.8,78,76,86,16.0,3028,327.10714285714283,326.845,0.0006211180124222615
2021-01-29,321.0,315.7,321.6,314.7,1792590,2021,0.8,79,77,87,16.0,3029,323.82142857142856,326.4866666666667,-0.020173805090006214
2021-02-01,316.9,315.0,316.95,313.15,1029010,2021,0.8,71,74,84,16.0,3001,321.34999999999997,326.06000000000006,-0.0022172949002217113
2021-02-02,318.0,320.75,322.2,316.75,1821960,2021,0.8,72,75,85,16.0,3002,320.95714285714286,325.8183333333334,0.01825396825396819
2021-02-03,320.0,318.5,323.9,318.0,1267090,2021,0.8,73,76,86,16.0,3003,320.0,325.62166666666667,-0.007014809041309467
2021-02-04,320.6,325.85,326.95,318.6,1934780,2021,0.8,74,77,87,16.0,3004,320.0,326.0566666666667,0.023076923076923217
2021-02-05,328.2,334.95,335.05,327.55,3000300,2021,0.8,75,73,83,16.0,3005,321.84999999999997,326.69666666666666,0.02792696025778718
2021-02-08,337.5,343.1,343.1,336.2,2117230,2021,0.8,78,76,86,16.0,3008,324.83571428571435,327.5316666666667,0.02433198984923135
2021-02-09,345.3,339.5,347.9,337.25,2380700,2021,0.8,79,77,87,16.0,3009,328.2357142857143,328.2116666666667,-0.010492567764500249
2021-02-10,339.4,333.0,342.35,332.95,1445080,2021,0.8,70,73,83,16.0,3010,330.8071428571429,328.67833333333334,-0.019145802650957333
2021-02-11,333.05,331.3,336.7,327.3,2024130,2021,0.8,71,74,84,16.0,3011,332.31428571428575,329.15833333333336,-0.00510510510510509
2021-02-12,330.95,339.0,339.0,326.35,2057980,2021,0.8,72,75,85,16.0,3012,335.2428571428572,329.8866666666666,0.023241774826441297
2021-02-15,345.0,344.2,345.5,339.1,2304860,2021,0.8,75,73,83,16.0,3015,337.86428571428576,330.795,0.015339233038347944
2021-02-16,345.0,346.6,347.7,341.6,2506590,2021,0.8,76,74,84,16.0,3016,339.52857142857147,331.59000000000003,0.006972690296339401
2021-02-17,346.7,347.65,353.0,343.5,3310600,2021,0.8,77,75,85,16.0,3017,340.17857142857144,332.3816666666667,0.003029428736295303
2021-02-18,350.0,338.1,351.95,338.1,2217740,2021,0.8,78,76,86,16.0,3018,339.9785714285714,332.76166666666666,-0.02747015676686304
2021-02-19,338.0,338.2,342.4,333.1,1562360,2021,0.8,79,77,87,16.0,3019,340.7214285714286,332.8016666666666,0.00029577048210582824
2021-02-20,340.0,340.0,342.2,335.9,397670,2021,0.8,70,73,83,16.0,3020,341.9642857142857,332.9916666666667,0.0053222945002957545
2021-02-22,340.7,340.35,343.5,336.4,953930,2021,0.8,72,75,85,16.0,3022,342.15714285714284,333.1933333333333,0.0010294117647060563
2021-02-24,338.6,344.0,346.05,338.6,1482600,2021,0.8,74,77,87,16.0,3024,342.12857142857143,333.53499999999997,0.01072425444395475
2021-02-25,345.9,348.95,349.35,345.85,2155340,2021,0.8,75,73,83,16.0,3025,342.4642857142857,333.7633333333333,0.014389534883720856
2021-02-26,343.75,339.0,345.1,338.5,1524210,2021,0.8,76,74,84,16.0,3026,341.2285714285714,333.68500000000006,-0.028514113769881
2021-03-01,342.5,343.8,345.8,340.15,875280,2021,0.8,71,74,84,16.0,3001,342.04285714285714,333.8183333333333,0.014159292035398341
2021-03-02,341.15,346.7,346.7,337.7,1759410,2021,0.8,72,75,85,16.0,3002,343.2571428571428,334.1316666666667,0.008435136707388047
2021-03-03,348.7,343.95,349.6,341.25,1367470,2021,0.8,73,76,86,16.0,3003,343.82142857142856,334.3066666666666,-0.007931929622151723
2021-03-04,343.0,346.9,347.4,342.05,1115290,2021,0.8,74,77,87,16.0,3004,344.7571428571428,334.79333333333335,0.008576828027329508
2021-03-05,346.5,359.3,362.0,346.5,4842300,2021,0.8,75,73,83,16.0,3005,346.9428571428571,335.9866666666667,0.035745171519169894
2021-03-09,359.3,377.0,379.7,356.2,5068560,2021,0.8,79,77,87,16.0,3009,350.95,337.7133333333333,0.04926245477316993
2021-03-10,373.5,372.4,381.45,366.1,2745560,2021,0.8,70,73,83,16.0,3010,355.7214285714286,339.265,-0.01220159151193645
2021-03-11,375.7,378.35,382.0,373.2,2325660,2021,0.8,71,74,84,16.0,3011,360.65714285714284,341.1433333333333,0.015977443609022757
2021-03-12,378.7,381.5,386.95,374.55,2650140,2021,0.8,72,75,85,16.0,3012,365.62857142857143,343.12,0.00832562442183149
2021-03-15,384.8,384.5,388.0,377.05,2563160,2021,0.8,75,73,83,16.0,3015,371.4214285714285,345.4133333333333,0.007863695937090354
2021-03-16,381.55,382.8,383.7,378.0,1432620,2021,0.8,76,74,84,16.0,3016,376.55000000000007,347.6733333333333,-0.004421326397919367
2021-03-17,383.7,373.5,383.75,372.05,1654610,2021,0.8,77,75,85,16.0,3017,378.5785714285715,349.4316666666666,-0.024294670846395028
2021-03-18,374.15,369.3,378.35,366.5,2470000,2021,0.8,78,76,86,16.0,3018,377.4785714285714,351.125,-0.011244979919678655
2021-03-19,364.75,369.15,373.45,361.0,2018720,2021,0.8,79,77,87,16.0,3019,377.0142857142857,352.5683333333333,-0.0004061738424046002
2021-03-22,369.3,372.25,374.95,368.4,1023400,2021,0.8,72,75,85,16.0,3022,376.14285714285717,353.81166666666667,0.008397670323716744
2021-03-23,370.25,367.5,372.35,364.55,1513500,2021,0.8,73,76,86,16.0,3023,374.14285714285717,354.625,-0.012760241773002057
2021-03-24,367.0,370.45,370.7,364.2,1549410,2021,0.8,74,77,87,16.0,3024,372.13571428571424,355.6566666666667,0.008027210884353764
2021-03-25,370.45,365.2,370.9,365.15,688820,2021,0.8,75,73,83,16.0,3025,369.62142857142857,356.72999999999996,-0.01417195303009855
2021-03-26,368.95,371.0,375.45,368.85,860390,2021,0.8,76,74,84,16.0,3026,369.2642857142857,358.05333333333334,0.015881708652792925
2021-03-29,370.35,372.15,376.7,369.1,1110010,2021,0.8,79,77,87,16.0,3029,369.6714285714285,359.15833333333336,0.003099730458220984
2021-03-30,373.0,377.2,377.55,371.6,1261200,2021,0.8,70,73,83,16.0,3030,370.82142857142856,360.2583333333333,0.013569797124815208
2021-03-31,377.9,370.0,378.9,369.25,1986990,2021,0.8,71,74,84,16.0,3031,370.5,361.0383333333333,-0.019088016967126142
2021-04-01,370.05,368.15,374.8,368.15,1624440,2021,0.8,71,74,84,16.0,3001,370.59285714285716,361.72166666666664,-0.0050000000000001155
2021-04-02,371.7,371.65,375.05,371.4,561290,2021,0.8,72,75,85,16.0,3002,370.7642857142857,362.84,0.00950699443161751
2021-04-05,372.25,371.85,373.95,370.85,428430,2021,0.8,75,73,83,16.0,3005,371.7142857142857,363.9616666666667,0.0005381407237994296
2021-04-06,371.85,365.55,371.85,364.6,1643250,2021,0.8,76,74,84,16.0,3006,370.93571428571425,364.8133333333334,-0.0169423154497782
2021-04-07,362.2,362.5,367.35,358.5,2174000,2021,0.8,77,75,85,16.0,3007,369.5571428571428,365.5516666666667,-0.008343591847900456
2021-04-08,362.95,364.0,365.0,361.15,841080,2021,0.8,78,76,86,16.0,3008,367.6714285714285,366.21833333333336,0.004137931034482678
2021-04-09,363.3,355.2,363.95,353.2,1847050,2021,0.8,79,77,87,16.0,3009,365.5571428571429,366.4266666666666,-0.0241758241758242
2021-04-12,354.95,357.0,357.55,349.0,1107740,2021,0.8,72,75,85,16.0,3012,363.9642857142857,367.02666666666664,0.0050675675675675436
2021-04-13,357.0,354.05,359.8,350.6,1220300,2021,0.8,73,76,86,16.0,3013,361.45,367.3683333333334,-0.008263305322128822
2021-04-14,358.05,359.0,361.0,356.0,2477180,2021,0.8,74,77,87,16.0,3014,359.6142857142857,367.77833333333336,0.013981076119192082
2021-04-15,355.0,354.0,357.4,352.15,2450960,2021,0.8,75,73,83,16.0,3015,357.9642857142857,368.1133333333334,-0.013927576601671321
2021-04-16,357.0,358.0,359.8,355.15,1615710,2021,0.8,76,74,84,16.0,3016,357.32142857142856,368.48333333333335,0.011299435028248483
2021-04-19,355.55,352.85,359.3,352.5,944070,2021,0.8,79,77,87,16.0,3019,355.72857142857146,368.2683333333333,-0.014385474860335146
2021-04-20,353.35,354.5,358.45,350.0,2178600,2021,0.8,70,73,83,16.0,3020,355.6285714285714,367.5183333333333,0.004676208020405248
2021-04-21,351.6,361.55,364.6,351.6,1327590,2021,0.8,71,74,84,16.0,3021,356.2785714285714,367.1566666666667,0.019887165021156505
2021-04-22,361.8,358.0,362.2,355.75,2031700,2021,0.8,72,75,85,16.0,3022,356.84285714285716,366.47833333333335,-0.009818835569077589
2021-04-23,357.7,364.45,368.2,355.55,3181690,2021,0.8,73,76,86,16.0,3023,357.6214285714286,365.90999999999997,0.018016759776536384
2021-04-26,365.9,365.5,365.95,359.3,1193070,2021,0.8,76,74,84,16.0,3026,359.2642857142858,365.27666666666664,0.00288105364247504
2021-04-27,366.0,363.0,367.25,360.0,1231490,2021,0.8,77,75,85,16.0,3027,359.97857142857146,364.6166666666667,-0.0068399452804377425
2021-04-28,363.6,356.9,363.95,356.6,1303180,2021,0.8,78,76,86,16.0,3028,360.5571428571428,364.0633333333334,-0.01680440771349867
2021-04-29,360.0,363.25,365.85,357.55,1594910,2021,0.8,79,77,87,16.0,3029,361.8071428571428,363.8616666666667,0.017792098627066544
2021-04-30,363.25,361.2,365.5,358.35,1156100,2021,0.8,70,73,83,16.0,3030,361.75714285714287,363.59666666666664,-0.00564349621472815
2021-05-04,362.05,365.0,368.7,361.25,789030,2021,0.8,74,77,87,16.0,3004,362.75714285714287,363.35499999999996,0.010520487264673362
2021-05-05,367.95,368.6,370.0,366.7,1003690,2021,0.8,75,73,83,16.0,3005,363.35,363.39166666666665,0.009863013698630185
2021-05-06,367.0,370.5,373.8,367.0,1097190,2021,0.8,76,74,84,16.0,3006,364.0642857142857,363.3933333333333,0.005154639175257714
2021-05-07,371.3,374.25,374.75,371.1,720590,2021,0.8,77,75,85,16.0,3007,365.6714285714285,363.695,0.010121457489878471
2021-05-10,375.0,373.05,376.0,371.8,728760,2021,0.8,70,73,83,16.0,3010,367.97857142857146,363.7633333333333,-0.0032064128256512614
2021-05-11,372.3,367.2,372.3,365.3,1187000,2021,0.8,71,74,84,16.0,3011,368.54285714285714,363.59833333333336,-0.01568154402895061
2021-05-12,367.95,370.5,371.65,367.2,722640,2021,0.8,72,75,85,16.0,3012,369.87142857142857,363.375,0.008986928104575131
2021-05-13,369.0,370.0,370.0,363.7,785840,2021,0.8,73,76,86,16.0,3013,370.5857142857143,363.375,-0.0013495276653171517
2021-05-14,370.0,373.1,373.1,369.1,599900,2021,0.8,74,77,87,16.0,3014,371.2285714285714,363.54,0.008378378378378404
2021-05-17,373.4,373.2,374.35,369.0,613560,2021,0.8,77,75,85,16.0,3017,371.61428571428576,363.59166666666664,0.0002680246582684731
2021-05-18,375.15,377.0,377.95,373.75,1129950,2021,0.8,78,76,86,16.0,3018,372.00714285714287,363.7633333333333,0.010182207931404008
2021-05-19,377.35,366.3,379.5,366.15,1459450,2021,0.8,79,77,87,16.0,3019,371.0428571428571,363.7883333333333,-0.0283819628647215
2021-05-20,367.1,365.7,370.7,360.1,999930,2021,0.8,70,73,83,16.0,3020,370.8285714285715,363.8949999999999,-0.0016380016380016515
2021-05-21,367.1,373.5,375.0,366.1,832370,2021,0.8,71,74,84,16.0,3021,371.25714285714287,364.21166666666664,0.021328958162428302
2021-05-24,375.15,378.0,379.0,371.8,877580,2021,0.8,74,77,87,16.0,3024,372.40000000000003,364.97166666666664,0.012048192771084265
2021-05-25,379.95,377.45,381.15,375.85,1286660,2021,0.8,75,73,83,16.0,3025,373.0214285714286,365.65333333333336,-0.0014550264550264869
2021-05-26,377.45,382.55,382.55,377.45,1233320,2021,0.8,76,74,84,16.0,3026,374.35714285714283,366.6033333333333,0.01351172340707385
2021-05-27,382.4,379.35,382.4,377.15,636820,2021,0.8,77,75,85,16.0,3027,374.6928571428571,367.28166666666664,-0.008364919618350508
2021-05-28,380.1,379.05,384.0,375.0,1188800,2021,0.8,78,76,86,16.0,3028,376.5142857142857,368.1166666666667,-0.0007908264136022858
2021-05-31,381.95,383.35,383.85,379.0,551170,2021,0.8,71,74,84,16.0,3031,379.0357142857143,368.96166666666664,0.011344149848304896
2021-06-01,384.0,393.05,393.95,383.65,1470890,2021,0.8,71,74,84,16.0,3001,381.82857142857137,370.3016666666667,0.025303247684883345
2021-06-02,393.05,399.9,402.45,392.9,2295410,2021,0.8,72,75,85,16.0,3002,384.9571428571429,371.815,0.017427808166899705
2021-06-03,402.0,406.65,407.05,396.2,1612490,2021,0.8,73,76,86,16.0,3003,389.12857142857143,373.3183333333333,0.016879219804951218
2021-06-04,406.7,412.3,414.2,403.4,2333730,2021,0.8,74,77,87,16.0,3004,393.37857142857143,375.12833333333333,0.01389401204967422
2021-06-07,408.55,415.05,423.4,407.1,1984710,2021,0.8,77,75,85,16.0,3007,398.4785714285714,376.815,0.006669900557846331
2021-06-08,413.7,406.55,417.65,406.55,1283410,2021,0.8,78,76,86,16.0,3008,402.4071428571429,378.18333333333334,-0.02047946030598724
2021-06-09,410.0,409.0,412.1,408.5,894160,2021,0.8,79,77,87,16.0,3009,406.07142857142856,379.71666666666664,0.006026319025949967
2021-06-10,409.0,410.25,411.5,407.25,939380,2021,0.8,70,73,83,16.0,3010,408.52857142857147,381.49499999999995,0.003056234718826323
2021-06-11,410.25,410.0,411.0,408.0,667160,2021,0.8,71,74,84,16.0,3011,409.9714285714286,383.0533333333333,-0.0006093845216331717
2021-06-14,412.1,415.0,416.3,410.0,581730,2021,0.8,74,77,87,16.0,3014,411.1642857142857,384.84666666666664,0.012195121951219523
2021-06-15,416.45,416.1,421.9,413.05,1848040,2021,0.8,75,73,83,16.0,3015,411.7071428571429,386.55,0.0026506024096386582
2021-06-16,417.7,424.0,426.25,417.7,1564360,2021,0.8,76,74,84,16.0,3016,412.9857142857143,388.39666666666665,0.01898582071617394
2021-06-17,423.7,425.7,428.25,421.0,1017440,2021,0.8,77,75,85,16.0,3017,415.72142857142853,390.2366666666667,0.004009433962264053
2021-06-18,422.3,420.8,425.0,419.05,1371180,2021,0.8,78,76,86,16.0,3018,417.40714285714284,391.7883333333333,-0.011510453370918383
2021-06-21,423.8,422.3,428.2,420.5,1002430,2021,0.8,71,74,84,16.0,3021,419.1285714285714,393.43000000000006,0.0035646387832699578
2021-06-22,427.6,435.75,435.75,425.15,1557400,2021,0.8,72,75,85,16.0,3022,422.8071428571428,395.71500000000003,0.03184939616386462
2021-06-23,435.75,435.5,439.6,433.2,1591700,2021,0.8,73,76,86,16.0,3023,425.7357142857142,397.8816666666667,-0.0005737234652897216
2021-06-24,428.5,430.65,431.65,425.8,1229080,2021,0.8,74,77,87,16.0,3024,427.8142857142857,399.90333333333336,-0.011136624569460407
2021-06-25,430.0,430.05,430.6,426.2,636900,2021,0.8,75,73,83,16.0,3025,428.67857142857144,401.8016666666666,-0.0013932427725530383
2021-06-28,430.0,430.0,433.0,426.9,900510,2021,0.8,78,76,86,16.0,3028,429.29285714285714,403.695,-0.00011626555051735821
2021-06-29,429.0,424.75,429.0,420.4,1379820,2021,0.8,79,77,87,16.0,3029,429.85714285714283,405.2866666666667,-0.012209302325581373
2021-06-30,426.35,434.0,437.0,418.9,2778200,2021,0.8,70,73,83,16.0,3030,431.5285714285714,407.5433333333333,0.021777516185991663
2021-07-01,436.35,442.9,447.85,435.0,2328680,2021,0.8,71,74,84,16.0,3001,432.55,410.1166666666667,0.02050691244239622
2021-07-02,442.0,447.1,450.8,439.3,2181450,2021,0.8,72,75,85,16.0,3002,434.2071428571429,412.57,0.009482953262587523
2021-07-05,446.0,443.9,446.85,441.6,1099750,2021,0.8,75,73,83,16.0,3005,436.1,414.76666666666665,-0.007157235517781357
2021-07-06,445.0,449.9,450.95,443.25,1142270,2021,0.8,76,74,84,16.0,3006,438.93571428571425,417.1816666666667,0.013516557783284533
2021-07-07,449.8,450.0,451.8,446.15,844500,2021,0.8,77,75,85,16.0,3007,441.7928571428571,419.43000000000006,0.0002222716159145932
2021-07-08,449.0,440.05,449.5,438.9,1215750,2021,0.8,78,76,86,16.0,3008,443.9785714285714,421.4533333333333,-0.02211111111111108
2021-07-09,440.05,440.0,442.45,437.1,984530,2021,0.8,79,77,87,16.0,3009,444.8357142857143,423.48499999999996,-0.00011362345188048462
2021-07-12,438.85,435.05,441.1,435.05,1179960,2021,0.8,72,75,85,16.0,3012,443.7142857142857,425.2083333333333,-0.011249999999999982
2021-07-13,435.05,436.0,436.1,433.55,771670,2021,0.8,73,76,86,16.0,3013,442.12857142857143,426.64,0.002183657050913723
2021-07-14,436.05,439.5,441.0,432.1,1138270,2021,0.8,74,77,87,16.0,3014,441.5,427.96,0.008027522935779796
2021-07-15,439.6,433.9,439.6,432.25,547650,2021,0.8,75,73,83,16.0,3015,439.2142857142857,428.8683333333334,-0.012741751990898775
2021-07-16,433.9,428.4,433.95,428.35,536840,2021,0.8,76,74,84,16.0,3016,436.12857142857143,429.405,-0.012675731735422913
2021-07-19,428.4,414.75,428.6,414.1,1417980,2021,0.8,79,77,87,16.0,3019,432.5142857142857,429.39500000000004,-0.031862745098039214
2021-07-20,419.35,421.45,424.1,418.1,1186950,2021,0.8,70,73,83,16.0,3020,429.86428571428576,429.89166666666665,0.016154309825195945
2021-07-21,423.5,420.25,429.75,419.05,964200,2021,0.8,71,74,84,16.0,3021,427.75,430.26666666666665,-0.0028473128484991506
2021-07-22,424.35,423.0,426.75,420.35,439630,2021,0.8,72,75,85,16.0,3022,425.89285714285717,430.69166666666666,0.006543723973825077
2021-07-23,423.0,421.8,425.9,421.3,438620,2021,0.8,73,76,86,16.0,3023,423.3642857142857,431.08500000000004,-0.0028368794326241176
2021-07-26,421.0,421.0,422.75,414.35,423280,2021,0.8,76,74,84,16.0,3026,421.5214285714286,431.285,-0.001896633475580889
2021-07-27,419.15,422.7,424.9,417.95,549510,2021,0.8,77,75,85,16.0,3027,420.70714285714286,431.505,0.004038004750593904
2021-07-28,425.95,426.2,427.5,423.0,374340,2021,0.8,78,76,86,16.0,3028,422.34285714285716,431.5783333333333,0.008280104092737162
2021-07-29,427.15,428.45,429.95,426.2,549750,2021,0.8,79,77,87,16.0,3029,423.3428571428571,431.67,0.005279211637728709
2021-07-30,426.5,425.35,426.95,423.2,608380,2021,0.8,70,73,83,16.0,3030,424.07142857142856,431.82166666666666,-0.007235383358618175
2021-08-02,427.4,422.35,427.65,420.75,658560,2021,0.8,72,75,85,16.0,3002,423.9785714285714,431.8233333333333,-0.007053015163982601
2021-08-03,424.45,426.0,426.0,417.95,791370,2021,0.8,73,76,86,16.0,3003,424.5785714285715,431.4983333333333,0.008642121463241281
2021-08-04,426.0,424.45,428.65,421.7,542390,2021,0.8,74,77,87,16.0,3004,425.07142857142856,431.13,-0.0036384976525821733
2021-08-05,422.4,421.65,424.3,420.1,843240,2021,0.8,75,73,83,16.0,3005,424.92142857142863,430.83,-0.006596772293556374
2021-08-06,422.0,427.4,427.9,420.0,919180,2021,0.8,76,74,84,16.0,3006,425.09285714285716,430.7416666666667,0.013636902644373228
2021-08-09,423.1,421.15,426.5,421.0,679890,2021,0.8,79,77,87,16.0,3009,424.05,430.44666666666666,-0.014623303696771228
2021-08-10,434.05,425.7,434.05,422.8,1407880,2021,0.8,70,73,83,16.0,3010,424.1,430.47833333333335,0.010803751632435077
2021-08-11,428.45,429.8,430.0,425.2,632170,2021,0.8,71,74,84,16.0,3011,425.16428571428565,430.3383333333333,0.009631195677707316
2021-08-12,431.9,429.55,433.0,427.65,408880,2021,0.8,72,75,85,16.0,3012,425.6714285714285,429.8933333333334,-0.000581665891112193
2021-08-13,430.75,426.65,431.15,423.3,424010,2021,0.8,73,76,86,16.0,3013,425.9857142857143,429.2116666666667,-0.006751251309510042
2021-08-16,421.55,428.8,428.9,421.15,502970,2021,0.8,76,74,84,16.0,3016,427.0071428571428,428.7083333333333,0.005039259346068192
2021-08-17,425.05,426.5,429.7,424.8,673430,2021,0.8,77,75,85,16.0,3017,426.8785714285714,427.9283333333333,-0.0053638059701492935
2021-08-18,429.8,427.2,429.8,425.95,259030,2021,0.8,78,76,86,16.0,3018,427.7428571428572,427.1683333333333,0.0016412661195779332
2021-08-19,424.95,415.8,425.3,415.8,1256970,2021,0.8,79,77,87,16.0,3019,426.32857142857137,426.35999999999996,-0.026685393258426893
2021-08-20,418.0,417.8,419.65,416.0,443670,2021,0.8,70,73,83,16.0,3020,424.61428571428576,425.62,0.00481000481000482
2021-08-23,419.85,425.5,427.2,419.5,617350,2021,0.8,73,76,86,16.0,3023,424.0357142857143,425.3016666666667,0.018429870751555777
2021-08-24,427.4,423.9,427.75,423.6,737780,2021,0.8,74,77,87,16.0,3024,423.64285714285717,424.89833333333337,-0.0037602820211516397
2021-08-25,425.9,428.05,429.65,424.1,600570,2021,0.8,75,73,83,16.0,3025,423.5357142857143,424.51666666666665,0.009790044821891941
2021-08-26,428.05,420.7,432.3,420.4,958020,2021,0.8,76,74,84,16.0,3026,422.7071428571429,424.07666666666665,-0.017170891251022113
2021-08-27,425.3,425.45,426.0,421.8,310560,2021,0.8,77,75,85,16.0,3027,422.45714285714286,423.97833333333335,0.011290705966246817
2021-08-30,425.6,429.45,431.0,425.6,668530,2021,0.8,70,73,83,16.0,3030,424.4071428571429,424.4683333333333,0.009401809848395892
2021-08-31,430.1,426.1,431.7,425.1,674270,2021,0.8,71,74,84,16.0,3031,425.59285714285716,424.62333333333333,-0.007800675282337743
2021-09-01,428.85,430.0,430.8,426.25,381280,2021,0.8,71,74,84,16.0,3001,426.2357142857143,424.9483333333334,0.009152781037315094
2021-09-02,430.0,431.7,432.2,427.2,406980,2021,0.8,72,75,85,16.0,3002,427.34999999999997,425.2383333333334,0.003953488372093084
2021-09-03,430.45,438.1,438.25,429.05,821440,2021,0.8,73,76,86,16.0,3003,428.7857142857143,425.78166666666664,0.014825110030113553
2021-09-06,438.1,437.2,440.95,432.95,711040,2021,0.8,76,74,84,16.0,3006,431.14285714285717,426.32166666666666,-0.002054325496462117
2021-09-07,435.0,430.65,436.65,397.85,2232920,2021,0.8,77,75,85,16.0,3007,431.88571428571424,426.5866666666667,-0.014981701738334907
2021-09-08,432.25,430.3,433.0,426.5,847210,2021,0.8,78,76,86,16.0,3008,432.00714285714287,426.72333333333336,-0.0008127249506558742
2021-09-09,431.0,430.7,432.2,427.9,451410,2021,0.8,79,77,87,16.0,3009,432.66428571428565,426.7983333333333,0.0009295840111549492
2021-09-10,432.65,427.3,434.55,427.3,622710,2021,0.8,70,73,83,16.0,3010,432.2785714285714,426.8633333333334,-0.007894125841653055
2021-09-13,430.4,436.4,437.5,428.5,635470,2021,0.8,73,76,86,16.0,3013,432.95,427.3316666666667,0.021296512988532523
2021-09-14,439.75,440.0,440.0,433.15,1137860,2021,0.8,74,77,87,16.0,3014,433.2214285714286,427.79833333333335,0.008249312557286892
2021-09-15,440.7,458.1,459.45,439.4,3534820,2021,0.8,75,73,83,16.0,3015,436.20714285714286,428.92,0.04113636363636375
2021-09-16,459.6,452.15,460.0,450.1,1005630,2021,0.8,76,74,84,16.0,3016,439.27857142857147,429.93666666666667,-0.0129884304736958
2021-09-17,452.95,454.5,458.3,449.3,1317650,2021,0.8,77,75,85,16.0,3017,442.7357142857143,430.84000000000003,0.005197390246599598
2021-09-20,453.15,446.15,453.15,444.1,955540,2021,0.8,70,73,83,16.0,3020,444.9428571428571,431.67333333333335,-0.018371837183718376
2021-09-21,446.35,446.95,451.95,445.4,1078500,2021,0.8,71,74,84,16.0,3021,447.75,432.3816666666667,0.0017931189061974884
2021-09-22,449.8,455.75,455.95,449.8,945340,2021,0.8,72,75,85,16.0,3022,450.5142857142857,433.2466666666667,0.019689003244210745
2021-09-23,459.25,462.5,465.45,452.6,1264400,2021,0.8,73,76,86,16.0,3023,453.7285714285714,434.34499999999997,0.014810751508502529
2021-09-24,462.65,463.5,467.2,457.6,1797540,2021,0.8,74,77,87,16.0,3024,454.5,435.5733333333334,0.00216216216216214
2021-09-27,465.5,473.25,473.9,464.25,1745950,2021,0.8,77,75,85,16.0,3027,457.5142857142857,437.05500000000006,0.021035598705501535
2021-09-28,476.0,477.55,484.6,467.5,3059410,2021,0.8,78,76,86,16.0,3028,460.8071428571429,438.7566666666667,0.009086106708927622
2021-09-29,474.05,481.3,484.9,470.65,1068190,2021,0.8,79,77,87,16.0,3029,465.82857142857137,440.56,0.007852580881583027
2021-09-30,481.55,473.0,483.95,472.0,1334070,2021,0.8,70,73,83,16.0,3030,469.55,442.46666666666664,-0.017244961562435046
2021-10-01,471.35,477.0,481.35,469.7,860370,2021,0.8,71,74,84,16.0,3001,472.5857142857143,444.43999999999994,0.008456659619450413
2021-10-04,476.95,496.6,497.95,476.95,1705710,2021,0.8,74,77,87,16.0,3004,477.45714285714286,446.81,0.04109014675052425
2021-10-05,498.85,522.45,522.95,498.85,2736770,2021,0.8,75,73,83,16.0,3005,485.87857142857143,450.095,0.052053966975432964
2021-10-06,523.15,510.45,531.65,508.5,3598230,2021,0.8,76,74,84,16.0,3006,491.1928571428571,452.84166666666664,-0.02296870513924787
2021-10-07,511.3,515.0,516.75,489.5,3317960,2021,0.8,77,75,85,16.0,3007,496.54285714285714,455.98499999999996,0.008913703594867206
2021-10-08,524.7,514.0,527.8,510.1,1639990,2021,0.8,78,76,86,16.0,3008,501.2142857142857,458.9366666666666,-0.001941747572815511
2021-10-11,519.5,515.95,524.35,513.65,1624970,2021,0.8,71,74,84,16.0,3011,507.35,461.82,0.0037937743190661344
2021-10-12,512.55,513.6,518.8,508.65,1156460,2021,0.8,72,75,85,16.0,3012,512.5785714285714,464.7366666666667,-0.004554704913266816
2021-10-13,516.0,508.5,516.1,501.3,1317000,2021,0.8,73,76,86,16.0,3013,514.2785714285714,467.35333333333335,-0.009929906542056166
2021-10-14,510.5,505.95,515.7,505.95,681660,2021,0.8,74,77,87,16.0,3014,511.92142857142863,469.82833333333326,-0.005014749262536866
2021-10-15,511.0,519.0,519.0,507.15,1147010,2021,0.8,75,73,83,16.0,3015,513.1428571428571,472.525,0.025793062555588442
2021-10-18,520.0,525.0,525.95,514.7,1498040,2021,0.8,78,76,86,16.0,3018,514.5714285714286,475.45166666666665,0.011560693641618602
2021-10-19,525.85,516.25,525.85,516.25,935420,2021,0.8,79,77,87,16.0,3019,514.8928571428571,478.305,-0.01666666666666672
2021-10-20,517.0,520.5,520.5,512.05,606490,2021,0.8,70,73,83,16.0,3020,515.5428571428572,481.3116666666666,0.008232445520581111
2021-10-21,517.15,518.75,520.0,512.6,613010,2021,0.8,71,74,84,16.0,3021,516.2785714285714,484.24666666666667,-0.00336215177713739
2021-10-22,517.2,513.8,519.5,510.5,671480,2021,0.8,72,75,85,16.0,3022,517.0357142857143,487.13,-0.009542168674698925
2021-10-25,515.0,518.5,521.75,510.9,817520,2021,0.8,75,73,83,16.0,3025,518.8285714285714,489.8666666666667,0.009147528221097767
2021-10-26,519.0,519.15,524.65,514.7,698440,2021,0.8,76,74,84,16.0,3026,518.85,492.505,0.0012536162005785112
2021-10-27,515.0,514.7,519.05,508.95,674320,2021,0.8,77,75,85,16.0,3027,517.3785714285714,494.39166666666665,-0.008571703746508619
2021-10-28,510.15,513.1,514.45,504.4,1202610,2021,0.8,78,76,86,16.0,3028,516.9285714285714,496.4233333333333,-0.0031086069555080753
2021-10-29,513.1,505.0,513.1,505.0,716880,2021,0.8,79,77,87,16.0,3029,514.7142857142857,498.1066666666666,-0.015786396413954407
2021-11-01,504.0,510.1,515.6,495.9,831700,2021,0.8,71,74,84,16.0,3001,513.4785714285714,500.23833333333334,0.010099009900990108
2021-11-02,509.8,503.05,515.6,502.1,788430,2021,0.8,72,75,85,16.0,3002,511.9428571428571,502.1083333333334,-0.013820819447167287
2021-11-03,503.0,490.85,503.7,490.8,891930,2021,0.8,73,76,86,16.0,3003,507.9928571428572,503.2783333333333,-0.024252062419242604
2021-11-05,492.85,498.3,498.95,485.9,971860,2021,0.8,75,73,83,16.0,3005,505.0142857142857,504.47166666666664,0.0151777528776611
2021-11-08,500.05,502.85,505.5,498.55,805080,2021,0.8,78,76,86,16.0,3008,503.32142857142856,505.7833333333334,0.00913104555488653
2021-11-09,499.1,492.0,507.5,491.15,698730,2021,0.8,79,77,87,16.0,3009,500.3071428571428,506.40833333333336,-0.021577011037088645
2021-11-10,493.0,501.5,503.15,493.0,815140,2021,0.8,70,73,83,16.0,3010,499.8071428571428,507.2066666666667,0.019308943089430874
2021-11-11,499.05,501.35,501.35,492.55,785370,2021,0.8,71,74,84,16.0,3011,498.5571428571429,507.875,-0.00029910269192423566
2021-11-12,501.35,500.0,502.3,489.3,803890,2021,0.8,72,75,85,16.0,3012,498.1214285714286,508.775,-0.0026927296299990022
2021-11-15,498.45,515.1,524.0,493.75,1415970,2021,0.8,75,73,83,16.0,3015,501.5857142857143,510.045,0.030200000000000005
2021-11-16,522.0,519.15,529.9,511.15,1765670,2021,0.8,76,74,84,16.0,3016,504.56428571428575,510.7966666666667,0.007862550960978432
2021-11-17,518.05,525.65,528.2,515.35,981440,2021,0.8,77,75,85,16.0,3017,507.82142857142856,510.90333333333336,0.012520466146585862
2021-11-18,523.05,518.85,524.9,517.2,1400220,2021,0.8,78,76,86,16.0,3018,511.6571428571429,511.18333333333334,-0.012936364501093811
2021-11-19,520.0,501.1,524.5,501.0,1674540,2021,0.8,79,77,87,16.0,3019,511.6,510.72,-0.03421027271851207
2021-11-22,498.9,491.5,504.45,481.15,2506790,2021,0.8,72,75,85,16.0,3022,510.1928571428571,509.97,-0.019157852724007274
2021-11-23,486.6,509.5,512.0,481.0,2209450,2021,0.8,73,76,86,16.0,3023,511.55,509.755,0.03662258392675488
2021-11-24,513.0,505.45,520.95,502.85,1589970,2021,0.8,74,77,87,16.0,3024,510.1714285714285,509.48333333333335,-0.007948969578017717
2021-11-25,506.75,503.95,515.0,496.0,1158340,2021,0.8,75,73,83,16.0,3025,508.0,509.33166666666665,-0.0029676525868038706
2021-11-26,497.7,491.9,501.85,490.3,1701770,2021,0.8,76,74,84,16.0,3026,503.17857142857144,508.8633333333334,-0.023911102291894082
2021-11-29,495.7,500.25,509.0,494.8,1426350,2021,0.8,79,77,87,16.0,3029,500.52142857142854,508.2383333333334,0.016974994917666297
2021-11-30,499.0,498.0,503.5,495.65,903120,2021,0.8,70,73,83,16.0,3030,500.0785714285715,507.33833333333337,-0.004497751124437732
2021-12-01,501.2,515.0,520.85,500.05,2103770,2021,0.8,71,74,84,16.0,3001,503.4357142857143,507.29666666666674,0.034136546184738936
2021-12-02,517.85,518.25,526.0,512.5,1155770,2021,0.8,72,75,85,16.0,3002,504.6857142857143,507.2216666666667,0.006310679611650549
2021-12-03,520.2,526.0,532.0,520.2,1994160,2021,0.8,73,76,86,16.0,3003,507.6214285714286,507.46333333333337,0.014954172696574952
2021-12-06,530.0,522.95,533.95,509.8,1208110,2021,0.8,76,74,84,16.0,3006,510.3357142857143,507.7683333333333,-0.005798479087452346
2021-12-07,523.55,525.5,536.55,517.7,1399340,2021,0.8,77,75,85,16.0,3007,515.1357142857142,508.00166666666667,0.00487618319150962
2021-12-08,529.0,522.8,532.75,519.65,941930,2021,0.8,78,76,86,16.0,3008,518.3571428571429,508.12333333333333,-0.00513796384395826
2021-12-09,523.5,523.2,528.0,517.05,704510,2021,0.8,79,77,87,16.0,3009,521.9571428571428,508.40666666666664,0.0007651109410866663
2021-12-10,520.3,518.9,522.55,516.1,556720,2021,0.8,70,73,83,16.0,3010,522.5142857142857,508.6,-0.00821865443425085
2021-12-13,520.15,512.1,524.2,511.65,757860,2021,0.8,73,76,86,16.0,3013,521.6357142857144,508.8366666666667,-0.013104644440161795
2021-12-14,508.0,509.0,519.0,494.05,867380,2021,0.8,74,77,87,16.0,3014,519.2071428571428,508.8,-0.006053505174770546
2021-12-15,513.35,520.0,528.75,513.35,1043160,2021,0.8,75,73,83,16.0,3015,518.7857142857143,509.36499999999995,0.0216110019646365
2021-12-16,526.0,535.85,537.25,524.25,1326280,2021,0.8,76,74,84,16.0,3016,520.2642857142857,510.865,0.030480769230769367
2021-12-17,534.85,534.4,539.0,530.15,1295930,2021,0.8,77,75,85,16.0,3017,521.9214285714286,512.0683333333333,-0.0027059811514417165
2021-12-20,530.95,535.4,539.7,526.8,1393080,2021,0.8,70,73,83,16.0,3020,523.6642857142857,513.1533333333333,0.0018712574850299202
2021-12-21,539.8,543.9,544.4,534.5,1642790,2021,0.8,71,74,84,16.0,3021,527.2357142857143,514.8833333333333,0.015875980575270843
2021-12-22,543.95,545.95,547.7,540.15,1832290,2021,0.8,72,75,85,16.0,3022,532.0714285714286,516.365,0.0037690751976466874
2021-12-23,546.5,551.5,557.0,546.45,2186240,2021,0.8,73,76,86,16.0,3023,538.1428571428571,518.0366666666666,0.010165766095796336
2021-12-24,552.0,562.0,563.75,546.0,2093100,2021,0.8,74,77,87,16.0,3024,544.1428571428571,520.1033333333334,0.01903898458748876
2021-12-27,523.0,526.25,529.0,520.0,2509620,2021,0.8,77,75,85,16.0,3027,542.7714285714286,520.475,-0.06361209964412806
2021-12-28,527.15,540.7,541.25,527.15,2129660,2021,0.8,78,76,86,16.0,3028,543.6714285714286,521.1933333333334,0.027458432304038105
2021-12-29,542.5,539.0,545.95,530.8,1148430,2021,0.8,79,77,87,16.0,3029,544.1857142857143,521.6383333333333,-0.0031440724986130375
2021-12-30,538.1,544.8,546.0,534.7,1426260,2021,0.8,70,73,83,16.0,3030,544.3142857142858,522.5033333333333,0.010760667903525034
2022-01-03,546.15,536.5,551.5,530.3,1484130,2022,0.8,73,76,86,16.0,3003,542.9642857142857,523.6833333333333,-0.015234948604992526
2022-01-04,538.5,545.05,545.05,533.45,1131090,2022,0.8,74,77,87,16.0,3004,542.0428571428572,525.4683333333334,0.01593662628145376
2022-01-05,543.0,540.5,545.65,538.75,520930,2022,0.8,75,73,83,16.0,3005,538.9714285714286,526.5016666666667,-0.008347857994679297
2022-01-06,540.95,537.9,542.3,534.0,698320,2022,0.8,76,74,84,16.0,3006,540.6357142857142,527.5833333333334,-0.00481036077705832
2022-01-10,540.4,534.5,546.15,532.55,1146120,2022,0.8,70,73,83,16.0,3010,539.75,528.6016666666667,-0.006320877486521659
2022-01-11,534.05,537.05,540.9,533.1,615410,2022,0.8,71,74,84,16.0,3011,539.4714285714286,530.1066666666667,0.004770813844714672
2022-01-12,537.75,540.35,545.25,530.95,1121130,2022,0.8,72,75,85,16.0,3012,538.8357142857143,531.4433333333333,0.00614467926636264
2022-01-13,540.3,535.3,544.9,535.0,1038120,2022,0.8,73,76,86,16.0,3013,538.6642857142857,532.6866666666666,-0.009345794392523477
2022-01-14,536.0,526.25,540.95,516.0,1690450,2022,0.8,74,77,87,16.0,3014,535.9785714285714,533.0616666666666,-0.016906407621894215
2022-01-17,530.0,522.7,535.9,520.0,1844170,2022,0.8,77,75,85,16.0,3017,533.4357142857142,533.2099999999999,-0.006745843230403725
2022-01-18,520.05,503.0,523.35,493.0,2104340,2022,0.8,78,76,86,16.0,3018,528.45,532.4433333333333,-0.03768892290032533
2022-01-19,500.0,499.95,518.7,479.8,2330730,2022,0.8,79,77,87,16.0,3019,523.5142857142857,531.6766666666667,-0.006063618290258477
2022-01-20,517.0,510.0,523.95,503.05,1312500,2022,0.8,70,73,83,16.0,3020,519.65,531.1600000000001,0.020102010201020093
2022-01-21,505.1,501.6,512.6,494.0,1393190,2022,0.8,71,74,84,16.0,3021,514.1142857142858,530.4533333333333,-0.016470588235294126
2022-01-24,503.05,477.6,503.05,466.1,2318470,2022,0.8,74,77,87,16.0,3024,505.87142857142857,528.9333333333333,-0.04784688995215314
2022-01-25,495.0,480.15,495.0,476.05,1531370,2022,0.8,75,73,83,16.0,3025,499.28571428571433,527.6416666666667,0.005339195979899403
2022-01-26,485.45,487.7,498.75,481.35,1109270,2022,0.8,76,74,84,16.0,3026,494.2857142857143,526.8283333333334,0.015724252837654884
2022-01-27,487.7,506.9,519.4,482.9,2617710,2022,0.8,77,75,85,16.0,3027,494.84285714285716,526.7583333333333,0.03936846421980733
2022-01-28,512.05,505.8,517.05,502.5,1050020,2022,0.8,78,76,86,16.0,3028,495.67857142857144,526.2850000000001,-0.0021700532649436832
2022-01-31,511.85,500.25,514.2,500.05,692610,2022,0.8,71,74,84,16.0,3031,494.2857142857143,525.0983333333334,-0.010972716488730772
2022-02-01,500.95,510.8,513.6,496.35,1126930,2022,0.8,71,74,84,16.0,3001,495.59999999999997,524.3116666666667,0.021089455272363944
2022-02-02,510.8,512.05,515.35,498.2,1369230,2022,0.8,72,75,85,16.0,3002,500.52142857142854,523.5333333333333,0.0024471417384492877
2022-02-03,505.7,502.0,510.25,495.55,1005620,2022,0.8,73,76,86,16.0,3003,503.64285714285717,522.1366666666667,-0.019626989551801532
2022-02-04,505.0,500.5,513.75,498.5,1594870,2022,0.8,74,77,87,16.0,3004,505.4714285714286,520.6216666666667,-0.0029880478087649376
2022-02-07,506.3,507.65,510.0,497.0,939220,2022,0.8,77,75,85,16.0,3007,505.57857142857137,519.1600000000001,0.014285714285714235
2022-02-08,507.5,515.6,515.6,503.55,1210080,2022,0.8,78,76,86,16.0,3008,506.97857142857146,517.6133333333333,0.015660395942086236
2022-02-09,519.0,520.9,523.3,517.15,755410,2022,0.8,79,77,87,16.0,3009,509.92857142857144,517.4350000000001,0.010279286268425114
2022-02-10,520.9,532.3,534.7,517.0,1177830,2022,0.8,70,73,83,16.0,3010,513.0,517.155,0.021885198694566954
2022-02-11,528.8,531.3,532.25,520.7,1169020,2022,0.8,71,74,84,16.0,3011,515.7499999999999,516.8983333333333,-0.0018786398647379077
2022-02-14,521.0,504.85,528.9,500.5,3178100,2022,0.8,74,77,87,16.0,3014,516.157142857143,515.5666666666667,-0.04978354978354971
2022-02-15,512.0,521.15,527.7,509.2,2030680,2022,0.8,75,73,83,16.0,3015,519.1071428571429,515.055,0.032286817866693074
2022-02-16,527.0,525.15,530.4,518.1,1003870,2022,0.8,76,74,84,16.0,3016,521.6071428571429,514.3916666666667,0.007675333397294537
2022-02-17,524.15,511.0,524.15,507.55,1282260,2022,0.8,77,75,85,16.0,3017,520.9499999999999,513.4083333333333,-0.026944682471674697
2022-02-18,514.95,505.35,518.15,488.55,1266160,2022,0.8,78,76,86,16.0,3018,518.7285714285714,512.3233333333333,-0.011056751467710346
2022-02-21,510.5,453.15,515.95,450.05,3993380,2022,0.8,71,74,84,16.0,3021,507.4214285714285,509.6116666666666,-0.10329474621549428
2022-02-22,436.95,477.4,508.0,409.05,3533010,2022,0.8,72,75,85,16.0,3022,499.7214285714286,507.62333333333333,0.05351428886682119
2022-02-24,432.1,350.0,432.1,308.8,1968780,2022,0.8,74,77,87,16.0,3024,477.59999999999997,501.27833333333336,-0.2668621700879765
2022-02-25,377.0,400.45,467.65,377.0,929240,2022,0.8,75,73,83,16.0,3025,460.35714285714283,496.78333333333336,0.14414285714285713
2022-03-28,440.5,389.0,473.95,362.0,844393,2022,0.8,78,76,86,16.0,3028,440.90714285714284,492.2083333333333,-0.028592833062804357
2022-03-29,389.2,398.0,409.9,369.0,351968,2022,0.8,79,77,87,16.0,3029,424.7642857142857,488.0516666666666,0.023136246786632286
2022-03-30,399.6,422.0,427.0,398.0,333044,2022,0.8,70,73,83,16.0,3030,412.85714285714283,485.35166666666663,0.06030150753768848
2022-03-31,422.0,447.9,449.0,420.05,430594,2022,0.8,71,74,84,16.0,3031,412.10714285714283,483.6166666666666,0.06137440758293833
2022-04-01,450.75,431.7,467.9,410.0,946870,2022,0.8,71,74,84,16.0,3001,405.57857142857137,481.0066666666666,-0.036168787675820435
2022-04-04,439.65,434.0,441.0,412.0,456667,2022,0.8,74,77,87,16.0,3004,417.57857142857137,478.75333333333333,0.005327773917072065
2022-04-05,435.6,412.55,439.9,410.6,775140,2022,0.8,75,73,83,16.0,3005,419.3071428571429,476.585,-0.0494239631336405
2022-04-06,411.0,430.05,438.95,400.05,497391,2022,0.8,76,74,84,16.0,3006,425.1714285714285,474.915,0.04241910071506494
2022-04-07,428.75,430.1,439.0,420.0,418579,2022,0.8,77,75,85,16.0,3007,429.75714285714287,472.995,0.00011626555051735821
2022-04-08,430.15,437.3,438.35,430.1,360428,2022,0.8,78,76,86,16.0,3008,431.9428571428571,470.675,0.01674029295512658
2022-04-11,437.0,424.0,439.85,423.0,459907,2022,0.8,71,74,84,16.0,3011,428.5285714285714,467.9483333333333,-0.03041390349874229
2022-04-12,424.75,428.1,429.15,410.0,381062,2022,0.8,72,75,85,16.0,3012,428.0142857142858,465.5433333333333,0.009669811320754729
2022-04-13,429.0,425.0,434.45,420.0,139157,2022,0.8,73,76,86,16.0,3013,426.72857142857146,462.68333333333334,-0.0072412987619715485
2022-04-14,421.05,404.55,426.9,403.1,196202,2022,0.8,74,77,87,16.0,3014,425.5857142857143,459.1,-0.04811764705882349
2022-04-15,404.55,423.95,423.95,400.6,267331,2022,0.8,75,73,83,16.0,3015,424.7142857142858,456.49833333333333,0.04795451736497336
2022-04-18,420.0,403.1,420.0,403.1,263695,2022,0.8,78,76,86,16.0,3018,420.85714285714283,453.2516666666667,-0.0491803278688524
2022-04-19,404.0,384.8,407.7,375.0,1408751,2022,0.8,79,77,87,16.0,3019,413.35714285714283,449.15666666666664,-0.04539816422723897
2022-04-20,387.9,401.75,402.8,371.6,522881,2022,0.8,70,73,83,16.0,3020,410.17857142857144,445.3616666666667,0.044048856548856596
2022-04-21,400.75,384.7,402.85,382.05,205912,2022,0.8,71,74,84,16.0,3021,403.9785714285714,440.82166666666666,-0.042439327940261395
2022-04-22,383.55,388.65,398.0,380.0,195728,2022,0.8,72,75,85,16.0,3022,398.7857142857143,436.03333333333336,0.010267741096958716
2022-04-25,394.0,379.45,394.0,376.05,151752,2022,0.8,75,73,83,16.0,3025,395.2,430.9716666666667,-0.02367168403447828
2022-04-26,382.0,399.6,399.6,379.9,255730,2022,0.8,76,74,84,16.0,3026,391.72142857142853,427.4633333333333,0.05310317564896572
2022-04-27,399.6,402.5,410.0,392.05,217550,2022,0.8,77,75,85,16.0,3027,391.63571428571424,423.5083333333333,0.0072572572572571215
2022-04-28,407.0,408.8,414.6,403.15,305186,2022,0.8,78,76,86,16.0,3028,395.0642857142857,419.63,0.01565217391304352
2022-04-29,411.25,417.0,418.0,400.0,243298,2022,0.8,79,77,87,16.0,3029,397.24285714285713,416.4966666666667,0.020058708414872672
2022-05-04,416.9,408.9,419.4,401.05,182023,2022,0.8,74,77,87,16.0,3004,400.7,413.2816666666667,-0.01942446043165469
2022-05-05,408.1,408.0,413.9,405.0,102786,2022,0.8,75,73,83,16.0,3005,403.4642857142857,411.77666666666664,-0.002201027146001455
2022-05-06,407.0,394.7,407.0,391.75,272455,2022,0.8,76,74,84,16.0,3006,405.64285714285717,409.0199999999999,-0.03259803921568627
2022-05-11,394.7,396.9,397.9,390.0,191593,2022,0.8,71,74,84,16.0,3011,405.25714285714287,410.5833333333333,0.005573853559665443
2022-05-12,393.95,383.05,396.55,380.0,151307,2022,0.8,72,75,85,16.0,3012,402.4785714285714,410.00333333333333,-0.03489543965734432
2022-05-13,383.8,380.0,386.15,380.0,96881,2022,0.8,73,76,86,16.0,3013,398.3642857142857,409.7033333333333,-0.007962406996475657
2022-05-16,381.95,394.75,394.75,381.95,288927,2022,0.8,76,74,84,16.0,3016,395.18571428571425,409.595,0.03881578947368425
2022-05-17,394.75,398.05,407.0,393.75,344155,2022,0.8,77,75,85,16.0,3017,393.63571428571424,408.79666666666674,0.008359721342621862
2022-05-18,403.0,430.0,438.8,403.0,967881,2022,0.8,78,76,86,16.0,3018,396.7785714285714,408.2,0.0802662982037432
2022-05-19,445.5,418.0,457.2,412.4,752451,2022,0.8,79,77,87,16.0,3019,400.10714285714283,407.7433333333333,-0.027906976744186074
2022-05-20,420.6,407.0,423.5,401.0,302587,2022,0.8,70,73,83,16.0,3020,401.55,406.8433333333333,-0.02631578947368418
2022-05-23,408.0,399.5,410.55,390.05,350777,2022,0.8,73,76,86,16.0,3023,403.90000000000003,406.40833333333336,-0.01842751842751844
2022-05-24,399.75,395.45,401.75,388.0,292318,2022,0.8,74,77,87,16.0,3024,406.10714285714283,405.255,-0.010137672090112626
2022-05-25,399.9,397.7,405.9,392.6,225179,2022,0.8,75,73,83,16.0,3025,406.52857142857147,404.175,0.005689720571500745
2022-05-26,397.7,401.65,407.9,396.0,292687,2022,0.8,76,74,84,16.0,3026,407.04285714285714,402.9866666666667,0.009932109630374608
2022-05-27,406.85,414.55,422.7,402.15,489572,2022,0.8,77,75,85,16.0,3027,404.8357142857143,402.6716666666667,0.03211751524959561
2022-05-30,420.0,420.2,422.3,416.0,505834,2022,0.8,70,73,83,16.0,3030,405.15000000000003,402.40833333333336,0.013629236521529364
2022-05-31,420.65,419.45,420.65,412.9,168093,2022,0.8,71,74,84,16.0,3031,406.92857142857144,402.2233333333333,-0.0017848643503093342
2022-06-01,417.0,411.7,418.0,411.5,136421,2022,0.8,71,74,84,16.0,3001,408.6714285714285,402.4616666666667,-0.01847657646918588
2022-06-02,413.95,410.1,414.0,395.0,406373,2022,0.8,72,75,85,16.0,3002,410.7642857142858,402.0,-0.0038863249939274924
2022-06-03,410.0,412.0,420.0,406.05,421813,2022,0.8,73,76,86,16.0,3003,412.8071428571428,402.2966666666667,0.00463301633747859
2022-06-06,411.5,409.7,411.8,408.4,172433,2022,0.8,76,74,84,16.0,3006,413.9571428571429,403.12666666666667,-0.005582524271844691
2022-06-07,408.45,408.7,409.0,397.0,412838,2022,0.8,77,75,85,16.0,3007,413.12142857142857,403.35833333333335,-0.0024408103490358712
2022-06-08,410.0,430.0,432.9,405.8,852431,2022,0.8,78,76,86,16.0,3008,414.52142857142854,404.8683333333333,0.05211646684609739
2022-06-09,432.0,432.1,444.0,428.15,546366,2022,0.8,79,77,87,16.0,3009,416.3285714285715,406.31666666666666,0.0048837209302325935
2022-06-10,430.8,427.5,438.0,423.0,436325,2022,0.8,70,73,83,16.0,3010,418.58571428571435,407.9183333333333,-0.010645683869474731
2022-06-14,422.4,434.65,437.0,418.2,394542,2022,0.8,74,77,87,16.0,3014,422.0928571428571,409.0866666666667,0.016725146198830254
2022-06-15,434.05,431.2,435.2,428.85,171399,2022,0.8,75,73,83,16.0,3015,424.8357142857143,410.04333333333335,-0.007937420913378568
2022-06-16,435.5,443.0,443.0,432.25,390848,2022,0.8,76,74,84,16.0,3016,429.59285714285716,411.18333333333334,0.027365491651206053
2022-06-17,443.4,444.0,449.85,440.0,428928,2022,0.8,77,75,85,16.0,3017,434.6357142857143,412.0833333333333,0.0022573363431150906
2022-06-20,447.8,452.5,452.5,437.0,308131,2022,0.8,70,73,83,16.0,3020,437.85,413.5366666666667,0.019144144144144226
2022-06-21,454.95,444.05,457.5,439.0,395272,2022,0.8,71,74,84,16.0,3021,439.5571428571429,414.73833333333334,-0.018674033149171265
2022-06-22,440.7,426.25,443.0,425.5,411958,2022,0.8,72,75,85,16.0,3022,439.3785714285714,415.79,-0.04008557594865447
2022-06-23,429.8,416.0,438.45,413.75,886511,2022,0.8,73,76,86,16.0,3023,436.7142857142857,416.4266666666666,-0.02404692082111437
2022-06-24,419.2,419.75,424.45,417.95,259514,2022,0.8,74,77,87,16.0,3024,435.07857142857137,417.65,0.009014423076923128
2022-06-27,420.3,426.9,431.0,418.45,456970,2022,0.8,77,75,85,16.0,3027,432.7785714285714,419.2133333333333,0.01703394877903519
2022-06-28,431.0,414.5,433.2,412.7,873394,2022,0.8,78,76,86,16.0,3028,428.5642857142857,419.87166666666667,-0.029046615132349407
2022-06-29,415.0,411.05,416.5,401.0,537634,2022,0.8,79,77,87,16.0,3029,422.64285714285717,420.305,-0.008323281061519916
2022-06-30,412.3,396.2,418.8,391.0,616619,2022,0.8,70,73,83,16.0,3030,415.8071428571429,419.17833333333334,-0.0361269918501399
2022-07-01,393.2,395.05,414.65,393.2,497161,2022,0.8,71,74,84,16.0,3001,411.35,418.4133333333333,-0.0029025744573447643
2022-07-04,398.1,400.85,408.2,398.1,300920,2022,0.8,74,77,87,16.0,3004,409.1857142857143,418.2083333333333,0.014681685862549143
2022-07-05,403.9,397.0,403.9,391.7,465422,2022,0.8,75,73,83,16.0,3005,405.9357142857143,418.125,-0.009604590245727906
2022-07-06,397.5,397.35,402.0,394.05,467215,2022,0.8,76,74,84,16.0,3006,401.7142857142857,418.18833333333333,0.0008816120906800506
2022-07-07,383.0,387.95,390.0,379.55,632029,2022,0.8,77,75,85,16.0,3007,397.9214285714285,417.86333333333334,-0.023656725808481327
2022-07-08,388.0,390.3,391.75,385.0,248299,2022,0.8,78,76,86,16.0,3008,394.95714285714286,417.48499999999996,0.006057481634231365
2022-07-11,390.3,385.3,390.3,384.0,255167,2022,0.8,71,74,84,16.0,3011,393.40000000000003,416.51000000000005,-0.012810658467845237
2022-07-12,385.3,382.0,387.2,375.25,311867,2022,0.8,72,75,85,16.0,3012,391.5357142857143,415.2366666666667,-0.008564754736568925
2022-07-13,382.0,369.6,383.95,367.35,267392,2022,0.8,73,76,86,16.0,3013,387.07142857142856,413.575,-0.032460732984293084
2022-07-14,368.9,365.0,373.05,360.0,323198,2022,0.8,74,77,87,16.0,3014,382.5,412.0183333333333,-0.012445887445887482
2022-07-15,364.9,380.0,385.0,361.0,238696,2022,0.8,75,73,83,16.0,3015,380.0214285714286,411.01500000000004,0.041095890410958846
2022-07-18,385.0,370.1,385.0,370.1,165274,2022,0.8,78,76,86,16.0,3018,377.47142857142853,409.6183333333333,-0.026052631578947327
2022-07-19,371.5,367.7,375.0,365.0,190738,2022,0.8,79,77,87,16.0,3019,374.2428571428572,408.21833333333336,-0.006484733855714797
2022-07-20,368.85,371.0,371.5,367.0,97372,2022,0.8,70,73,83,16.0,3020,372.2,406.9616666666667,0.008974707642099622
2022-07-21,371.45,357.95,373.35,356.0,292860,2022,0.8,71,74,84,16.0,3021,368.7642857142857,404.56,-0.035175202156334295
2022-07-22,359.0,364.0,368.0,357.75,375945,2022,0.8,72,75,85,16.0,3022,367.9642857142857,402.29,0.016901801927643456
2022-07-25,363.0,361.05,368.0,361.05,220874,2022,0.8,75,73,83,16.0,3025,367.40000000000003,400.075,-0.008104395604395576
2022-07-26,362.0,381.4,383.0,361.65,548253,2022,0.8,76,74,84,16.0,3026,367.59999999999997,398.3,0.05636338457277379
2022-07-27,383.2,386.0,394.5,378.7,618716,2022,0.8,77,75,85,16.0,3027,369.87142857142857,396.7933333333333,0.012060828526481382
2022-07-28,388.0,385.0,388.0,380.1,278435,2022,0.8,78,76,86,16.0,3028,372.3428571428571,394.85999999999996,-0.002590673575129543
2022-07-29,385.5,381.95,386.95,378.15,375164,2022,0.8,79,77,87,16.0,3029,373.90714285714284,392.7916666666667,-0.007922077922077997
2022-08-01,380.8,383.0,390.0,380.0,347627,2022,0.8,71,74,84,16.0,3001,377.4857142857143,390.475,0.0027490509228957904
2022-08-02,385.3,386.0,389.0,378.0,296858,2022,0.8,72,75,85,16.0,3002,380.62857142857143,388.54,0.007832898172323688
2022-08-03,385.0,383.7,387.0,380.1,121262,2022,0.8,73,76,86,16.0,3003,383.8642857142857,387.12166666666667,-0.005958549222797926
2022-08-04,385.0,378.0,385.0,378.0,194785,2022,0.8,74,77,87,16.0,3004,383.37857142857143,385.85499999999996,-0.014855355746677068
2022-08-05,379.35,373.0,381.45,368.0,374836,2022,0.8,75,73,83,16.0,3005,381.5214285714286,384.2966666666667,-0.013227513227513255
2022-08-08,380.95,375.0,382.8,373.7,149952,2022,0.8,78,76,86,16.0,3008,380.09285714285716,382.56666666666666,0.00536193029490617
2022-08-09,376.0,381.0,382.0,373.3,147192,2022,0.8,79,77,87,16.0,3009,379.95714285714286,381.45,0.016000000000000014
2022-08-10,381.1,388.95,388.95,381.05,201667,2022,0.8,70,73,83,16.0,3010,380.8071428571428,380.7133333333333,0.020866141732283516
2022-08-11,388.05,387.05,394.85,385.75,253044,2022,0.8,71,74,84,16.0,3011,380.95714285714286,380.40833333333336,-0.004884946651240507
2022-08-12,387.05,382.7,391.8,375.3,345075,2022,0.8,72,75,85,16.0,3012,380.8142857142857,379.99666666666667,-0.011238858028678522
2022-08-15,384.0,389.9,389.9,380.5,217767,2022,0.8,75,73,83,16.0,3015,382.5142857142857,379.6316666666667,0.018813692187091613
2022-08-16,389.9,398.2,402.0,388.75,521606,2022,0.8,76,74,84,16.0,3016,386.11428571428576,379.67166666666674,0.021287509617850864
2022-08-17,398.5,394.6,403.2,394.6,266424,2022,0.8,77,75,85,16.0,3017,388.9142857142857,379.58,-0.009040683073832212
2022-08-18,394.6,400.5,400.75,393.05,212810,2022,0.8,78,76,86,16.0,3018,391.7,379.9983333333333,0.014951849974657927
2022-08-19,400.0,403.8,404.55,396.05,188972,2022,0.8,79,77,87,16.0,3019,393.82142857142856,380.4483333333334,0.008239700374531811
2022-08-22,403.3,407.95,408.0,400.8,199978,2022,0.8,72,75,85,16.0,3022,396.8071428571429,381.20333333333326,0.010277365032194119
2022-08-23,407.95,406.7,411.7,405.15,172611,2022,0.8,73,76,86,16.0,3023,400.2357142857142,382.02666666666664,-0.00306410099276877
2022-08-24,406.8,403.9,408.95,401.65,175648,2022,0.8,74,77,87,16.0,3024,402.2357142857143,383.17,-0.0068846815834767705
2022-08-25,403.1,400.1,407.75,400.1,196218,2022,0.8,75,73,83,16.0,3025,402.5071428571428,384.34,-0.00940826937360717
2022-08-26,400.15,407.95,407.95,398.1,181201,2022,0.8,76,74,84,16.0,3026,404.4142857142857,385.2716666666667,0.019620094976255942
2022-08-29,406.45,407.5,409.95,405.35,207268,2022,0.8,79,77,87,16.0,3029,405.4142857142857,386.5183333333334,-0.001103076357396704
2022-08-30,409.9,406.5,418.9,406.0,387555,2022,0.8,70,73,83,16.0,3030,405.80000000000007,387.81166666666667,-0.0024539877300613355
2022-08-31,417.45,420.05,433.95,412.0,961191,2022,0.8,71,74,84,16.0,3031,407.5285714285714,389.44666666666666,0.03333333333333344
2022-09-01,423.4,412.1,429.0,411.3,447433,2022,0.8,71,74,84,16.0,3001,408.30000000000007,391.2516666666667,-0.018926318295441003
2022-09-02,413.5,423.05,433.0,412.45,664953,2022,0.8,72,75,85,16.0,3002,411.0357142857143,393.21999999999997,0.026571220577529697
2022-09-05,425.7,437.0,440.0,420.6,430378,2022,0.8,75,73,83,16.0,3005,416.3071428571429,395.75166666666667,0.03297482567072452
2022-09-06,442.1,433.0,442.1,415.0,564909,2022,0.8,76,74,84,16.0,3006,419.88571428571424,397.47166666666664,-0.009153318077803174
2022-09-07,431.0,423.0,432.0,423.0,423949,2022,0.8,77,75,85,16.0,3007,422.09999999999997,398.705,-0.023094688221709014
2022-09-08,422.0,426.85,427.85,420.4,236520,2022,0.8,78,76,86,16.0,3008,425.0071428571428,400.1,0.00910165484633585
2022-09-09,429.0,429.15,440.0,424.0,754498,2022,0.8,79,77,87,16.0,3009,426.3071428571429,401.6733333333333,0.005388309710671058
2022-09-12,430.0,433.9,434.65,427.1,243371,2022,0.8,72,75,85,16.0,3012,429.42142857142863,403.36999999999995,0.011068391005475853
2022-09-13,433.9,433.2,439.2,432.5,306985,2022,0.8,73,76,86,16.0,3013,430.87142857142857,404.9433333333333,-0.0016132749481446718
2022-09-14,433.2,428.85,433.2,423.65,246682,2022,0.8,74,77,87,16.0,3014,429.70714285714286,406.4483333333334,-0.010041551246537272
2022-09-15,429.85,439.95,439.95,428.85,240746,2022,0.8,75,73,83,16.0,3015,430.7,408.5133333333333,0.02588317593564171
2022-09-16,439.8,436.7,443.4,431.05,388362,2022,0.8,76,74,84,16.0,3016,432.65714285714284,410.63666666666666,-0.007387203091260397
2022-09-19,435.35,430.0,436.0,427.0,295941,2022,0.8,79,77,87,16.0,3019,433.10714285714283,412.47,-0.015342340279367983
2022-09-20,431.0,394.9,431.0,375.15,1452966,2022,0.8,70,73,83,16.0,3020,428.2142857142857,412.93333333333334,-0.08162790697674427
2022-09-21,364.8,371.0,394.9,350.0,730700,2022,0.8,71,74,84,16.0,3021,419.2285714285714,412.335,-0.060521651050898906
2022-09-22,371.25,385.5,394.9,371.25,531358,2022,0.8,72,75,85,16.0,3022,412.4142857142857,412.28333333333336,0.03908355795148255
2022-09-23,384.3,365.1,388.9,360.0,504244,2022,0.8,73,76,86,16.0,3023,403.3071428571429,411.69666666666666,-0.052918287937743114
2022-09-26,362.8,345.5,362.8,321.0,1075267,2022,0.8,76,74,84,16.0,3026,389.8142857142857,410.21666666666664,-0.05368392221309237
2022-09-27,347.7,340.0,368.95,336.65,704917,2022,0.8,77,75,85,16.0,3027,376.0,408.27666666666664,-0.01591895803183796
2022-09-28,344.0,345.95,347.15,331.0,318092,2022,0.8,78,76,86,16.0,3028,363.9928571428572,406.65500000000003,0.01750000000000007
2022-09-29,346.2,335.55,349.7,331.85,259679,2022,0.8,79,77,87,16.0,3029,355.5142857142857,404.49,-0.030062147709206455
2022-09-30,336.9,338.8,348.9,328.1,538290,2022,0.8,70,73,83,16.0,3030,350.9142857142857,402.3233333333333,0.009685590821040035
2022-10-03,343.0,362.5,364.75,341.85,353173,2022,0.8,73,76,86,16.0,3003,347.62857142857143,400.80833333333334,0.0699527744982289
2022-10-04,365.0,362.0,374.25,352.45,386239,2022,0.8,74,77,87,16.0,3004,347.1857142857143,399.3183333333333,-0.0013793103448276334
2022-10-05,361.85,358.55,372.0,352.05,432589,2022,0.8,75,73,83,16.0,3005,349.05000000000007,397.8066666666667,-0.009530386740331465
2022-10-06,359.5,368.0,370.95,359.35,398361,2022,0.8,76,74,84,16.0,3006,353.05000000000007,396.7366666666667,0.026356156742434855
2022-10-07,369.0,350.65,369.9,347.5,223959,2022,0.8,77,75,85,16.0,3007,353.72142857142853,394.82666666666665,-0.04714673913043488
2022-10-10,329.0,359.2,361.65,327.0,342667,2022,0.8,70,73,83,16.0,3010,357.1,393.21666666666664,0.024383288179095963
2022-10-11,361.95,363.8,370.95,359.0,305434,2022,0.8,71,74,84,16.0,3011,360.6714285714285,391.7933333333333,0.012806236080178168
2022-10-12,365.8,365.25,374.9,364.0,243583,2022,0.8,72,75,85,16.0,3012,361.0642857142857,389.96666666666664,0.003985706432105607
2022-10-13,367.5,376.3,382.95,365.25,447889,2022,0.8,73,76,86,16.0,3013,363.10714285714283,388.7733333333333,0.03025325119780975
2022-10-14,378.85,377.85,382.0,372.55,260021,2022,0.8,74,77,87,16.0,3014,365.8642857142857,387.26666666666665,0.004119053946319395
2022-10-17,378.8,387.55,389.0,376.45,241272,2022,0.8,77,75,85,16.0,3017,368.6571428571429,385.6183333333334,0.025671562789466584
2022-10-18,391.55,388.9,392.6,382.0,263879,2022,0.8,78,76,86,16.0,3018,374.1214285714286,384.14833333333337,0.0034834214940007158
2022-10-19,383.8,385.0,388.7,378.2,271914,2022,0.8,79,77,87,16.0,3019,377.8071428571428,382.8816666666667,-0.01002828490614549
2022-10-20,386.5,390.0,396.8,385.05,286291,2022,0.8,70,73,83,16.0,3020,381.55000000000007,381.65333333333336,0.01298701298701288
2022-10-21,391.0,396.15,397.05,387.05,160168,2022,0.8,71,74,84,16.0,3021,385.9642857142857,380.55333333333334,0.015769230769230758
2022-10-24,402.8,406.3,406.3,395.0,225237,2022,0.8,74,77,87,16.0,3024,390.25,379.6333333333333,0.025621607976776595
2022-10-25,408.8,416.45,417.65,404.8,352152,2022,0.8,75,73,83,16.0,3025,395.7642857142857,379.075,0.02498154073344816
2022-10-26,415.0,415.0,415.0,408.5,298599,2022,0.8,76,74,84,16.0,3026,399.68571428571425,378.61333333333334,-0.003481810541481556
2022-10-27,417.0,420.2,421.6,415.2,270523,2022,0.8,77,75,85,16.0,3027,404.15714285714284,377.95500000000004,0.012530120481927698
2022-10-28,418.95,430.5,435.0,415.0,396090,2022,0.8,78,76,86,16.0,3028,410.6571428571429,377.74833333333333,0.02451213707758204
2022-10-31,430.5,430.5,434.0,424.35,652528,2022,0.8,71,74,84,16.0,3031,416.4428571428572,377.76500000000004,0.0
2022-11-01,430.5,437.1,440.0,430.5,821009,2022,0.8,71,74,84,16.0,3001,422.29285714285714,379.1716666666667,0.015331010452961813
2022-11-02,436.05,441.5,448.05,434.05,1225027,2022,0.8,72,75,85,16.0,3002,427.32142857142856,381.52166666666665,0.010066346373827528
2022-11-03,439.2,445.95,446.55,434.15,935790,2022,0.8,73,76,86,16.0,3003,431.5357142857143,383.5366666666667,0.010079275198187965
2022-11-07,447.9,448.4,450.45,444.5,512236,2022,0.8,77,75,85,16.0,3007,436.3071428571429,386.31333333333333,0.005493889449489808
2022-11-08,450.15,446.0,452.5,436.0,477785,2022,0.8,78,76,86,16.0,3008,439.99285714285713,389.6633333333333,-0.005352363960749229
2022-11-09,446.0,437.05,449.9,437.05,430749,2022,0.8,79,77,87,16.0,3009,440.92857142857144,392.89833333333337,-0.020067264573990995
2022-11-10,437.05,445.3,448.0,437.0,569139,2022,0.8,70,73,83,16.0,3010,443.0428571428571,396.21,0.018876558746138805
2022-11-11,448.0,455.55,460.45,445.05,1432449,2022,0.8,71,74,84,16.0,3011,445.67857142857144,400.21,0.02301818998428029
2022-11-14,460.7,458.2,460.75,445.15,1044455,2022,0.8,74,77,87,16.0,3014,448.0642857142857,404.19,0.0058171441115135725
2022-11-15,458.6,448.5,459.0,447.15,646216,2022,0.8,75,73,83,16.0,3015,448.42857142857144,407.0566666666667,-0.021169794849410728
2022-11-16,446.0,463.05,472.0,441.8,3801676,2022,0.8,76,74,84,16.0,3016,450.5214285714286,410.425,0.032441471571906355
2022-11-17,465.8,460.0,468.6,458.2,1297064,2022,0.8,77,75,85,16.0,3017,452.5214285714286,413.8066666666666,-0.006586761688802567
2022-11-18,460.0,459.45,462.15,456.2,680905,2022,0.8,78,76,86,16.0,3018,455.72142857142853,416.85499999999996,-0.0011956521739130421
2022-11-21,459.95,450.0,460.4,447.6,900830,2022,0.8,71,74,84,16.0,3021,456.39285714285717,420.1666666666667,-0.020568070519098924
2022-11-22,453.0,460.0,460.0,452.0,695436,2022,0.8,72,75,85,16.0,3022,457.0285714285714,423.52666666666664,0.022222222222222143
2022-11-23,460.2,464.0,470.95,458.5,943384,2022,0.8,73,76,86,16.0,3023,457.85714285714283,426.8666666666667,0.008695652173912993
2022-11-24,465.75,464.3,468.0,462.5,367871,2022,0.8,74,77,87,16.0,3024,460.11428571428576,430.1683333333333,0.000646551724137856
2022-11-25,465.4,465.5,466.0,462.95,248560,2022,0.8,75,73,83,16.0,3025,460.4642857142857,433.14166666666665,0.0025845358604350555
2022-11-28,462.5,465.0,465.75,460.05,528877,2022,0.8,78,76,86,16.0,3028,461.17857142857144,436.0466666666667,-0.0010741138560687036
2022-11-29,466.0,465.3,468.5,464.0,373016,2022,0.8,79,77,87,16.0,3029,462.0142857142858,438.6383333333333,0.00064516129032266
2022-11-30,465.55,467.7,467.7,461.9,216899,2022,0.8,70,73,83,16.0,3030,464.54285714285714,441.265,0.0051579626047710825
2022-12-01,467.95,469.0,470.65,465.0,451960,2022,0.8,71,74,84,16.0,3001,465.8285714285715,444.06499999999994,0.0027795595467179357
2022-12-02,468.0,469.45,469.45,464.0,418574,2022,0.8,72,75,85,16.0,3002,466.60714285714283,446.7133333333333,0.0009594882729211385
2022-12-05,468.6,475.5,477.95,465.65,556296,2022,0.8,75,73,83,16.0,3005,468.20714285714286,449.35833333333335,0.012887421450633818
2022-12-06,475.4,479.9,479.9,472.1,459163,2022,0.8,76,74,84,16.0,3006,470.2642857142857,451.81166666666667,0.009253417455310053
2022-12-07,478.45,477.5,479.85,474.4,406211,2022,0.8,77,75,85,16.0,3007,472.05,453.84666666666664,-0.005001041883725743
2022-12-08,477.5,475.25,478.45,473.85,316565,2022,0.8,78,76,86,16.0,3008,473.4714285714286,455.85499999999996,-0.0047120418848167755
2022-12-09,475.25,471.35,475.8,470.2,334500,2022,0.8,79,77,87,16.0,3009,473.99285714285713,457.56,-0.008206207259337184
2022-12-12,471.9,475.0,479.1,468.0,525411,2022,0.8,72,75,85,16.0,3012,474.84999999999997,459.0433333333333,0.007743714861567774
2022-12-13,475.0,472.8,476.55,470.0,399403,2022,0.8,73,76,86,16.0,3013,475.3285714285715,460.45333333333326,-0.004631578947368431
2022-12-14,472.8,465.35,473.75,463.2,578767,2022,0.8,74,77,87,16.0,3014,473.87857142857143,461.39500000000004,-0.01575719120135366
2022-12-15,464.0,463.25,466.8,458.25,538187,2022,0.8,75,73,83,16.0,3015,471.5,462.12,-0.004512732351993121
2022-12-16,463.0,464.95,469.55,455.0,574132,2022,0.8,76,74,84,16.0,3016,469.70714285714286,462.75333333333333,0.003669724770642091
2022-12-19,466.55,461.0,467.65,460.35,530842,2022,0.8,79,77,87,16.0,3019,467.6714285714285,463.17333333333335,-0.008495537154532773
2022-12-20,461.1,474.9,476.75,461.1,946798,2022,0.8,70,73,83,16.0,3020,468.17857142857144,464.13666666666666,0.03015184381778746
2022-12-21,476.05,482.5,494.4,474.9,1565119,2022,0.8,71,74,84,16.0,3021,469.25,465.65166666666664,0.01600336913034317
2022-12-22,484.85,491.85,492.85,484.05,854623,2022,0.8,72,75,85,16.0,3022,471.9714285714286,467.2033333333333,0.019378238341968945
2022-12-23,491.8,496.1,497.0,490.0,759349,2022,0.8,73,76,86,16.0,3023,476.36428571428576,468.55500000000006,0.008640845786316964
2022-12-26,499.85,505.0,512.85,495.85,1933227,2022,0.8,76,74,84,16.0,3026,482.3285714285715,470.115,0.01793993146543027
2022-12-27,505.0,503.4,507.5,501.1,1434241,2022,0.8,77,75,85,16.0,3027,487.82142857142856,471.945,-0.003168316831683171
2022-12-28,503.0,514.8,514.85,501.0,2518840,2022,0.8,78,76,86,16.0,3028,495.50714285714287,473.67,0.02264600715137055
2022-12-29,463.35,459.75,463.35,446.1,4044220,2022,0.8,79,77,87,16.0,3029,493.34285714285716,473.6616666666667,-0.10693473193473191
2022-12-30,457.7,459.5,459.5,456.15,520767,2022,0.8,70,73,83,16.0,3030,490.0571428571429,473.6633333333333,-0.0005437737901032857
2023-01-03,456.25,456.9,459.9,455.95,439519,2023,0.85,73,76,86,16.0,3003,485.06428571428575,473.8933333333333,-0.005658324265506054
2023-01-04,457.4,456.2,457.55,455.1,426749,2023,0.85,74,77,87,16.0,3004,479.3642857142857,473.76666666666665,-0.001532063908951553
2023-01-05,456.2,455.0,456.8,454.3,235328,2023,0.85,75,73,83,16.0,3005,472.22142857142853,473.46666666666664,-0.002630425252082347
2023-01-06,455.0,454.55,455.65,453.1,137264,2023,0.85,76,74,84,16.0,3006,465.24285714285713,473.14166666666665,-0.000989010989010941
2023-01-09,454.05,454.65,456.9,453.25,288919,2023,0.85,79,77,87,16.0,3009,456.65000000000003,472.78000000000003,0.00021999780002190938
2023-01-10,454.8,454.5,455.9,453.4,200839,2023,0.85,70,73,83,16.0,3010,455.90000000000003,472.43000000000006,-0.0003299241174529177
2023-01-11,453.65,455.45,455.95,453.6,275689,2023,0.85,71,74,84,16.0,3011,455.32142857142856,472.10166666666663,0.0020902090209020674
2023-01-12,454.8,453.65,458.85,453.65,324259,2023,0.85,72,75,85,16.0,3012,454.85714285714283,471.6333333333333,-0.003952135250850808
2023-01-13,454.2,452.6,455.5,450.25,341190,2023,0.85,73,76,86,16.0,3013,454.34285714285716,471.0866666666667,-0.0023145596825745463
2023-01-16,451.5,452.05,454.25,447.35,510801,2023,0.85,76,74,84,16.0,3016,453.9214285714285,470.5066666666667,-0.0012152010605391839
2023-01-17,451.0,446.5,451.4,446.5,339687,2023,0.85,77,75,85,16.0,3017,452.77142857142854,469.54,-0.012277402942152404
2023-01-18,446.0,446.85,450.45,444.05,394734,2023,0.85,78,76,86,16.0,3018,451.6571428571429,468.43833333333333,0.0007838745800672342
2023-01-19,448.45,442.55,448.95,442.5,216007,2023,0.85,79,77,87,16.0,3019,449.95,467.27333333333337,-0.009622915967326895
2023-01-20,442.55,436.0,444.1,435.25,633365,2023,0.85,70,73,83,16.0,3020,447.1714285714285,465.96500000000003,-0.01480058750423685
2023-01-23,438.05,445.5,446.6,436.0,505027,2023,0.85,73,76,86,16.0,3023,446.0071428571428,465.10333333333335,0.02178899082568808
2023-01-24,447.55,441.6,449.95,441.6,410324,2023,0.85,74,77,87,16.0,3024,444.4357142857143,463.99,-0.008754208754208737
2023-01-25,441.6,444.3,445.95,437.1,260960,2023,0.85,75,73,83,16.0,3025,443.32857142857137,463.04,0.006114130434782483
2023-01-26,445.4,448.5,448.75,442.8,474960,2023,0.85,76,74,84,16.0,3026,443.61428571428576,462.47833333333335,0.009453072248480687
2023-01-27,448.5,447.0,450.0,446.1,181481,2023,0.85,77,75,85,16.0,3027,443.63571428571424,461.93666666666667,-0.0033444816053511683
2023-01-30,448.4,444.75,451.15,443.35,272983,2023,0.85,70,73,83,16.0,3030,443.95,461.2633333333333,-0.005033557046979831
2023-01-31,443.8,441.0,445.8,440.25,312860,2023,0.85,71,74,84,16.0,3031,444.6642857142857,460.59666666666664,-0.00843170320404718
2023-02-01,440.95,442.0,443.95,440.0,334099,2023,0.85,71,74,84,16.0,3001,444.1642857142857,459.5,0.0022675736961450532
2023-02-02,442.85,442.9,445.9,441.5,302484,2023,0.85,72,75,85,16.0,3002,444.34999999999997,458.18,0.002036199095022617
2023-02-03,442.8,440.55,442.8,434.0,778626,2023,0.85,73,76,86,16.0,3003,443.81428571428575,456.47,-0.005305938135019117
2023-02-06,437.65,440.9,446.0,435.5,633747,2023,0.85,76,74,84,16.0,3006,442.7285714285714,454.63,0.0007944614686186124
2023-02-07,442.5,442.75,445.15,441.05,322691,2023,0.85,77,75,85,16.0,3007,442.12142857142857,452.555,0.0041959628033567675
2023-02-08,444.9,442.65,450.0,442.05,806046,2023,0.85,78,76,86,16.0,3008,441.82142857142856,450.53,-0.00022586109542632737
2023-02-09,444.4,438.5,444.85,438.0,591769,2023,0.85,79,77,87,16.0,3009,441.4642857142857,447.9866666666667,-0.009375352987687768
2023-02-10,438.0,430.6,438.0,429.1,1065143,2023,0.85,70,73,83,16.0,3010,439.8357142857143,447.01500000000004,-0.018015963511972544
2023-02-13,434.2,431.05,435.55,430.0,501712,2023,0.85,73,76,86,16.0,3013,438.14285714285717,446.06666666666666,0.0010450534138410905
2023-02-14,430.5,417.5,432.5,417.5,647972,2023,0.85,74,77,87,16.0,3014,434.84999999999997,444.75333333333333,-0.03143486834473963
2023-02-15,417.6,415.0,426.95,410.1,888121,2023,0.85,75,73,83,16.0,3015,431.15000000000003,443.38,-0.005988023952095856
2023-02-16,415.3,415.0,425.45,415.0,336360,2023,0.85,76,74,84,16.0,3016,427.1857142857143,442.0466666666667,0.0
2023-02-17,415.05,421.2,421.5,413.3,366227,2023,0.85,77,75,85,16.0,3017,424.12142857142857,440.93500000000006,0.01493975903614464
2023-02-20,424.1,419.3,424.7,414.35,449478,2023,0.85,70,73,83,16.0,3020,421.37857142857143,439.7566666666666,-0.004510921177587779
2023-02-21,421.5,420.9,427.2,418.0,634607,2023,0.85,71,74,84,16.0,3021,419.9928571428572,438.6366666666666,0.003815883615549742
2023-02-22,421.0,413.5,421.7,411.25,956043,2023,0.85,72,75,85,16.0,3022,417.4857142857143,437.23833333333334,-0.01758137324780229
2023-02-24,414.5,409.2,414.5,408.2,721768,2023,0.85,74,77,87,16.0,3024,416.3,435.7566666666667,-0.010399032648125806
2023-02-27,408.4,416.7,417.2,407.9,652509,2023,0.85,77,75,85,16.0,3027,416.54285714285714,434.56000000000006,0.01832844574780057
2023-02-28,420.8,425.85,428.8,417.45,921552,2023,0.85,78,76,86,16.0,3028,418.09285714285716,433.6866666666666,0.021958243340532757
2023-03-01,429.5,432.4,435.0,426.85,839926,2023,0.85,71,74,84,16.0,3001,419.6928571428572,433.21666666666664,0.015381002700481261
2023-03-02,433.9,422.7,436.5,417.6,1032819,2023,0.85,72,75,85,16.0,3002,420.17857142857144,432.4116666666667,-0.022432932469935274
2023-03-03,420.2,429.0,429.6,420.2,415439,2023,0.85,73,76,86,16.0,3003,421.3357142857143,431.96,0.014904187366926891
2023-03-06,433.25,434.5,438.75,431.8,597356,2023,0.85,76,74,84,16.0,3006,424.3357142857143,431.90999999999997,0.012820512820512775
2023-03-07,435.0,437.55,441.8,434.7,724775,2023,0.85,77,75,85,16.0,3007,428.38571428571424,431.64500000000004,0.007019562715765204
2023-03-09,439.95,439.7,442.1,426.0,733416,2023,0.85,79,77,87,16.0,3009,431.67142857142863,431.58166666666665,0.004913724145811926
2023-03-10,437.45,441.3,442.65,435.25,430845,2023,0.85,70,73,83,16.0,3010,433.8785714285714,431.4816666666667,0.003638844666818297
2023-03-13,442.35,438.9,444.85,437.1,509573,2023,0.85,73,76,86,16.0,3013,434.8071428571429,431.1616666666667,-0.005438477226376692
2023-03-14,437.6,439.55,443.5,432.6,598472,2023,0.85,74,77,87,16.0,3014,437.2142857142857,430.9133333333333,0.0014809751651858605
2023-03-15,440.0,437.65,443.3,435.5,342948,2023,0.85,75,73,83,16.0,3015,438.45,430.6766666666666,-0.00432260266181328
2023-03-16,438.8,444.0,444.15,434.8,476979,2023,0.85,76,74,84,16.0,3016,439.8071428571429,430.77666666666664,0.014509311093339416
2023-03-17,445.0,453.0,453.0,443.6,869513,2023,0.85,77,75,85,16.0,3017,442.0142857142858,431.1433333333333,0.020270270270270174
2023-03-20,456.9,460.35,463.1,451.55,953844,2023,0.85,70,73,83,16.0,3020,444.9642857142857,431.725,0.01622516556291398
2023-03-21,463.8,455.4,464.6,451.7,698554,2023,0.85,71,74,84,16.0,3021,446.9785714285714,432.21999999999997,-0.010752688172043112
2023-03-22,455.0,450.85,457.0,447.0,474368,2023,0.85,72,75,85,16.0,3022,448.6857142857143,432.5516666666666,-0.009991216512955536
2023-03-23,450.6,456.85,458.3,449.2,374675,2023,0.85,73,76,86,16.0,3023,451.15714285714284,433.02166666666665,0.013308195630475694
2023-03-24,455.55,459.85,462.5,455.2,284358,2023,0.85,74,77,87,16.0,3024,454.32857142857137,433.595,0.006566706796541588
2023-03-27,461.45,468.15,469.0,460.1,590487,2023,0.85,77,75,85,16.0,3027,457.7785714285714,434.5833333333333,0.01804936392301837
2023-03-28,469.2,467.0,469.6,463.3,407039,2023,0.85,78,76,86,16.0,3028,459.7785714285714,435.7966666666667,-0.002456477624692921
2023-03-29,466.0,470.65,473.2,463.25,529828,2023,0.85,79,77,87,16.0,3029,461.25,437.1166666666667,0.007815845824411083
2023-03-30,470.65,477.0,477.7,468.55,415205,2023,0.85,70,73,83,16.0,3030,464.3357142857143,439.1,0.013491979177733038
2023-03-31,478.0,475.15,478.05,469.5,518904,2023,0.85,71,74,84,16.0,3031,467.8071428571429,441.10499999999996,-0.0038784067085954055
2023-04-03,482.95,488.15,492.35,480.0,1388445,2023,0.85,73,76,86,16.0,3003,472.2785714285714,443.54333333333335,0.02735978112175097
2023-04-04,488.05,481.15,490.4,479.25,887909,2023,0.85,74,77,87,16.0,3004,475.32142857142856,445.5416666666667,-0.014339854552903875
2023-04-05,482.5,485.65,486.6,476.3,414059,2023,0.85,75,73,83,16.0,3005,477.82142857142856,447.75333333333333,0.009352592746544763
2023-04-06,486.7,482.0,488.5,471.05,558426,2023,0.85,76,74,84,16.0,3006,479.9642857142857,449.79,-0.00751570060743334
2023-04-07,482.0,486.6,488.35,472.7,649582,2023,0.85,77,75,85,16.0,3007,482.24285714285713,452.2266666666667,0.009543568464730257
2023-04-10,487.7,489.2,490.2,484.3,341103,2023,0.85,70,73,83,16.0,3010,483.9857142857142,454.8933333333333,0.005343197698314706
2023-04-11,490.2,482.9,491.45,480.5,480038,2023,0.85,71,74,84,16.0,3011,485.0928571428571,457.1,-0.012878168438266613
2023-04-12,485.0,486.3,489.6,482.0,264317,2023,0.85,72,75,85,16.0,3012,484.8285714285715,459.115,0.007040795195692784
2023-04-13,487.25,485.2,487.25,481.25,234100,2023,0.85,73,76,86,16.0,3013,485.40714285714284,460.875,-0.0022619782027555324
2023-04-14,485.95,493.55,495.0,482.0,307601,2023,0.85,74,77,87,16.0,3014,486.5357142857143,463.2366666666667,0.01720939818631506
2023-04-17,496.0,498.45,500.0,495.2,456352,2023,0.85,77,75,85,16.0,3017,488.88571428571424,465.5516666666667,0.009928072130483079
2023-04-18,498.45,498.8,501.6,496.1,356719,2023,0.85,78,76,86,16.0,3018,490.62857142857143,467.695,0.0007021767479185037
2023-04-19,496.2,496.75,501.8,496.0,407836,2023,0.85,79,77,87,16.0,3019,491.70714285714286,469.6683333333333,-0.00410986367281474
2023-04-20,494.0,499.0,501.45,490.1,395447,2023,0.85,70,73,83,16.0,3020,494.00714285714287,471.64500000000004,0.00452944136889788
2023-04-21,500.45,505.4,506.05,500.0,560228,2023,0.85,71,74,84,16.0,3021,496.7357142857143,473.78166666666664,0.012825651302605268
2023-04-24,505.5,508.5,509.6,501.05,385895,2023,0.85,74,77,87,16.0,3024,500.06428571428575,476.10166666666663,0.006133755441234623
2023-04-25,508.5,506.0,509.55,505.05,203530,2023,0.85,75,73,83,16.0,3025,501.84285714285716,478.31666666666666,-0.004916420845624381
2023-04-26,507.5,505.05,509.35,502.2,314421,2023,0.85,76,74,84,16.0,3026,502.7857142857143,480.5633333333334,-0.001877470355731159
2023-04-27,504.9,506.95,509.15,503.7,216335,2023,0.85,77,75,85,16.0,3027,503.95,482.6616666666667,0.0037620037620036406
2023-04-28,506.25,501.1,507.7,495.7,388779,2023,0.85,78,76,86,16.0,3028,504.57142857142856,484.26500000000004,-0.011539599566032122
2023-05-02,500.9,489.35,501.85,478.55,507670,2023,0.85,72,75,85,16.0,3002,503.1928571428571,485.2316666666667,-0.02344841349032134
2023-05-03,488.25,472.0,488.35,470.0,727269,2023,0.85,73,76,86,16.0,3003,498.4214285714285,485.785,-0.03545519566772248
2023-05-04,472.0,470.9,476.75,461.0,432983,2023,0.85,74,77,87,16.0,3004,493.05,486.4533333333333,-0.002330508474576276
2023-05-05,471.1,476.0,480.15,465.55,352319,2023,0.85,75,73,83,16.0,3005,488.7642857142857,487.09166666666664,0.010830324909747446
2023-05-08,478.95,475.95,480.1,474.6,101129,2023,0.85,78,76,86,16.0,3008,484.60714285714283,487.62833333333333,-0.00010504201680672232
2023-05-10,476.25,494.35,498.95,473.65,507339,2023,0.85,70,73,83,16.0,3010,482.8071428571428,488.50166666666667,0.038659523059144885
2023-05-11,497.0,497.8,507.55,484.3,801562,2023,0.85,71,74,84,16.0,3011,482.3357142857143,489.52833333333336,0.006978861130777725
2023-05-12,497.85,498.9,503.65,494.0,250313,2023,0.85,72,75,85,16.0,3012,483.7,490.47,0.0022097227802329034
2023-05-15,499.0,512.05,512.05,499.0,603984,2023,0.85,75,73,83,16.0,3015,489.4214285714285,491.6383333333333,0.026357987572659836
2023-05-16,514.9,520.45,521.45,510.0,576323,2023,0.85,76,74,84,16.0,3016,496.5,493.14833333333337,0.016404647983595533
2023-05-17,521.0,519.15,523.25,513.75,376722,2023,0.85,77,75,85,16.0,3017,502.6642857142857,494.1816666666666,-0.002497838409069253
2023-05-18,519.0,548.35,549.2,516.4,1566241,2023,0.85,78,76,86,16.0,3018,513.0071428571429,496.4216666666667,0.05624578638158528
2023-05-19,548.6,550.0,550.0,537.7,973048,2023,0.85,79,77,87,16.0,3019,520.9571428571428,498.56666666666666,0.0030090270812437314
2023-05-22,558.0,540.3,564.5,523.3,4910279,2023,0.85,72,75,85,16.0,3022,527.0285714285714,500.51,-0.017636363636363672
2023-05-23,543.0,512.7,579.45,510.4,7079650,2023,0.85,73,76,86,16.0,3023,529.0,501.38,-0.05108273181565781
2023-05-24,512.7,515.65,520.6,506.8,1236503,2023,0.85,74,77,87,16.0,3024,529.5142857142857,502.26166666666666,0.005753852155256256
2023-05-25,518.6,518.8,520.4,511.0,554296,2023,0.85,75,73,83,16.0,3025,529.2785714285714,503.4583333333333,0.006108794725104172
2023-05-26,518.8,512.4,521.5,511.45,758406,2023,0.85,76,74,84,16.0,3026,528.3142857142857,504.3283333333333,-0.012336160370084781
2023-05-29,513.0,517.0,520.0,512.0,708822,2023,0.85,79,77,87,16.0,3029,523.8357142857143,505.3883333333333,0.00897736143637795
2023-05-30,515.8,510.2,516.9,509.0,490756,2023,0.85,70,73,83,16.0,3030,518.15,505.9433333333333,-0.013152804642166394
2023-05-31,509.0,515.2,517.0,502.0,599532,2023,0.85,71,74,84,16.0,3031,514.5642857142858,506.50166666666667,0.009800078400627354
2023-06-01,516.0,517.7,520.8,515.15,498154,2023,0.85,71,74,84,16.0,3001,515.2785714285714,507.1316666666667,0.004852484472049667
2023-06-02,519.0,518.45,519.6,514.15,314912,2023,0.85,72,75,85,16.0,3002,515.6785714285714,507.85499999999996,0.0014487154722813145
2023-06-05,520.1,512.0,530.0,509.8,1199276,2023,0.85,75,73,83,16.0,3005,514.7071428571429,508.2883333333333,-0.012440929694281122
2023-06-06,512.05,515.9,518.9,501.0,562239,2023,0.85,76,74,84,16.0,3006,515.2071428571429,508.6383333333333,0.007617187499999956
2023-06-07,518.5,514.5,524.45,508.9,395427,2023,0.85,77,75,85,16.0,3007,514.85,508.8383333333333,-0.0027137042062415073
2023-06-08,514.5,514.55,517.95,508.0,255287,2023,0.85,78,76,86,16.0,3008,515.4714285714286,509.12333333333333,9.718172983474993e-05
2023-06-09,514.55,516.7,519.85,513.85,180338,2023,0.85,79,77,87,16.0,3009,515.6857142857143,509.5116666666666,0.0041784083179479126
2023-06-13,516.7,527.7,530.0,516.35,491468,2023,0.85,73,76,86,16.0,3013,517.1142857142858,510.2033333333333,0.021288949100058074
2023-06-14,530.55,527.05,532.45,523.15,415490,2023,0.85,74,77,87,16.0,3014,518.3428571428572,511.0683333333333,-0.0012317604699642049
2023-06-15,527.2,529.55,532.45,524.45,329810,2023,0.85,75,73,83,16.0,3015,520.85,512.4083333333333,0.00474338298074195
2023-06-16,531.6,527.0,531.8,525.0,193413,2023,0.85,76,74,84,16.0,3016,522.4357142857142,514.2416666666667,-0.0048154093097912964
2023-06-19,527.0,524.85,528.4,520.55,212329,2023,0.85,79,77,87,16.0,3019,523.9142857142857,516.0400000000001,-0.00407969639468686
2023-06-20,522.9,528.1,530.25,521.35,326181,2023,0.85,70,73,83,16.0,3020,525.85,517.7766666666666,0.0061922454034486485
2023-06-21,530.0,533.5,540.0,528.6,598145,2023,0.85,71,74,84,16.0,3021,528.25,519.6949999999999,0.01022533611058507
2023-06-22,534.0,526.15,534.0,522.3,290493,2023,0.85,72,75,85,16.0,3022,528.0285714285714,520.755,-0.013776944704779748
2023-06-23,526.05,513.95,529.3,510.2,590054,2023,0.85,73,76,86,16.0,3023,526.1571428571428,521.2933333333333,-0.02318730400076008
2023-06-26,516.0,517.95,525.0,507.05,443456,2023,0.85,76,74,84,16.0,3026,524.5,521.9283333333334,0.007782858254693936
2023-06-27,520.0,523.15,527.25,518.05,356227,2023,0.85,77,75,85,16.0,3027,523.95,522.2983333333334,0.010039579109952568
2023-06-28,527.4,523.35,527.7,522.05,187510,2023,0.85,78,76,86,16.0,3028,523.7357142857144,522.395,0.0003822995316831168
2023-06-29,525.0,526.6,527.95,520.0,238098,2023,0.85,79,77,87,16.0,3029,523.5214285714286,522.6433333333333,0.006209993312314976
2023-06-30,526.6,527.95,530.15,521.7,301032,2023,0.85,70,73,83,16.0,3030,522.7285714285714,521.9633333333334,0.0025636156475503658
2023-07-03,529.55,523.55,535.0,521.7,445581,2023,0.85,73,76,86,16.0,3003,522.3571428571429,521.0816666666667,-0.008334122549484069
2023-07-04,525.2,521.3,528.25,519.15,308613,2023,0.85,74,77,87,16.0,3004,523.4071428571428,520.4483333333334,-0.004297583802884142
2023-07-05,522.0,518.85,524.9,516.45,522671,2023,0.85,75,73,83,16.0,3005,523.5357142857143,520.6533333333333,-0.004699788989065645
2023-07-06,518.85,519.5,524.5,516.45,763180,2023,0.85,76,74,84,16.0,3006,523.0142857142857,520.7816666666666,0.001252770550255411
2023-07-07,507.75,518.3,520.2,507.75,602900,2023,0.85,77,75,85,16.0,3007,522.2928571428571,520.765,-0.002309913378248374
2023-07-10,520.0,524.55,525.65,513.35,339618,2023,0.85,70,73,83,16.0,3010,522.0,521.17,0.01205865328960054
2023-07-11,524.55,530.15,531.65,524.0,382206,2023,0.85,71,74,84,16.0,3011,522.3142857142857,521.6083333333333,0.010675817367267193
2023-07-12,530.75,529.1,533.2,526.05,516680,2023,0.85,72,75,85,16.0,3012,523.1071428571429,522.2383333333333,-0.001980571536357556
2023-07-13,530.0,525.25,530.6,521.1,375165,2023,0.85,73,76,86,16.0,3013,523.6714285714286,522.5733333333334,-0.007276507276507305
2023-07-14,525.95,529.9,531.55,523.95,369947,2023,0.85,74,77,87,16.0,3014,525.2499999999999,522.98,0.008852927177534387
2023-07-17,527.0,530.0,530.9,527.0,196615,2023,0.85,77,75,85,16.0,3017,526.75,523.365,0.00018871485185889547
2023-07-18,531.5,539.85,540.0,530.8,549893,2023,0.85,78,76,86,16.0,3018,529.8285714285714,524.2933333333334,0.018584905660377293
2023-07-19,540.0,539.6,551.8,533.65,861486,2023,0.85,79,77,87,16.0,3019,531.9785714285714,525.0833333333334,-0.00046309159951840595
2023-07-20,541.4,530.15,541.4,530.0,412505,2023,0.85,70,73,83,16.0,3020,531.9785714285715,525.605,-0.017512972572275798
2023-07-21,530.0,534.3,534.75,525.35,437877,2023,0.85,71,74,84,16.0,3021,532.7214285714285,526.2633333333333,0.007827973215127848
2023-07-24,533.8,533.15,536.0,529.1,394977,2023,0.85,74,77,87,16.0,3024,533.85,526.8116666666667,-0.002152348867677345
2023-07-25,534.95,541.2,546.65,533.0,477912,2023,0.85,75,73,83,16.0,3025,535.4642857142857,527.2616666666667,0.015098940260714677
2023-07-26,541.3,541.85,544.0,534.4,511535,2023,0.85,76,74,84,16.0,3026,537.157142857143,527.755,0.0012010347376201214
2023-07-27,543.1,545.8,550.9,539.55,491758,2023,0.85,77,75,85,16.0,3027,538.0071428571429,528.2966666666666,0.007289840361723643
2023-07-28,546.65,549.5,555.0,543.75,478393,2023,0.85,78,76,86,16.0,3028,539.4214285714286,529.0466666666666,0.006779039941370524
2023-07-31,554.2,574.25,578.75,554.0,1503775,2023,0.85,71,74,84,16.0,3031,545.7214285714286,530.6933333333333,0.045040946314831576
2023-08-01,576.2,585.05,592.05,571.15,1010389,2023,0.85,71,74,84,16.0,3001,552.9714285714286,532.5916666666667,0.018807139747496704
2023-08-02,585.15,582.65,589.25,576.5,821919,2023,0.85,72,75,85,16.0,3002,560.0428571428571,534.23,-0.004102213486026796
2023-08-03,584.4,585.5,587.9,580.4,561052,2023,0.85,73,76,86,16.0,3003,566.3714285714285,536.2083333333334,0.0048914442632799204
2023-08-04,588.2,579.9,606.0,570.0,1955641,2023,0.85,74,77,87,16.0,3004,571.8071428571428,538.4066666666666,-0.009564474807856604
2023-08-07,585.0,583.8,596.0,573.3,835359,2023,0.85,77,75,85,16.0,3007,577.2357142857143,540.6016666666667,0.0067252974650802155
2023-08-08,583.8,588.05,590.0,570.5,603073,2023,0.85,78,76,86,16.0,3008,582.7428571428571,542.765,0.007279890373415476
2023-08-09,588.7,587.6,591.95,579.0,486535,2023,0.85,79,77,87,16.0,3009,584.65,544.9066666666666,-0.0007652410509308982
2023-08-10,590.2,614.0,619.0,582.0,1514652,2023,0.85,70,73,83,16.0,3010,588.7857142857143,547.8199999999999,0.044928522804629
2023-08-11,614.0,630.15,633.5,609.8,1463070,2023,0.85,71,74,84,16.0,3011,595.5714285714286,551.2266666666667,0.026302931596091206
2023-08-14,634.6,638.0,665.95,615.0,3836117,2023,0.85,74,77,87,16.0,3014,603.0714285714286,555.0416666666666,0.012457351424264074
2023-08-15,630.5,644.1,657.0,630.0,1291009,2023,0.85,75,73,83,16.0,3015,612.2428571428571,559.135,0.009561128526645701
2023-08-16,647.6,635.0,647.6,620.0,1502865,2023,0.85,76,74,84,16.0,3016,619.5571428571428,563.0066666666667,-0.014128240956373217
2023-08-17,638.0,637.45,646.95,624.3,947418,2023,0.85,77,75,85,16.0,3017,626.6142857142858,566.9383333333333,0.003858267716535524
2023-08-18,634.45,643.9,645.9,626.3,611868,2023,0.85,78,76,86,16.0,3018,634.657142857143,571.125,0.010118440662012507
2023-08-21,647.0,669.45,671.0,647.0,1357867,2023,0.85,71,74,84,16.0,3021,642.5785714285714,575.955,0.039680074545737076
2023-08-22,672.9,668.9,677.45,660.0,1107757,2023,0.85,72,75,85,16.0,3022,648.1142857142858,580.5799999999999,-0.0008215699454777736
2023-08-23,666.95,645.5,669.05,631.3,1584446,2023,0.85,73,76,86,16.0,3023,649.1857142857143,584.4599999999999,-0.034982807594558185
2023-08-24,645.3,652.4,654.8,642.0,619127,2023,0.85,74,77,87,16.0,3024,650.3714285714286,588.6983333333334,0.010689388071262629
2023-08-25,652.4,660.95,664.0,646.4,690273,2023,0.85,75,73,83,16.0,3025,654.0785714285714,593.0666666666667,0.01310545677498487
2023-08-28,663.6,661.1,667.4,655.0,525463,2023,0.85,78,76,86,16.0,3028,657.4571428571428,597.4366666666666,0.00022694606248574445
2023-08-29,663.5,655.75,663.5,652.15,518358,2023,0.85,79,77,87,16.0,3029,659.15,601.3,-0.008092572984419899
2023-08-30,657.0,652.95,657.0,643.4,619797,2023,0.85,70,73,83,16.0,3030,656.7928571428572,605.0783333333333,-0.0042699199390010545
2023-08-31,654.95,651.75,654.95,648.2,335329,2023,0.85,71,74,84,16.0,3031,654.342857142857,609.1316666666667,-0.0018378130025270556
2023-09-01,651.5,661.4,663.35,651.05,489057,2023,0.85,71,74,84,16.0,3001,656.6142857142858,613.3683333333335,0.01480629075565787
2023-09-04,663.0,666.95,666.95,654.8,574866,2023,0.85,74,77,87,16.0,3004,658.6928571428572,617.8283333333333,0.008391291200483986
2023-09-05,667.0,671.25,680.0,660.0,954086,2023,0.85,75,73,83,16.0,3005,660.1642857142857,622.1633333333334,0.0064472599145362075
2023-09-06,671.3,671.9,676.3,664.05,438125,2023,0.85,76,74,84,16.0,3006,661.7071428571428,626.4983333333333,0.0009683426443203302
2023-09-07,671.9,657.4,676.4,647.4,1138111,2023,0.85,77,75,85,16.0,3007,661.9428571428572,630.2183333333335,-0.021580592350052052
2023-09-08,657.4,646.5,659.5,632.55,901595,2023,0.85,78,76,86,16.0,3008,661.0214285714285,633.4516666666667,-0.0165804685123212
2023-09-11,645.0,652.0,664.0,638.0,802565,2023,0.85,71,74,84,16.0,3011,661.0571428571428,636.0433333333334,0.008507347254447017
2023-09-12,652.0,668.95,670.0,652.0,789336,2023,0.85,72,75,85,16.0,3012,662.1357142857144,638.8399999999999,0.025996932515337523
2023-09-13,668.95,662.35,681.5,658.2,932626,2023,0.85,73,76,86,16.0,3013,661.4785714285715,641.4966666666667,-0.009866208236789076
2023-09-14,665.2,658.45,668.0,645.5,624738,2023,0.85,74,77,87,16.0,3014,659.65,643.9283333333334,-0.0058881256133463955
2023-09-15,658.15,677.85,699.0,652.1,498295,2023,0.85,75,73,83,16.0,3015,660.5,647.1933333333333,0.029463133115650297
2023-09-18,679.7,677.35,693.7,673.8,509053,2023,0.85,78,76,86,16.0,3018,663.3500000000001,650.3116666666667,-0.0007376263185070453
2023-09-19,676.9,664.35,676.9,657.05,639223,2023,0.85,79,77,87,16.0,3019,665.9,652.855,-0.019192441130877702
2023-09-20,662.5,669.65,679.75,644.35,1626824,2023,0.85,70,73,83,16.0,3020,668.4214285714287,655.59,0.00797772258598628
2023-09-21,669.0,647.45,669.0,646.55,1019824,2023,0.85,71,74,84,16.0,3021,665.35,656.7049999999999,-0.033151646382438504
2023-09-22,649.45,660.6,665.7,636.0,669034,2023,0.85,72,75,85,16.0,3022,665.1000000000001,657.72,0.0203104486832959
2023-09-25,663.95,660.45,664.45,653.1,205023,2023,0.85,75,73,83,16.0,3025,665.3857142857142,658.4683333333335,-0.0002270663033605569
2023-09-26,660.25,663.5,666.6,649.7,385889,2023,0.85,76,74,84,16.0,3026,663.3357142857143,659.115,0.004618063441592879
2023-09-27,669.8,670.95,673.5,665.5,338670,2023,0.85,77,75,85,16.0,3027,662.4214285714287,660.3133333333333,0.011228334589299171
2023-09-28,670.5,689.4,690.0,666.85,639915,2023,0.85,78,76,86,16.0,3028,666.0,662.0450000000001,0.02749832327297108
2023-09-29,689.4,717.4,725.0,682.2,2200619,2023,0.85,79,77,87,16.0,3029,672.8214285714286,664.4950000000001,0.0406150275601973
2023-10-02,722.1,713.5,729.0,703.05,1844603,2023,0.85,72,75,85,16.0,3002,682.2571428571429,665.9633333333334,-0.005436297741845508
2023-10-03,711.0,723.95,727.8,704.4,844002,2023,0.85,73,76,86,16.0,3003,691.3071428571429,667.7983333333334,0.014646110721794114
2023-10-04,723.9,702.8,729.7,700.1,998116,2023,0.85,74,77,87,16.0,3004,697.3571428571429,669.7083333333335,-0.029214724773810485
2023-10-05,704.45,712.0,721.95,694.0,1050597,2023,0.85,75,73,83,16.0,3005,704.2857142857143,671.695,0.013090495162208393
2023-10-06,718.1,718.7,720.0,707.05,648277,2023,0.85,76,74,84,16.0,3006,711.1071428571429,673.62,0.009410112359550693
2023-10-09,723.45,733.9,735.9,721.0,990541,2023,0.85,79,77,87,16.0,3009,717.4642857142857,676.0466666666667,0.021149297342423656
2023-10-10,733.85,734.25,736.6,727.65,610890,2023,0.85,70,73,83,16.0,3010,719.8714285714285,678.6633333333334,0.0004769042103829335
2023-10-11,736.0,727.0,749.95,721.65,1251615,2023,0.85,71,74,84,16.0,3011,721.8,681.1316666666667,-0.00987402110997615
2023-10-12,727.0,734.0,739.25,722.45,837610,2023,0.85,72,75,85,16.0,3012,723.2357142857143,683.8733333333333,0.009628610729023324
2023-10-13,734.4,747.45,748.3,731.0,591390,2023,0.85,73,76,86,16.0,3013,729.6142857142858,686.7416666666667,0.018324250681198917
2023-10-16,746.2,767.7,767.9,746.2,997022,2023,0.85,76,74,84,16.0,3016,737.5714285714286,690.1000000000001,0.027092113184828515
2023-10-17,767.7,766.0,769.8,755.05,890264,2023,0.85,77,75,85,16.0,3017,744.3285714285714,693.2583333333333,-0.0022144066692718622
2023-10-18,769.4,789.85,792.0,767.0,2089874,2023,0.85,78,76,86,16.0,3018,752.3214285714286,697.19,0.031135770234987037
2023-10-19,789.5,798.0,799.9,781.0,1122872,2023,0.85,79,77,87,16.0,3019,761.4285714285714,701.8766666666667,0.010318414888902838
2023-10-20,798.0,806.0,810.95,788.0,1180893,2023,0.85,70,73,83,16.0,3020,772.7142857142857,707.1933333333333,0.010025062656641603
2023-10-23,808.0,795.15,808.25,793.1,749974,2023,0.85,73,76,86,16.0,3023,781.45,711.965,-0.013461538461538525
2023-10-24,795.2,790.2,795.2,785.0,450749,2023,0.85,74,77,87,16.0,3024,787.5571428571428,716.0066666666665,-0.006225240520656428
2023-10-25,788.05,796.2,805.0,781.35,771453,2023,0.85,75,73,83,16.0,3025,791.6285714285714,720.4683333333334,0.007593014426727329
2023-10-26,796.2,785.6,804.85,779.1,661392,2023,0.85,76,74,84,16.0,3026,794.4285714285714,724.7066666666667,-0.013313237879929662
2023-10-27,786.25,799.9,803.0,780.65,753384,2023,0.85,77,75,85,16.0,3027,795.8642857142856,728.775,0.018202647657841187
2023-10-30,799.8,793.3,799.9,791.85,395674,2023,0.85,70,73,83,16.0,3030,795.1928571428571,732.6399999999999,-0.008251031378922358
2023-10-31,791.5,797.3,799.9,775.05,921436,2023,0.85,71,74,84,16.0,3031,793.95,737.0716666666667,0.005042228665069981
2023-11-01,796.95,819.8,820.0,795.25,1930277,2023,0.85,71,74,84,16.0,3001,797.4714285714286,742.0766666666666,0.028220243321209093
2023-11-02,820.0,813.0,830.3,808.4,2071884,2023,0.85,72,75,85,16.0,3002,800.7285714285715,747.595,-0.00829470602585991
2023-11-03,812.9,818.55,820.0,805.15,896176,2023,0.85,73,76,86,16.0,3003,803.9214285714286,752.86,0.006826568265682509
2023-11-06,822.5,825.7,826.7,817.55,354920,2023,0.85,76,74,84,16.0,3006,809.65,758.3683333333333,0.008734958157718076
2023-11-07,826.1,832.75,842.75,823.0,1208363,2023,0.85,77,75,85,16.0,3007,814.3428571428573,764.01,0.008538210003633306
2023-11-08,832.75,815.95,834.8,811.5,1942119,2023,0.85,78,76,86,16.0,3008,817.5785714285714,768.8433333333335,-0.02017412188531964
2023-11-09,815.95,858.7,864.45,808.1,7989855,2023,0.85,79,77,87,16.0,3009,826.35,774.4866666666666,0.05239291623261222
2023-11-10,863.0,857.4,867.0,846.25,3278016,2023,0.85,70,73,83,16.0,3010,831.7214285714284,779.1533333333333,-0.0015139163852335713
2023-11-13,857.9,861.95,872.85,852.3,2070382,2023,0.85,73,76,86,16.0,3013,838.7142857142857,784.1016666666667,0.005306741310940222
2023-11-14,860.0,855.1,861.9,851.4,1216242,2023,0.85,74,77,87,16.0,3014,843.9357142857143,788.4733333333334,-0.007947096699344569
2023-11-15,854.9,857.0,859.7,851.1,898879,2023,0.85,75,73,83,16.0,3015,848.4071428571427,793.6133333333332,0.002221962343585515
2023-11-16,856.1,841.1,856.1,838.3,1054765,2023,0.85,76,74,84,16.0,3016,849.6,797.9166666666666,-0.018553092182030273
2023-11-17,838.05,848.15,853.05,829.0,1211252,2023,0.85,77,75,85,16.0,3017,854.1999999999999,802.2316666666667,0.008381880870288905
2023-11-20,851.0,854.8,861.5,848.3,826142,2023,0.85,70,73,83,16.0,3020,853.6428571428571,806.2616666666667,0.007840594234510334
2023-11-21,854.75,849.1,856.1,844.95,725858,2023,0.85,71,74,84,16.0,3021,852.4571428571429,810.09,-0.006668226485727624
2023-11-22,849.3,860.7,860.9,846.1,1423997,2023,0.85,72,75,85,16.0,3022,852.2785714285714,814.5466666666667,0.013661523966552958
2023-11-23,861.0,866.95,869.95,860.95,923487,2023,0.85,73,76,86,16.0,3023,853.9714285714286,818.9783333333332,0.007261531311723024
2023-11-24,866.95,870.2,879.65,863.0,990958,2023,0.85,74,77,87,16.0,3024,855.8571428571429,823.0699999999999,0.0037487744391255795
2023-11-27,874.0,872.95,876.0,868.55,751239,2023,0.85,77,75,85,16.0,3027,860.407142857143,826.5783333333333,0.003160193059066785
2023-11-28,872.95,871.3,876.5,864.0,870732,2023,0.85,78,76,86,16.0,3028,863.7142857142857,830.0883333333333,-0.0018901426198523197
2023-11-29,871.3,867.7,871.3,863.2,432480,2023,0.85,79,77,87,16.0,3029,865.5571428571429,832.6833333333333,-0.0041317571444966505
2023-11-30,869.6,875.1,879.0,865.0,720228,2023,0.85,70,73,83,16.0,3030,869.2714285714285,835.2533333333333,0.008528293188890146
2023-12-01,877.75,870.7,877.8,866.3,520439,2023,0.85,71,74,84,16.0,3001,870.7,837.41,-0.005027996800365697
2023-12-04,867.0,861.1,869.9,858.2,636410,2023,0.85,74,77,87,16.0,3004,869.8642857142858,839.6083333333333,-0.011025611576892191
2023-12-05,860.75,866.95,870.95,855.0,588325,2023,0.85,75,73,83,16.0,3005,869.4000000000002,842.1666666666666,0.00679363604691674
2023-12-06,869.9,861.8,869.9,856.25,566727,2023,0.85,76,74,84,16.0,3006,867.8071428571428,844.3533333333334,-0.005940365649691581
2023-12-07,861.85,851.3,862.95,849.15,948903,2023,0.85,77,75,85,16.0,3007,864.95,846.5433333333333,-0.012183801346019929
2023-12-08,852.0,857.0,859.4,850.1,516897,2023,0.85,78,76,86,16.0,3008,863.4214285714286,848.4466666666667,0.0066956419593562355
2023-12-11,857.05,856.1,863.0,850.8,866206,2023,0.85,71,74,84,16.0,3011,860.7071428571429,850.5400000000001,-0.001050175029171485
2023-12-12,854.0,846.4,858.7,843.0,723757,2023,0.85,72,75,85,16.0,3012,857.2357142857143,852.1766666666666,-0.011330452049994166
2023-12-13,845.0,841.0,850.05,837.05,736948,2023,0.85,73,76,86,16.0,3013,854.3642857142858,852.8833333333333,-0.006379962192816557
2023-12-14,841.1,826.85,843.0,825.6,1094743,2023,0.85,74,77,87,16.0,3014,848.6357142857144,853.3449999999999,-0.016825208085612386
2023-12-15,826.85,853.7,856.1,825.6,1278225,2023,0.85,75,73,83,16.0,3015,847.4785714285715,854.5166666666667,0.03247263711676851
2023-12-18,859.0,874.7,874.85,858.0,1560648,2023,0.85,78,76,86,16.0,3018,850.8214285714286,856.15,0.024598805200890306
2023-12-19,875.0,881.9,882.75,870.0,1358174,2023,0.85,79,77,87,16.0,3019,854.3785714285714,857.7883333333334,0.008231393620669936
2023-12-20,883.55,908.5,909.2,881.15,2130807,2023,0.85,70,73,83,16.0,3020,861.8642857142856,860.8733333333332,0.03016214990361732
2023-12-21,910.0,913.8,921.4,903.4,1925609,2023,0.85,71,74,84,16.0,3021,871.4928571428571,862.7100000000002,0.005833791964777069
2023-12-22,915.1,912.3,917.8,905.2,1277190,2023,0.85,72,75,85,16.0,3022,881.6785714285714,864.5400000000001,-0.0016414970453053623
2023-12-25,908.3,913.45,915.75,907.1,1648872,2023,0.85,75,73,83,16.0,3025,894.05,866.2566666666667,0.0012605502575908645
2023-12-26,909.0,934.25,935.6,909.0,4074149,2023,0.85,76,74,84,16.0,3026,905.5571428571428,868.8950000000001,0.022770813947123436
2023-12-27,854.95,857.05,873.1,851.35,6294912,2023,0.85,77,75,85,16.0,3027,903.0357142857143,868.8966666666668,-0.08263312817768265
2023-12-28,857.05,839.95,858.0,836.7,2254955,2023,0.85,78,76,86,16.0,3028,897.0428571428572,868.8583333333333,-0.01995216148416068
2023-12-29,839.0,847.65,851.9,828.55,1822474,2023,0.85,79,77,87,16.0,3029,888.35,868.8416666666667,0.009167212334067365
2024-01-03,849.35,848.1,854.0,841.0,632043,2024,0.9,73,76,86,16.0,3003,878.9642857142857,868.6183333333335,0.0005308794903557956
2024-01-04,848.0,843.5,850.95,841.7,333825,2024,0.9,74,77,87,16.0,3004,869.1357142857142,868.4316666666667,-0.005423888692371204
2024-01-05,843.5,842.6,845.55,840.5,313163,2024,0.9,75,73,83,16.0,3005,859.0142857142857,867.8283333333333,-0.0010669828097213951
2024-01-08,840.0,832.45,841.9,830.2,676437,2024,0.9,78,76,86,16.0,3008,844.4714285714286,866.6783333333334,-0.012046047946831173
2024-01-09,832.4,836.6,841.75,826.1,931511,2024,0.9,79,77,87,16.0,3009,841.5500000000001,865.5583333333333,0.004985284401465506
2024-01-10,836.7,857.4,862.2,836.7,1535952,2024,0.9,70,73,83,16.0,3010,844.0428571428572,865.0400000000001,0.02486253884771683
2024-01-11,857.4,853.8,868.7,851.0,1161835,2024,0.9,71,74,84,16.0,3011,844.9214285714286,864.4566666666667,-0.0041987403778867005
2024-01-12,857.95,851.0,863.0,847.35,843153,2024,0.9,72,75,85,16.0,3012,845.3357142857143,863.9,-0.003279456547200743
2024-01-15,851.95,852.9,856.0,847.9,575092,2024,0.9,75,73,83,16.0,3015,846.6785714285714,863.1600000000001,0.0022326674500587895
2024-01-16,852.9,842.6,853.35,839.0,631567,2024,0.9,76,74,84,16.0,3016,846.6785714285714,862.2233333333334,-0.01207644506976191
2024-01-17,843.15,854.3,856.05,839.9,449777,2024,0.9,77,75,85,16.0,3017,849.8000000000001,861.9966666666666,0.01388559221457375
2024-01-18,855.0,845.95,858.0,843.0,439412,2024,0.9,78,76,86,16.0,3018,851.1357142857142,861.2966666666666,-0.009774084045417242
2024-01-19,846.0,844.0,848.4,837.6,593868,2024,0.9,79,77,87,16.0,3019,849.2214285714286,860.7033333333333,-0.00230510077427748
2024-01-22,844.4,840.2,847.65,835.05,625474,2024,0.9,72,75,85,16.0,3022,847.2785714285714,860.3333333333334,-0.004502369668246353
2024-01-23,840.6,831.8,840.9,830.45,697693,2024,0.9,73,76,86,16.0,3023,844.5357142857143,859.4933333333333,-0.009997619614377617
2024-01-24,830.3,813.6,836.75,808.2,1533152,2024,0.9,74,77,87,16.0,3024,838.9214285714287,858.0766666666667,-0.021880259677807046
2024-01-25,815.25,807.75,816.6,797.0,1750707,2024,0.9,75,73,83,16.0,3025,833.9428571428572,856.7883333333334,-0.007190265486725744
2024-01-26,807.8,816.85,819.9,806.3,839559,2024,0.9,76,74,84,16.0,3026,828.592857142857,855.9833333333333,0.011265861962240775
2024-01-29,822.8,823.8,836.95,821.0,1158688,2024,0.9,79,77,87,16.0,3029,825.4285714285714,855.8816666666667,0.008508294056436272
2024-01-30,824.0,823.65,825.25,817.65,528240,2024,0.9,70,73,83,16.0,3030,822.5214285714285,854.88,-0.00018208302986155722
2024-01-31,824.85,817.5,824.85,816.0,517509,2024,0.9,71,74,84,16.0,3031,819.2785714285714,852.9733333333334,-0.007466763795301423
2024-02-01,818.0,818.2,824.25,815.95,569999,2024,0.9,71,74,84,16.0,3001,817.3357142857143,850.85,0.0008562691131499545
2024-02-02,820.1,818.0,821.0,813.6,469497,2024,0.9,72,75,85,16.0,3002,817.9642857142857,847.8333333333334,-0.000244439012466402
2024-02-05,820.0,835.05,836.1,811.35,916606,2024,0.9,75,73,83,16.0,3005,821.8642857142856,845.2083333333334,0.02084352078239604
2024-02-06,835.1,837.4,846.85,832.6,933778,2024,0.9,76,74,84,16.0,3006,824.8000000000001,842.7116666666666,0.00281420274235078
2024-02-07,838.45,831.9,840.6,830.9,483776,2024,0.9,77,75,85,16.0,3007,825.9571428571428,839.9933333333333,-0.006567948411750679
2024-02-08,831.4,828.25,840.5,822.6,680401,2024,0.9,78,76,86,16.0,3008,826.6142857142858,836.4599999999999,-0.0043875465801177516
2024-02-09,828.5,824.7,835.55,823.0,350717,2024,0.9,79,77,87,16.0,3009,827.6428571428571,835.3816666666667,-0.004286145487473525
2024-02-12,825.4,828.45,834.8,819.1,494095,2024,0.9,72,75,85,16.0,3012,829.1071428571429,834.9983333333332,0.004547108039286929
2024-02-13,829.2,829.8,833.75,826.05,250050,2024,0.9,73,76,86,16.0,3013,830.7928571428571,834.4033333333334,0.0016295491580662347
2024-02-14,830.0,821.6,834.85,820.25,458518,2024,0.9,74,77,87,16.0,3014,828.8714285714286,833.52,-0.009881899252831894
2024-02-15,825.7,817.1,825.7,812.3,705758,2024,0.9,75,73,83,16.0,3015,825.9714285714284,832.6399999999999,-0.005477117818889932
2024-02-16,817.1,816.7,822.5,814.5,557750,2024,0.9,76,74,84,16.0,3016,823.8000000000001,831.7766666666666,-0.0004895361644841056
2024-02-19,814.6,809.55,817.9,808.25,594488,2024,0.9,79,77,87,16.0,3019,821.1285714285714,831.0133333333334,-0.008754744704297934
2024-02-20,809.65,809.1,815.0,800.0,1105898,2024,0.9,70,73,83,16.0,3020,818.9,830.0966666666667,-0.0005558643690938281
2024-02-21,805.6,791.1,808.85,785.0,1469998,2024,0.9,71,74,84,16.0,3021,813.5642857142858,827.8866666666667,-0.022246941045606206
2024-02-22,791.1,790.2,796.7,780.0,679106,2024,0.9,72,75,85,16.0,3022,807.907142857143,825.7666666666667,-0.0011376564277587597
2024-02-26,792.7,809.65,811.55,792.7,624901,2024,0.9,76,74,84,16.0,3026,806.1999999999999,824.3883333333334,0.024614021766641292
2024-02-27,812.75,801.05,812.75,793.65,478940,2024,0.9,77,75,85,16.0,3027,803.9071428571427,822.66,-0.010621873649107716
2024-02-28,802.35,791.4,803.15,790.0,575295,2024,0.9,78,76,86,16.0,3028,800.2928571428571,820.9533333333333,-0.012046688721053633
2024-02-29,791.4,800.5,806.65,790.35,499679,2024,0.9,79,77,87,16.0,3029,799.0,819.1600000000001,0.011498610058124914
2024-03-01,800.4,817.45,817.85,792.9,743174,2024,0.9,71,74,84,16.0,3001,800.1928571428572,818.2099999999999,0.021174266083697768
2024-03-04,817.45,826.25,832.4,817.45,1154618,2024,0.9,74,77,87,16.0,3004,805.2142857142857,817.6183333333333,0.01076518441494878
2024-03-05,827.0,831.05,836.35,823.8,909108,2024,0.9,75,73,83,16.0,3005,811.0500000000001,817.3133333333334,0.005809379727685249
2024-03-06,831.05,826.2,835.8,823.75,555791,2024,0.9,76,74,84,16.0,3006,813.4142857142858,817.1266666666667,-0.005835990614283082
2024-03-07,825.0,829.8,832.5,825.0,417395,2024,0.9,77,75,85,16.0,3007,817.5214285714285,817.6666666666666,0.00435729847494537
2024-03-11,832.05,830.7,835.5,828.4,526366,2024,0.9,71,74,84,16.0,3011,823.1357142857144,818.4316666666666,0.0010845986984817646
2024-03-12,832.0,822.0,832.6,820.05,797455,2024,0.9,72,75,85,16.0,3012,826.2071428571429,818.6033333333332,-0.010473094980137265
2024-03-13,822.0,815.85,825.7,815.0,555313,2024,0.9,73,76,86,16.0,3013,825.9785714285714,818.3383333333334,-0.007481751824817473
2024-03-14,815.85,810.8,820.0,806.25,939944,2024,0.9,74,77,87,16.0,3014,823.7714285714285,817.91,-0.0061898633327205355
2024-03-15,811.0,811.9,814.9,804.35,592051,2024,0.9,75,73,83,16.0,3015,821.0357142857143,817.7233333333332,0.0013566847557968664
2024-03-18,812.1,813.4,818.65,808.25,407528,2024,0.9,78,76,86,16.0,3018,819.2071428571428,817.5633333333334,0.001847518167261919
2024-03-19,813.45,778.25,818.05,767.75,4701329,2024,0.9,79,77,87,16.0,3019,811.842857142857,816.2383333333333,-0.04321367101057283
2024-03-20,780.0,753.35,783.4,748.1,9209989,2024,0.9,70,73,83,16.0,3020,800.7928571428571,813.5149999999999,-0.03199486026341147
2024-03-21,755.7,754.6,763.5,750.15,2570959,2024,0.9,71,74,84,16.0,3021,791.1642857142857,810.755,0.0016592553262095855
2024-03-22,756.8,737.95,756.8,733.9,2791107,2024,0.9,72,75,85,16.0,3022,780.0357142857143,807.6233333333333,-0.022064670023853705
2024-03-25,737.0,746.4,748.2,735.05,1623316,2024,0.9,75,73,83,16.0,3025,770.8357142857143,804.895,0.011450640287282265
2024-03-26,747.0,741.45,748.35,737.25,1206385,2024,0.9,76,74,84,16.0,3026,760.7714285714286,802.12,-0.006631832797427517
2024-03-27,741.8,729.1,745.75,726.3,2111190,2024,0.9,77,75,85,16.0,3027,748.7285714285715,798.8083333333335,-0.01665655135208044
2024-03-28,729.5,727.4,737.7,722.55,2044350,2024,0.9,78,76,86,16.0,3028,741.4642857142857,795.395,-0.0023316417501029196
2024-03-29,729.95,741.8,744.85,729.25,2195678,2024,0.9,79,77,87,16.0,3029,739.8142857142857,792.735,0.019796535606268817
2024-04-01,746.7,751.3,752.0,743.2,1809651,2024,0.9,71,74,84,16.0,3001,739.342857142857,790.5416666666666,0.012806686438393111
2024-04-02,754.2,756.9,757.0,746.95,1207877,2024,0.9,72,75,85,16.0,3002,742.0500000000001,788.5483333333334,0.007453746838812725
2024-04-03,757.5,760.95,761.0,745.0,1711028,2024,0.9,73,76,86,16.0,3003,744.1285714285714,786.9283333333334,0.005350772889417543
2024-04-04,760.95,776.6,779.8,759.5,2391879,2024,0.9,74,77,87,16.0,3004,749.15,785.8449999999999,0.02056639726657461
2024-04-05,776.6,764.5,777.45,763.55,2015364,2024,0.9,75,73,83,16.0,3005,754.2071428571428,784.9583333333334,-0.015580736543909346
2024-04-08,765.0,762.45,771.65,761.0,1004994,2024,0.9,78,76,86,16.0,3008,759.2142857142857,784.0333333333333,-0.0026814911706997124
2024-04-09,762.45,755.3,764.65,745.65,1614421,2024,0.9,79,77,87,16.0,3009,761.1428571428571,782.2216666666666,-0.009377664109121997
2024-04-10,755.3,774.75,776.3,754.2,1361970,2024,0.9,70,73,83,16.0,3010,764.4928571428572,781.3449999999999,0.02575135707665832
2024-04-11,772.75,767.25,776.0,766.55,890616,2024,0.9,71,74,84,16.0,3011,765.9714285714286,780.5399999999998,-0.009680542110358181
2024-04-12,768.0,772.05,772.5,764.25,911676,2024,0.9,72,75,85,16.0,3012,767.5571428571428,779.5916666666667,0.006256109481915795
2024-04-15,772.9,775.1,784.4,770.0,1492816,2024,0.9,75,73,83,16.0,3015,767.342857142857,778.1800000000001,0.003950521339291635
2024-04-16,776.35,786.8,787.3,772.2,1004976,2024,0.9,76,74,84,16.0,3016,770.5285714285714,776.865,0.015094826474003176
2024-04-17,787.45,771.3,788.9,771.0,851397,2024,0.9,77,75,85,16.0,3017,771.7928571428572,774.8733333333333,-0.019700050838840855
2024-04-18,771.3,762.65,772.0,756.1,1263098,2024,0.9,78,76,86,16.0,3018,772.842857142857,772.755,-0.011214832101646532
2024-04-19,765.9,757.85,769.0,755.5,1020786,2024,0.9,79,77,87,16.0,3019,770.4285714285714,770.3566666666666,-0.006293843833999779
2024-04-22,757.7,753.0,759.0,748.2,1025024,2024,0.9,72,75,85,16.0,3022,768.3928571428571,767.7666666666667,-0.006399683314640137
2024-04-23,753.95,751.45,763.65,750.15,1007640,2024,0.9,73,76,86,16.0,3023,765.45,765.4150000000001,-0.0020584329349269126
2024-04-24,752.7,750.95,755.5,747.0,566913,2024,0.9,74,77,87,16.0,3024,762.0,763.2516666666667,-0.0006653802648213247
2024-04-25,750.95,751.3,757.65,750.0,260407,2024,0.9,75,73,83,16.0,3025,756.9285714285714,761.2683333333333,0.00046607630334905004
2024-04-26,751.5,750.0,755.9,749.2,399899,2024,0.9,76,74,84,16.0,3026,753.8857142857142,759.205,-0.0017303340875814976
2024-04-27,750.05,749.25,752.05,748.05,445290,2024,0.9,77,75,85,16.0,3027,751.9714285714286,757.0666666666667,-0.0010000000000000009
2024-04-29,748.55,750.4,752.2,748.55,175973,2024,0.9,79,77,87,16.0,3029,750.9071428571427,756.1383333333334,0.0015348682015348114
2024-04-30,750.5,748.55,750.7,744.3,204302,2024,0.9,70,73,83,16.0,3030,750.2714285714285,755.9783333333334,-0.002465351812366734
2024-05-02,748.6,745.8,750.5,744.4,370634,2024,0.9,72,75,85,16.0,3002,749.4642857142857,755.685,-0.0036737692872887973
2024-05-03,744.15,739.8,745.25,738.75,525444,2024,0.9,73,76,86,16.0,3003,747.8714285714286,755.7466666666666,-0.008045052292839916
2024-05-06,739.8,735.6,741.4,733.5,561733,2024,0.9,76,74,84,16.0,3006,745.6285714285714,755.3866666666668,-0.00567721005677202
2024-05-07,735.6,738.4,745.1,735.6,396933,2024,0.9,77,75,85,16.0,3007,743.9714285714284,755.285,0.0038064165307232223
2024-05-08,738.65,748.9,751.7,737.1,516595,2024,0.9,78,76,86,16.0,3008,743.9214285714286,755.9449999999999,0.01421993499458285
2024-05-10,750.0,751.0,757.55,749.95,271749,2024,0.9,70,73,83,16.0,3010,744.0071428571429,756.7316666666667,0.0028041126986246834
2024-05-13,749.0,747.8,753.55,745.0,376030,2024,0.9,73,76,86,16.0,3013,743.9,756.9316666666667,-0.0042609853528629005
2024-05-14,747.8,740.25,751.6,739.3,614893,2024,0.9,74,77,87,16.0,3014,743.1071428571429,756.5633333333334,-0.010096282428456727
2024-05-15,740.25,757.6,759.95,738.15,905791,2024,0.9,75,73,83,16.0,3015,745.65,756.5866666666666,0.023438027693346797
2024-05-16,757.7,764.8,766.0,757.7,931026,2024,0.9,76,74,84,16.0,3016,749.8214285714286,756.715,0.00950369588173161
2024-05-17,765.1,762.8,770.0,753.5,827319,2024,0.9,77,75,85,16.0,3017,753.3071428571429,756.255,-0.0026150627615062483
2024-05-20,762.8,752.05,768.0,750.0,932360,2024,0.9,70,73,83,16.0,3020,753.7571428571428,755.84,-0.014092815941268988
2024-05-21,758.0,751.8,764.95,745.05,1801929,2024,0.9,71,74,84,16.0,3021,753.8714285714285,755.485,-0.0003324247058041907
2024-05-22,751.8,748.65,758.75,746.4,874100,2024,0.9,72,75,85,16.0,3022,753.9928571428571,755.2633333333334,-0.0041899441340781385
2024-05-23,749.7,742.85,752.0,740.7,680815,2024,0.9,73,76,86,16.0,3023,754.3642857142856,754.2,-0.007747278434515392
2024-05-24,742.95,729.2,744.4,722.3,817853,2024,0.9,74,77,87,16.0,3024,750.3071428571428,752.9316666666667,-0.018375176684391148
2024-05-27,726.6,710.55,729.1,705.15,1259588,2024,0.9,77,75,85,16.0,3027,742.5571428571428,750.8816666666667,-0.025575973669775265
2024-05-28,709.85,718.2,726.4,691.1,1692690,2024,0.9,78,76,86,16.0,3028,736.1857142857142,748.985,0.010766307789740415
2024-05-29,718.2,707.1,720.65,697.0,1670045,2024,0.9,79,77,87,16.0,3029,729.7642857142857,746.3283333333333,-0.015455304928989166
2024-05-30,707.1,696.45,712.5,692.8,627618,2024,0.9,70,73,83,16.0,3030,721.8571428571429,743.8333333333334,-0.015061518879932123
2024-05-31,692.2,676.15,698.9,666.25,1708109,2024,0.9,71,74,84,16.0,3031,711.5,740.95,-0.029147821092684434
2024-06-03,676.15,672.7,689.7,646.95,2431962,2024,0.9,73,76,86,16.0,3003,701.4785714285715,738.1116666666668,-0.005102418102491901
2024-06-04,672.7,674.15,682.0,630.1,4858509,2024,0.9,74,77,87,16.0,3004,693.6142857142856,735.4833333333333,0.0021554927902480703
2024-06-05,675.0,690.9,699.85,670.0,2107885,2024,0.9,75,73,83,16.0,3005,690.8071428571429,733.465,0.024846102499443745
2024-06-06,696.9,705.0,707.0,685.8,844704,2024,0.9,76,74,84,16.0,3006,688.9214285714287,731.9333333333333,0.020408163265306145
2024-06-07,706.5,725.7,732.9,703.1,2581249,2024,0.9,77,75,85,16.0,3007,691.5785714285714,731.08,0.02936170212765954
2024-06-10,730.0,717.8,734.8,712.8,1501006,2024,0.9,70,73,83,16.0,3010,694.6285714285715,730.0066666666667,-0.010886041063800644
2024-06-11,715.0,731.8,732.45,708.0,1237209,2024,0.9,71,74,84,16.0,3011,702.5785714285713,729.425,0.019504040122596766
2024-06-13,695.0,738.4,742.05,665.2,1630734,2024,0.9,73,76,86,16.0,3013,711.9642857142857,729.025,0.009018857611369224
2024-06-14,738.8,733.4,744.35,721.0,1193855,2024,0.9,74,77,87,16.0,3014,720.4285714285714,728.52,-0.006771397616468056
2024-06-17,734.0,726.05,736.5,722.0,854504,2024,0.9,77,75,85,16.0,3017,725.4499999999999,727.8616666666666,-0.010021816198527489
2024-06-18,725.0,703.0,727.65,701.15,718414,2024,0.9,78,76,86,16.0,3018,725.1642857142857,726.635,-0.03174712485366016
2024-06-19,700.7,696.7,715.0,685.0,1340234,2024,0.9,79,77,87,16.0,3019,721.0214285714285,725.3383333333333,-0.00896159317211942
2024-06-20,697.1,710.3,713.75,680.9,776488,2024,0.9,70,73,83,16.0,3020,719.9499999999999,724.4016666666666,0.019520597100617154
2024-06-21,711.2,699.2,713.5,697.25,359693,2024,0.9,71,74,84,16.0,3021,715.2928571428572,722.745,-0.015627199774742917
2024-06-24,700.0,686.4,703.4,686.0,444969,2024,0.9,74,77,87,16.0,3024,707.8642857142858,720.5916666666667,-0.01830663615560646
2024-06-25,686.5,703.2,705.2,684.35,619929,2024,0.9,75,73,83,16.0,3025,703.5500000000001,719.105,0.02447552447552459
2024-06-26,703.2,700.45,710.7,691.55,683036,2024,0.9,76,74,84,16.0,3026,699.8928571428571,717.7783333333333,-0.003910693970420986
2024-06-27,701.0,698.75,704.35,695.7,612987,2024,0.9,77,75,85,16.0,3027,699.2857142857143,715.8166666666667,-0.00242701120708122
2024-06-28,699.7,693.3,702.4,691.35,658462,2024,0.9,78,76,86,16.0,3028,698.8000000000001,713.4333333333333,-0.007799642218246916
2024-07-01,695.8,705.0,717.8,694.5,1023486,2024,0.9,71,74,84,16.0,3001,698.0428571428572,711.5066666666667,0.01687581133708349
2024-07-02,707.8,700.6,710.8,696.75,1352281,2024,0.9,72,75,85,16.0,3002,698.2428571428572,709.7916666666666,-0.006241134751773014
2024-07-03,700.6,695.1,702.45,694.4,525185,2024,0.9,73,76,86,16.0,3003,699.4857142857143,707.9016666666666,-0.007850413930916345
2024-07-04,695.0,687.6,697.55,684.05,820200,2024,0.9,74,77,87,16.0,3004,697.2571428571429,705.8666666666667,-0.010789814415192112
2024-07-05,687.6,689.0,692.75,684.95,1144089,2024,0.9,75,73,83,16.0,3005,695.6214285714286,704.0716666666667,0.0020360674810935286
2024-07-08,679.0,671.3,684.2,671.3,1194071,2024,0.9,78,76,86,16.0,3008,691.6999999999999,702.1416666666667,-0.025689404934687965
2024-07-09,671.3,656.8,672.5,654.0,1034069,2024,0.9,79,77,87,16.0,3009,686.4857142857143,700.35,-0.02159988082824371
2024-07-10,656.0,634.9,658.8,631.0,1502065,2024,0.9,70,73,83,16.0,3010,676.4714285714286,697.5733333333334,-0.03334348355663819
2024-07-11,634.9,652.0,656.8,634.9,2378478,2024,0.9,71,74,84,16.0,3011,669.5285714285714,695.7366666666668,0.026933375334698306
2024-07-12,652.0,655.3,671.05,646.85,2456433,2024,0.9,72,75,85,16.0,3012,663.842857142857,694.365,0.005061349693251449
2024-07-15,656.0,642.0,662.0,635.2,1369350,2024,0.9,75,73,83,16.0,3015,657.3285714285713,693.2266666666667,-0.020296047611780832
2024-07-16,644.1,649.7,650.1,634.0,1371483,2024,0.9,76,74,84,16.0,3016,651.7142857142857,692.4599999999999,0.011993769470405091
2024-07-17,652.25,652.9,662.0,641.0,1118046,2024,0.9,77,75,85,16.0,3017,649.0857142857143,691.7516666666667,0.004925350161612885
2024-07-18,652.85,666.2,668.5,646.65,1347777,2024,0.9,78,76,86,16.0,3018,650.4285714285714,690.9283333333333,0.020370654005207545
2024-07-19,667.0,683.0,683.0,662.85,1387519,2024,0.9,79,77,87,16.0,3019,657.3000000000001,690.1949999999999,0.025217652356649634
2024-07-22,692.95,695.35,697.4,683.75,1248138,2024,0.9,72,75,85,16.0,3022,663.4928571428571,689.1833333333333,0.018081991215227022
2024-07-23,696.25,691.9,696.35,685.35,704625,2024,0.9,73,76,86,16.0,3023,668.7214285714286,688.3199999999999,-0.004961530164665384
2024-07-24,694.95,699.85,702.0,689.5,984544,2024,0.9,74,77,87,16.0,3024,676.9857142857143,687.255,0.011490099725393943
2024-07-25,699.7,705.35,712.5,699.7,1393729,2024,0.9,75,73,83,16.0,3025,684.9357142857143,686.1533333333333,0.007858826891476767
2024-07-26,705.3,684.4,709.2,684.0,1878322,2024,0.9,76,74,84,16.0,3026,689.4357142857142,684.5200000000001,-0.029701566598142826
2024-07-29,679.65,671.4,683.6,665.05,1154077,2024,0.9,79,77,87,16.0,3029,690.1785714285714,682.6983333333334,-0.018994739918176462
2024-07-30,669.8,676.8,678.9,665.6,755963,2024,0.9,70,73,83,16.0,3030,689.2928571428571,681.825,0.008042895442359255
2024-07-31,678.0,684.85,686.55,677.05,704194,2024,0.9,71,74,84,16.0,3031,687.7928571428572,681.4300000000001,0.01189420803782526
2024-08-01,685.95,677.6,686.0,677.2,519004,2024,0.9,71,74,84,16.0,3001,685.75,680.34,-0.01058625976491201
2024-08-02,677.05,677.0,679.0,662.5,885163,2024,0.9,72,75,85,16.0,3002,682.4857142857144,679.6,-0.0008854781582054994
2024-08-05,667.0,658.05,673.25,647.65,1576226,2024,0.9,75,73,83,16.0,3005,675.7285714285715,678.655,-0.027991137370753427
2024-08-06,661.5,672.65,672.8,659.1,806488,2024,0.9,76,74,84,16.0,3006,674.05,677.6366666666667,0.022186763923714103
2024-08-07,674.0,674.1,677.5,662.15,892629,2024,0.9,77,75,85,16.0,3007,674.4357142857143,676.7583333333333,0.0021556530141977337
2024-08-08,677.0,672.0,684.45,668.0,521263,2024,0.9,78,76,86,16.0,3008,673.75,675.8666666666667,-0.0031152647975077885
2024-08-09,672.0,668.8,674.95,667.05,308975,2024,0.9,79,77,87,16.0,3009,671.4571428571428,675.05,-0.004761904761904856
2024-08-12,668.8,680.0,680.0,660.5,457699,2024,0.9,72,75,85,16.0,3012,671.8,674.2166666666667,0.01674641148325362
2024-08-13,680.0,685.7,691.2,680.0,799843,2024,0.9,73,76,86,16.0,3013,673.0428571428571,673.7199999999999,0.008382352941176618
2024-08-14,689.2,682.55,696.0,678.0,818114,2024,0.9,74,77,87,16.0,3014,676.5428571428572,673.3016666666667,-0.004593845705119004
2024-08-15,685.65,677.1,685.65,675.0,388125,2024,0.9,75,73,83,16.0,3015,677.1785714285714,672.9516666666666,-0.007984763021024022
2024-08-16,679.8,671.4,679.8,667.0,372331,2024,0.9,76,74,84,16.0,3016,676.7928571428572,672.365,-0.008418254319893737
2024-08-19,671.4,665.7,674.0,661.45,660119,2024,0.9,79,77,87,16.0,3019,675.8928571428571,672.1783333333333,-0.00848972296693462
2024-08-20,666.95,654.65,669.5,652.0,985736,2024,0.9,70,73,83,16.0,3020,673.8714285714285,672.1066666666667,-0.01659906864954197
2024-08-21,654.65,657.5,662.25,649.0,628482,2024,0.9,71,74,84,16.0,3021,670.6571428571427,672.86,0.004353471320553082
2024-08-22,660.45,644.45,667.4,637.45,980531,2024,0.9,72,75,85,16.0,3022,664.7642857142857,672.6083333333333,-0.01984790874524711
2024-08-23,644.45,640.0,649.85,620.0,2045362,2024,0.9,73,76,86,16.0,3023,658.6857142857143,672.0983333333334,-0.0069051128869579426
2024-08-26,663.0,676.4,676.4,640.3,2001776,2024,0.9,76,74,84,16.0,3026,658.5857142857143,673.245,0.05687500000000001
2024-08-27,686.0,676.0,695.1,665.0,4026689,2024,0.9,77,75,85,16.0,3027,659.2428571428572,674.1216666666666,-0.0005913660555884048
2024-08-28,671.5,675.35,679.6,660.35,1646909,2024,0.9,78,76,86,16.0,3028,660.6214285714286,674.8700000000001,-0.0009615384615384581
2024-08-29,675.35,671.0,678.35,663.0,800971,2024,0.9,79,77,87,16.0,3029,662.9571428571428,675.0300000000001,-0.0064411046124231985
2024-08-30,671.0,656.2,673.3,648.0,916527,2024,0.9,70,73,83,16.0,3030,662.7714285714285,674.1366666666668,-0.022056631892697354
2024-09-02,654.85,641.95,656.2,631.9,1881453,2024,0.9,72,75,85,16.0,3002,662.4142857142858,672.3566666666666,-0.021715940262115208
2024-09-03,641.9,640.9,655.0,629.0,1732820,2024,0.9,73,76,86,16.0,3003,662.5428571428572,670.6566666666666,-0.0016356414050939794
2024-09-04,639.0,654.7,657.4,636.7,998863,2024,0.9,74,77,87,16.0,3004,659.4428571428572,669.1516666666666,0.021532220315181982
2024-09-05,658.9,659.55,666.35,650.0,1221986,2024,0.9,75,73,83,16.0,3005,657.092857142857,667.625,0.007407973117458333
2024-09-06,658.6,661.25,663.95,655.0,1048554,2024,0.9,76,74,84,16.0,3006,655.0785714285714,666.8533333333332,0.0025775149723297197
2024-09-09,661.6,672.0,673.45,661.6,1508573,2024,0.9,79,77,87,16.0,3009,655.2214285714286,666.8733333333333,0.01625708884688093
2024-09-10,673.2,662.7,680.5,658.05,1394400,2024,0.9,70,73,83,16.0,3010,656.15,666.4033333333334,-0.01383928571428561
2024-09-11,663.1,662.0,672.0,660.15,706081,2024,0.9,71,74,84,16.0,3011,659.0142857142857,665.6416666666667,-0.0010562848951261028
2024-09-12,664.5,667.9,667.9,655.45,755481,2024,0.9,72,75,85,16.0,3012,662.8714285714286,665.3183333333333,0.008912386706948716
2024-09-13,667.85,675.5,680.2,648.2,1956366,2024,0.9,73,76,86,16.0,3013,665.8428571428573,665.2683333333333,0.011378948944452905
2024-09-16,682.45,688.65,692.2,682.45,1614614,2024,0.9,76,74,84,16.0,3016,670.0,666.2883333333334,0.01946706143597332
2024-09-17,691.5,706.0,707.35,686.1,1580719,2024,0.9,77,75,85,16.0,3017,676.3928571428571,667.4,0.025194220576490345
2024-09-18,708.5,703.55,709.35,699.2,883037,2024,0.9,78,76,86,16.0,3018,680.9,668.3816666666667,-0.0034702549575071906
2024-09-19,703.7,704.9,706.3,697.0,964731,2024,0.9,79,77,87,16.0,3019,686.9285714285714,669.4783333333334,0.0019188401677208144
2024-09-20,704.9,724.2,725.0,704.9,1737466,2024,0.9,70,73,83,16.0,3020,695.8142857142857,671.325,0.027379770180167462
2024-09-23,729.0,730.5,736.3,726.25,1401310,2024,0.9,73,76,86,16.0,3023,704.7571428571428,673.0083333333333,0.00869925434962715
2024-09-24,730.55,717.25,733.95,710.0,2840550,2024,0.9,74,77,87,16.0,3024,710.7214285714284,674.0600000000001,-0.01813826146475017
2024-09-25,717.55,708.0,721.9,703.55,1901230,2024,0.9,75,73,83,16.0,3025,713.4857142857143,674.9083333333333,-0.012896479609620037
2024-09-26,707.85,706.45,714.85,701.1,1358754,2024,0.9,76,74,84,16.0,3026,713.5500000000001,675.8866666666667,-0.0021892655367230507
2024-09-27,707.3,708.3,712.0,704.0,1649295,2024,0.9,77,75,85,16.0,3027,714.2285714285714,677.1166666666667,0.002618727440016899
2024-09-30,711.7,701.9,714.75,701.65,2408176,2024,0.9,70,73,83,16.0,3030,713.8000000000001,678.3233333333334,-0.009035719327968317
2024-10-01,701.2,707.55,709.9,682.1,4457599,2024,0.9,71,74,84,16.0,3001,711.4214285714287,680.0866666666666,0.008049579712209765
2024-10-02,710.1,698.0,713.35,692.0,2396955,2024,0.9,72,75,85,16.0,3002,706.7785714285716,681.4366666666666,-0.013497279344215851
2024-10-03,697.0,700.2,704.35,688.75,2925573,2024,0.9,73,76,86,16.0,3003,704.3428571428573,683.295,0.0031518624641835302
2024-10-04,701.0,702.7,707.7,697.4,1664207,2024,0.9,74,77,87,16.0,3004,703.5857142857143,685.385,0.0035704084547272252
2024-10-07,705.0,700.45,707.6,695.1,1881957,2024,0.9,77,75,85,16.0,3007,702.7285714285714,686.1866666666667,-0.003201935392059152
2024-10-08,700.0,704.0,709.45,697.5,1775288,2024,0.9,78,76,86,16.0,3008,702.1142857142858,687.1200000000001,0.005068170461845822
2024-10-09,704.1,702.0,707.1,696.1,1702375,2024,0.9,79,77,87,16.0,3009,702.1285714285714,688.0083333333333,-0.0028409090909090606
2024-10-10,702.5,700.05,704.05,697.8,1335683,2024,0.9,70,73,83,16.0,3010,701.0571428571429,688.9766666666667,-0.002777777777777879
2024-10-11,700.75,697.15,702.2,695.25,2911069,2024,0.9,71,74,84,16.0,3011,700.9357142857142,690.3416666666667,-0.004142561245625287
2024-10-14,650.85,652.1,654.2,645.05,3464047,2024,0.9,74,77,87,16.0,3014,694.0642857142857,690.6800000000001,-0.06462023954672591
2024-10-15,652.2,646.4,652.25,642.1,1672667,2024,0.9,75,73,83,16.0,3015,686.0214285714285,690.8633333333333,-0.008740990645606517
2024-10-16,646.4,647.75,651.85,644.8,1345900,2024,0.9,76,74,84,16.0,3016,678.4928571428571,690.6316666666667,0.00208849009900991
2024-10-17,648.0,635.65,649.5,632.4,929881,2024,0.9,77,75,85,16.0,3017,668.7285714285715,689.8349999999999,-0.018680046314164422
2024-10-18,635.6,630.65,635.6,627.0,761495,2024,0.9,78,76,86,16.0,3018,658.5357142857143,688.815,-0.007865963973884949
2024-10-21,631.05,629.6,634.5,627.0,794105,2024,0.9,71,74,84,16.0,3021,648.4714285714286,687.4016666666666,-0.001664948862284854
2024-10-22,630.65,617.85,631.15,616.55,1280017,2024,0.9,72,75,85,16.0,3022,637.1428571428571,685.9066666666666,-0.01866264294790343
2024-10-23,618.1,602.5,618.8,602.0,1566329,2024,0.9,73,76,86,16.0,3023,630.0571428571428,683.9233333333334,-0.024844217852229566
2024-10-24,602.5,614.1,618.4,602.1,1312981,2024,0.9,74,77,87,16.0,3024,625.4428571428572,682.13,0.01925311203319513
2024-10-25,615.05,594.8,616.9,590.0,1607535,2024,0.9,75,73,83,16.0,3025,617.8785714285714,679.44,-0.031428106171633385
2024-10-28,586.0,570.6,586.0,568.0,2387701,2024,0.9,78,76,86,16.0,3028,608.5857142857143,675.505,-0.040685944855413436
2024-10-29,573.0,576.05,577.95,561.8,1592295,2024,0.9,79,77,87,16.0,3029,600.7857142857143,671.1733333333334,0.0095513494567121
2024-10-30,576.5,568.75,582.3,566.7,1062103,2024,0.9,70,73,83,16.0,3030,592.092857142857,666.6800000000001,-0.012672511066747605
2024-10-31,568.75,559.6,574.65,556.05,1202108,2024,0.9,71,74,84,16.0,3031,583.7714285714285,661.8366666666666,-0.01608791208791205
2024-11-01,560.0,549.4,564.45,544.2,2750315,2024,0.9,71,74,84,16.0,3001,576.1857142857142,656.01,-0.018227305218012968
2024-11-02,550.95,548.35,550.95,544.0,1311335,2024,0.9,72,75,85,16.0,3002,566.7928571428572,649.9383333333333,-0.001911175828176126
2024-11-05,550.05,550.3,554.8,544.45,1367915,2024,0.9,75,73,83,16.0,3005,560.4357142857142,644.3733333333332,0.0035561229141969353
2024-11-06,558.95,553.55,576.15,545.5,3601304,2024,0.9,76,74,84,16.0,3006,558.0,639.225,0.005905869525713259
2024-11-07,552.9,566.8,567.25,550.15,2483573,2024,0.9,77,75,85,16.0,3007,556.6785714285714,634.57,0.02393641044169459
2024-11-08,569.0,577.1,577.8,565.0,2801189,2024,0.9,78,76,86,16.0,3008,557.8714285714285,630.1966666666666,0.01817219477769938
2024-11-11,580.0,583.3,588.65,580.0,1894813,2024,0.9,71,74,84,16.0,3011,561.2571428571429,626.2433333333333,0.01074337203257647
2024-11-12,584.85,577.6,585.25,570.75,1204895,2024,0.9,72,75,85,16.0,3012,565.2857142857143,621.9116666666667,-0.009771986970683932
2024-11-13,577.0,566.2,580.75,561.35,1207849,2024,0.9,73,76,86,16.0,3013,567.8357142857142,617.5183333333334,-0.019736842105263164
2024-11-14,566.2,560.9,570.3,559.0,1050205,2024,0.9,74,77,87,16.0,3014,569.35,612.875,-0.009360649947015354
2024-11-15,559.0,571.05,571.65,554.2,811118,2024,0.9,75,73,83,16.0,3015,571.85,608.4866666666666,0.018095917275806617
2024-11-18,559.0,558.4,566.9,555.0,830723,2024,0.9,78,76,86,16.0,3018,570.65,603.7516666666667,-0.022152175816478326
2024-11-19,560.15,548.2,560.15,538.25,1570258,2024,0.9,79,77,87,16.0,3019,566.5214285714286,598.5583333333333,-0.018266475644698965
2024-11-20,548.0,535.05,553.95,533.35,1268213,2024,0.9,70,73,83,16.0,3020,559.6285714285714,592.9933333333333,-0.02398759576796805
2024-11-21,535.0,539.3,541.95,525.0,1935739,2024,0.9,71,74,84,16.0,3021,554.1571428571428,587.635,0.007943182880104649
2024-11-22,539.95,531.8,544.7,525.9,1424141,2024,0.9,72,75,85,16.0,3022,549.2428571428571,582.1233333333332,-0.013906916373076172
2024-11-25,532.45,521.05,535.75,518.8,1202285,2024,0.9,75,73,83,16.0,3025,543.55,577.755,-0.020214366303121456
2024-11-26,521.05,527.0,528.0,515.3,2405430,2024,0.9,76,74,84,16.0,3026,537.2571428571429,573.775,0.011419249592169667
2024-11-27,528.05,541.35,541.8,519.6,3089573,2024,0.9,77,75,85,16.0,3027,534.8214285714286,570.2283333333332,0.02722960151802667
2024-11-28,541.35,542.15,549.3,537.1,1671731,2024,0.9,78,76,86,16.0,3028,533.9571428571428,567.1116666666666,0.0014777870139466298
2024-11-29,542.15,556.2,558.15,541.0,880056,2024,0.9,79,77,87,16.0,3029,536.9785714285714,564.6299999999999,0.02591533708383298
2024-12-02,561.05,564.5,572.2,560.15,1205498,2024,0.9,72,75,85,16.0,3002,540.5785714285714,562.4599999999999,0.014922689679971235
2024-12-03,564.5,562.6,572.0,551.4,2433967,2024,0.9,73,76,86,16.0,3003,544.9785714285714,560.6183333333333,-0.003365810451727125
2024-12-04,563.0,539.5,565.8,535.0,1941294,2024,0.9,74,77,87,16.0,3004,547.6142857142858,558.5183333333333,-0.041059367223604704
2024-12-05,541.7,553.9,558.5,534.2,1420970,2024,0.9,75,73,83,16.0,3005,551.4571428571428,556.5116666666667,0.026691380908248297
2024-12-06,553.9,559.25,562.2,547.85,775425,2024,0.9,76,74,84,16.0,3006,554.0142857142857,555.3266666666666,0.009658783173858154
2024-12-09,563.0,567.15,571.5,560.1,1000532,2024,0.9,79,77,87,16.0,3009,557.5857142857143,555.2116666666666,0.014126061689762937
2024-12-10,569.05,557.45,569.05,555.7,947795,2024,0.9,70,73,83,16.0,3010,557.7642857142857,554.5916666666667,-0.017103059155426092
2024-12-11,557.4,564.95,566.2,549.05,837360,2024,0.9,71,74,84,16.0,3011,557.8285714285714,554.465,0.01345412144586966
2024-12-12,566.35,548.6,566.6,548.6,652446,2024,0.9,72,75,85,16.0,3012,555.8285714285714,554.0983333333334,-0.028940614213647242
2024-12-13,548.9,552.4,557.0,546.95,701939,2024,0.9,73,76,86,16.0,3013,557.6714285714286,554.1983333333334,0.006926722566532817
2024-12-16,552.0,537.2,554.85,532.55,1107479,2024,0.9,76,74,84,16.0,3016,555.2857142857143,553.8266666666666,-0.027516292541636345
2024-12-17,537.2,541.5,542.75,529.95,980398,2024,0.9,77,75,85,16.0,3017,552.75,553.5333333333333,0.008004467609828758
2024-12-18,542.0,544.9,547.9,531.05,924731,2024,0.9,78,76,86,16.0,3018,549.5714285714286,553.245,0.006278855032317621
2024-12-19,546.0,542.4,549.0,538.0,979845,2024,0.9,79,77,87,16.0,3019,547.4214285714286,552.4316666666667,-0.00458799779776109
2024-12-20,542.4,574.1,583.0,536.1,3250110,2024,0.9,70,73,83,16.0,3020,548.7285714285715,552.3316666666667,0.05844395280235992
2024-12-23,580.2,600.0,601.2,579.0,2854854,2024,0.9,73,76,86,16.0,3023,556.0714285714286,552.8883333333332,0.04511409162166857
2024-12-24,600.0,617.55,620.0,591.15,2469336,2024,0.9,74,77,87,16.0,3024,565.3785714285715,554.22,0.029249999999999998
2024-12-25,616.0,624.5,629.0,602.55,2144112,2024,0.9,75,73,83,16.0,3025,577.85,556.1633333333334,0.011254149461582097
2024-12-26,624.3,617.6,629.4,616.0,1219529,2024,0.9,76,74,84,16.0,3026,588.7214285714286,558.0533333333334,-0.011048839071256977
2024-12-27,618.95,621.0,624.95,611.05,1053717,2024,0.9,77,75,85,16.0,3027,599.5928571428573,559.7183333333334,0.005505181347150279
2024-12-28,619.1,631.15,636.0,619.1,1058633,2024,0.9,78,76,86,16.0,3028,612.2714285714285,562.1433333333333,0.01634460547504024
2024-12-30,634.85,657.7,666.5,634.0,1553087,2024,0.9,70,73,83,16.0,3030,624.2142857142857,565.7933333333333,0.04206606987245509
2025-01-03,659.0,631.9,660.65,630.45,862791,2025,0.9,73,76,86,16.0,3003,628.7714285714285,569.0216666666668,-0.03922761137296649
2025-01-06,630.3,624.1,636.6,619.0,690922,2025,0.9,76,74,84,16.0,3006,629.7071428571428,571.8483333333334,-0.012343725272986106
2025-01-08,624.85,620.9,629.0,618.2,480220,2025,0.9,78,76,86,16.0,3008,629.1928571428572,574.8183333333334,-0.005127383432142363
2025-01-09,620.9,593.75,622.95,591.65,2044253,2025,0.9,79,77,87,16.0,3009,625.7857142857143,577.2416666666667,-0.04372684812369143
2025-01-10,596.25,602.8,620.0,560.0,15028116,2025,0.9,70,73,83,16.0,3010,623.1857142857143,579.7683333333333,0.015242105263157724
2025-01-13,603.05,584.1,609.0,581.0,4466123,2025,0.9,73,76,86,16.0,3013,616.4642857142857,581.1933333333333,-0.031021897810218912
2025-01-14,584.1,595.9,599.95,577.0,2403193,2025,0.9,74,77,87,16.0,3014,607.6357142857142,582.9850000000001,0.02020202020202011
2025-01-15,594.0,607.0,610.0,591.1,2834791,2025,0.9,75,73,83,16.0,3015,604.0785714285714,584.6783333333334,0.018627286457459258
2025-01-16,609.35,611.95,615.55,603.35,1877013,2025,0.9,76,74,84,16.0,3016,602.342857142857,586.2600000000001,0.00815485996705112
2025-01-17,611.95,611.6,617.5,606.25,1626545,2025,0.9,77,75,85,16.0,3017,601.0142857142857,587.8933333333333,-0.0005719421521366286
2025-01-20,617.0,605.95,620.0,601.0,1861575,2025,0.9,70,73,83,16.0,3020,602.7571428571429,590.1083333333333,-0.009238064094179155
2025-01-21,606.0,613.9,615.0,596.3,969848,2025,0.9,71,74,84,16.0,3021,604.342857142857,592.1083333333333,0.013119894380724473
2025-01-22,612.85,621.0,631.5,607.15,2176277,2025,0.9,72,75,85,16.0,3022,609.6142857142858,594.1666666666666,0.01156540153119412
2025-01-23,621.6,619.7,624.75,611.05,964100,2025,0.9,73,76,86,16.0,3023,613.0142857142857,595.9183333333333,-0.0020933977455716013
2025-01-24,620.0,615.25,625.75,611.05,1030498,2025,0.9,74,77,87,16.0,3024,614.1928571428572,597.8449999999999,-0.007180893980958558
2025-01-27,609.15,603.2,617.65,601.15,955652,2025,0.9,77,75,85,16.0,3027,612.9428571428572,599.12,-0.019585534335635812
2025-01-28,603.55,622.25,624.5,598.45,989212,2025,0.9,78,76,86,16.0,3028,614.4642857142857,601.575,0.031581564986737254
2025-01-29,622.5,616.35,625.6,610.6,1111222,2025,0.9,79,77,87,16.0,3029,615.9499999999999,603.7066666666666,-0.009481719566090785
2025-01-30,618.7,629.65,630.0,611.8,778117,2025,0.9,70,73,83,16.0,3030,618.1999999999999,606.7883333333334,0.021578648495173214
2025-01-31,630.9,618.0,639.0,613.15,1796945,2025,0.9,71,74,84,16.0,3031,617.7714285714285,609.3383333333334,-0.018502342571269703
2025-02-03,617.0,615.0,618.75,611.45,618698,2025,0.9,73,76,86,16.0,3003,617.1,611.675,-0.004854368932038833
2025-02-04,617.0,608.9,623.7,606.0,946775,2025,0.9,74,77,87,16.0,3004,616.1928571428572,613.8916666666667,-0.009918699186991953
2025-02-05,611.1,624.25,624.95,603.0,1217892,2025,0.9,75,73,83,16.0,3005,619.1999999999999,615.5633333333334,0.02520939398916089
2025-02-06,624.25,617.95,628.0,614.05,952749,2025,0.9,76,74,84,16.0,3006,618.5857142857143,616.1616666666666,-0.010092110532639142
2025-02-07,617.95,608.75,620.45,606.0,1242138,2025,0.9,77,75,85,16.0,3007,617.5,615.8683333333333,-0.014887935917145434
2025-02-10,615.1,607.95,615.4,606.0,1917690,2025,0.9,70,73,83,16.0,3010,614.4,615.3166666666667,-0.0013141683778233881
2025-02-11,609.45,616.3,617.5,601.1,2005280,2025,0.9,71,74,84,16.0,3011,614.157142857143,615.2733333333332,0.013734682128464293
2025-02-12,618.1,658.2,662.1,614.0,4766453,2025,0.9,72,75,85,16.0,3012,620.3285714285714,616.5133333333332,0.06798637027421717
2025-02-13,662.5,633.95,665.3,629.0,3633340,2025,0.9,73,76,86,16.0,3013,623.907142857143,616.6066666666667,-0.036842904892130046
2025-02-14,640.0,624.3,648.45,612.0,4950072,2025,0.9,74,77,87,16.0,3014,623.9142857142858,615.4933333333333,-0.015222020664090397
2025-02-17,635.0,648.5,648.7,628.15,3263280,2025,0.9,77,75,85,16.0,3017,628.2785714285714,616.0466666666666,0.03876341502482794
2025-02-18,645.9,637.95,655.0,632.55,2177129,2025,0.9,78,76,86,16.0,3018,632.4499999999999,616.5083333333333,-0.016268311488049303
2025-02-19,642.4,644.0,649.0,634.0,829852,2025,0.9,79,77,87,16.0,3019,637.6000000000001,617.2783333333333,0.009483501841837105
2025-02-20,644.65,657.65,661.85,642.7,1541595,2025,0.9,70,73,83,16.0,3020,643.5071428571429,619.4083333333333,0.02119565217391295
2025-02-21,658.0,659.2,673.0,645.6,2991601,2025,0.9,71,74,84,16.0,3021,643.65,621.2883333333333,0.002356876758154103
2025-02-24,655.8,656.0,665.0,646.2,1675279,2025,0.9,74,77,87,16.0,3024,646.8000000000001,623.685,-0.004854368932038944
2025-02-25,657.5,668.55,676.0,650.05,3258007,2025,0.9,75,73,83,16.0,3025,653.1214285714285,626.1066666666667,0.01913109756097553
2025-02-26,666.7,649.0,673.7,645.0,2330537,2025,0.9,76,74,84,16.0,3026,653.1928571428571,627.5066666666667,-0.029242390247550598
2025-02-27,649.0,637.65,656.0,631.9,1684249,2025,0.9,77,75,85,16.0,3027,653.15,628.3633333333332,-0.017488443759630212
2025-02-28,638.0,642.95,648.0,625.0,1548939,2025,0.9,78,76,86,16.0,3028,653.0,629.4083333333333,0.00831176977965975
2025-03-03,643.1,628.0,645.0,614.45,1818277,2025,0.9,73,76,86,16.0,3003,648.7642857142857,630.1433333333333,-0.023252196904891553
2025-03-04,631.35,627.2,642.0,619.2,2472473,2025,0.9,74,77,87,16.0,3004,644.1928571428572,630.5866666666667,-0.00127388535031836
2025-03-05,627.8,617.55,630.25,615.9,1761397,2025,0.9,75,73,83,16.0,3005,638.6999999999999,630.4716666666667,-0.01538584183673486
2025-03-06,616.1,612.8,625.95,610.45,1162087,2025,0.9,76,74,84,16.0,3006,630.7357142857143,630.2416666666667,-0.007691684883815109
2025-03-07,612.8,610.65,618.9,607.0,1022208,2025,0.9,77,75,85,16.0,3007,625.2571428571429,630.0883333333334,-0.0035084856396866426
2025-03-10,612.65,604.65,616.85,603.05,1159906,2025,0.9,70,73,83,16.0,3010,620.5428571428572,630.1366666666667,-0.009825595676737908
2025-03-11,605.0,607.45,614.0,595.05,1305864,2025,0.9,71,74,84,16.0,3011,615.4714285714286,629.6433333333333,0.004630778136111902
2025-03-12,609.55,606.1,611.9,600.0,784484,2025,0.9,72,75,85,16.0,3012,612.342857142857,629.3016666666667,-0.0022224051362252917
2025-03-13,607.45,605.7,611.45,596.0,1151738,2025,0.9,73,76,86,16.0,3013,609.2714285714286,628.5033333333333,-0.0006599571027883222
2025-03-14,603.9,605.95,608.0,600.25,848547,2025,0.9,74,77,87,16.0,3014,607.6142857142858,628.1016666666667,0.0004127455836222538
2025-03-17,610.0,624.5,627.95,609.9,1476909,2025,0.9,77,75,85,16.0,3017,609.2857142857143,628.4183333333333,0.030613086888356955
2025-03-18,625.9,619.2,637.6,618.0,1930013,2025,0.9,78,76,86,16.0,3018,610.5071428571429,628.7616666666667,-0.008486789431545128
2025-03-19,619.2,627.9,631.3,618.0,644330,2025,0.9,79,77,87,16.0,3019,613.8285714285714,628.8833333333333,0.014050387596899139
2025-03-20,629.0,626.25,633.9,621.75,860752,2025,0.9,70,73,83,16.0,3020,616.5142857142857,629.1600000000001,-0.002627806975633029
2025-03-21,626.2,623.65,628.85,621.0,465941,2025,0.9,71,74,84,16.0,3021,619.0214285714285,629.6566666666666,-0.0041516966067864924
2025-03-24,625.0,610.7,627.0,607.5,879709,2025,0.9,74,77,87,16.0,3024,619.7357142857144,629.7483333333333,-0.020764852080493723
2025-03-25,613.15,611.4,616.5,603.5,844209,2025,0.9,75,73,83,16.0,3025,620.5142857142857,629.5850000000002,0.0011462256427050566
2025-03-26,612.0,608.6,617.3,603.7,481198,2025,0.9,76,74,84,16.0,3026,618.2428571428571,627.9316666666667,-0.0045796532548249
2025-03-27,611.75,598.2,611.75,598.2,682345,2025,0.9,77,75,85,16.0,3027,615.2428571428571,626.74,-0.017088399605652227
2025-03-28,599.0,580.05,599.4,574.5,2050361,2025,0.9,78,76,86,16.0,3028,608.407142857143,625.265,-0.030341023069207718
2025-03-31,580.05,578.65,595.15,562.65,1738785,2025,0.9,71,74,84,16.0,3031,601.6071428571429,622.9366666666667,-0.002413585035772714
2025-04-01,579.0,583.45,593.1,571.2,1325000,2025,0.9,71,74,84,16.0,3001,595.8642857142858,621.12,0.008295169791756818
2025-04-02,577.0,577.8,586.25,568.8,1135226,2025,0.9,72,75,85,16.0,3002,591.1642857142857,618.9133333333334,-0.009683777530208437
2025-04-03,577.9,569.25,582.9,562.8,1035515,2025,0.9,73,76,86,16.0,3003,585.1428571428571,615.9666666666667,-0.014797507788161912
2025-04-04,572.5,543.45,573.35,540.0,1985081,2025,0.9,74,77,87,16.0,3004,575.8357142857143,612.1083333333333,-0.04532279314887999
2025-04-07,541.8,537.0,553.2,509.05,3874959,2025,0.9,77,75,85,16.0,3007,567.092857142857,608.1416666666667,-0.011868617168092843
2025-04-08,537.0,524.35,550.75,521.85,976955,2025,0.9,78,76,86,16.0,3008,559.1357142857144,603.3349999999999,-0.023556797020484077
2025-04-09,524.35,548.5,549.45,510.0,1954470,2025,0.9,79,77,87,16.0,3009,554.8285714285714,599.985,0.04605702298083347
2025-04-10,548.5,544.05,557.45,534.3,1419182,2025,0.9,70,73,83,16.0,3010,549.2,596.865,-0.008113035551504222
2025-04-11,544.05,544.45,556.9,538.05,1394108,2025,0.9,71,74,84,16.0,3011,544.4357142857143,593.5816666666667,0.0007352265416782355
2025-04-14,547.0,545.5,556.45,541.0,884826,2025,0.9,74,77,87,16.0,3014,541.0428571428572,590.8316666666667,0.0019285517494718185
2025-04-15,548.3,540.25,550.7,538.0,541459,2025,0.9,75,73,83,16.0,3015,540.5857142857143,587.9333333333333,-0.009624197983501337
2025-04-16,539.65,552.65,554.0,535.0,1006025,2025,0.9,76,74,84,16.0,3016,542.8214285714286,585.77,0.022952336881073565
2025-04-17,553.2,558.75,562.05,542.5,1233160,2025,0.9,77,75,85,16.0,3017,547.7357142857143,583.9683333333334,0.011037727313851553
2025-04-18,553.9,549.5,560.0,545.0,598357,2025,0.9,78,76,86,16.0,3018,547.8785714285714,581.93,-0.01655480984340041
2025-04-21,551.6,557.95,561.0,551.3,460221,2025,0.9,71,74,84,16.0,3021,549.8642857142858,580.3733333333333,0.01537761601455867
2025-04-22,558.25,564.7,567.95,552.3,852857,2025,0.9,72,75,85,16.0,3022,552.7571428571429,578.9483333333334,0.012097858231024272
2025-04-23,564.95,572.95,586.25,554.0,1809608,2025,0.9,73,76,86,16.0,3023,556.6785714285714,577.8433333333334,0.0146095271825748
2025-04-24,572.9,567.1,580.6,564.3,1022786,2025,0.9,74,77,87,16.0,3024,560.5142857142857,576.5566666666667,-0.010210315036216167
2025-04-25,567.8,578.0,580.9,567.8,824770,2025,0.9,75,73,83,16.0,3025,564.1357142857142,575.625,0.019220596014812186
2025-04-28,580.0,580.6,593.95,575.65,1397703,2025,0.9,78,76,86,16.0,3028,567.2571428571429,574.1616666666667,0.0044982698961937295
2025-04-29,582.75,561.75,583.55,561.75,685324,2025,0.9,79,77,87,16.0,3029,569.0071428571429,572.2466666666667,-0.03246641405442652
2025-04-30,564.4,561.05,564.5,545.1,1162231,2025,0.9,70,73,83,16.0,3030,569.45,570.0183333333333,-0.0012461059190032042
2025-05-02,561.75,539.85,562.65,539.0,358537,2025,0.9,72,75,85,16.0,3002,565.9,567.1383333333332,-0.037786293556723916
2025-05-05,542.6,528.25,552.5,521.05,1963892,2025,0.9,75,73,83,16.0,3005,559.5142857142857,563.9583333333334,-0.02148745021765308
2025-05-06,528.3,529.95,536.35,520.15,999300,2025,0.9,76,74,84,16.0,3006,554.2071428571429,561.2666666666667,0.003218173213440645
2025-05-07,532.75,537.65,541.4,528.15,536297,2025,0.9,77,75,85,16.0,3007,548.4428571428572,558.8083333333333,0.014529672610623434
2025-05-08,537.7,543.75,548.8,537.7,303663,2025,0.9,78,76,86,16.0,3008,543.1785714285714,556.6466666666668,0.011345670975541733
2025-05-12,545.15,556.85,562.45,540.1,583122,2025,0.9,72,75,85,16.0,3012,542.4785714285714,555.2683333333333,0.02409195402298847
2025-05-13,558.7,554.05,559.25,551.9,222354,2025,0.9,73,76,86,16.0,3013,541.4785714285714,554.4016666666666,-0.005028284098051672
2025-05-14,554.05,544.25,558.25,542.15,675996,2025,0.9,74,77,87,16.0,3014,542.1071428571429,553.255,-0.017687934301958252
2025-05-15,542.05,541.65,552.2,538.4,460732,2025,0.9,75,73,83,16.0,3015,544.0214285714286,551.8616666666666,-0.004777216352779057
2025-05-16,541.75,544.5,544.65,532.7,572421,2025,0.9,76,74,84,16.0,3016,546.1,550.7516666666667,0.005261700360011057
2025-05-19,544.3,539.3,555.85,537.9,672879,2025,0.9,79,77,87,16.0,3019,546.3357142857143,549.7533333333334,-0.009550045913682359
2025-05-20,541.45,536.95,542.25,533.4,546151,2025,0.9,70,73,83,16.0,3020,545.3642857142858,549.5366666666666,-0.004357500463563757
2025-05-21,538.55,535.35,545.5,533.5,725095,2025,0.9,71,74,84,16.0,3021,542.2928571428571,549.4816666666667,-0.0029797932768415025
2025-05-22,535.65,522.2,536.0,522.0,829756,2025,0.9,72,75,85,16.0,3022,537.7428571428571,549.41,-0.024563369758102138
2025-05-23,523.5,514.15,524.2,512.0,857819,2025,0.9,73,76,86,16.0,3023,533.4428571428572,548.265,-0.015415549597855405
2025-05-26,514.55,510.7,516.95,500.3,2572935,2025,0.9,76,74,84,16.0,3026,529.0214285714286,547.1533333333333,-0.006710104055236754
2025-05-27,511.0,522.1,523.1,503.0,833002,2025,0.9,77,75,85,16.0,3027,525.8214285714286,546.4083333333333,0.022322302721754506
2025-05-28,525.6,529.25,535.4,520.15,937018,2025,0.9,78,76,86,16.0,3028,524.3857142857142,545.8666666666667,0.013694694502968785
2025-05-29,530.0,520.85,531.65,520.3,770167,2025,0.9,79,77,87,16.0,3029,522.0857142857143,545.22,-0.015871516296646182
2025-05-30,520.85,526.55,529.85,518.05,231258,2025,0.9,70,73,83,16.0,3030,520.8285714285714,544.35,0.010943649803206057
2025-06-02,529.15,533.4,539.45,512.05,743404,2025,0.9,72,75,85,16.0,3002,522.4285714285714,543.505,0.013009210901149038
2025-06-03,533.35,541.0,544.45,533.35,543596,2025,0.9,73,76,86,16.0,3003,526.2642857142857,543.2216666666667,0.014248218972628512
2025-06-04,542.0,541.2,547.6,536.25,592935,2025,0.9,74,77,87,16.0,3004,530.6214285714285,542.6633333333334,0.0003696857670980602
2025-06-05,541.25,546.25,552.0,540.55,556799,2025,0.9,75,73,83,16.0,3005,534.0714285714286,542.0483333333334,0.009331116038433063
2025-06-06,547.55,537.3,552.95,536.3,560255,2025,0.9,76,74,84,16.0,3006,535.2214285714286,540.86,-0.01638443935926781
2025-06-09,541.35,526.2,545.0,522.3,973470,2025,0.9,79,77,87,16.0,3009,535.9857142857143,539.4966666666667,-0.020658849804578328
2025-06-10,528.65,515.15,528.8,508.2,783229,2025,0.9,70,73,83,16.0,3010,534.3571428571429,537.4016666666666,-0.020999619916381773
2025-06-11,516.95,520.55,521.3,512.65,309498,2025,0.9,71,74,84,16.0,3011,532.5214285714286,535.4,0.010482383771716952
2025-06-13,531.05,541.05,543.7,529.8,1087789,2025,0.9,73,76,86,16.0,3013,532.5285714285714,534.71,0.03938142349438101
2025-06-16,545.4,532.5,556.5,527.8,2306134,2025,0.9,76,74,84,16.0,3016,531.2857142857143,533.7583333333333,-0.01580260604380368
2025-06-17,533.85,543.2,543.55,530.7,989354,2025,0.9,77,75,85,16.0,3017,530.85,533.87,0.020093896713615056
2025-06-18,545.5,540.6,545.85,534.75,579834,2025,0.9,78,76,86,16.0,3018,531.3214285714286,534.2816666666666,-0.0047864506627394166
2025-06-19,541.0,538.65,542.5,535.25,356637,2025,0.9,79,77,87,16.0,3019,533.1,534.5716666666666,-0.0036071032186459906
2025-06-20,538.4,532.35,538.95,530.55,299217,2025,0.9,70,73,83,16.0,3020,535.5571428571428,534.395,-0.011695906432748426
2025-06-23,544.0,527.65,546.9,525.85,1164556,2025,0.9,73,76,86,16.0,3023,536.5714285714286,533.8583333333333,-0.008828778059547404
2025-06-24,527.65,529.45,532.55,523.0,468781,2025,0.9,74,77,87,16.0,3024,534.9142857142857,532.945,0.003411352222117081
2025-06-25,530.05,531.65,535.4,529.7,301162,2025,0.9,75,73,83,16.0,3025,534.7928571428572,532.1983333333333,0.0041552554537727104
2025-06-26,532.85,538.4,543.0,531.5,626196,2025,0.9,76,74,84,16.0,3026,534.1071428571429,532.0033333333333,0.012696322768738888
2025-06-27,538.7,540.15,542.8,535.65,659241,2025,0.9,77,75,85,16.0,3027,534.0428571428571,531.9533333333333,0.0032503714710252485
2025-06-30,541.55,542.45,546.0,537.7,453714,2025,0.9,70,73,83,16.0,3030,534.5857142857143,531.885,0.004258076460242677
2025-07-01,542.8,539.65,548.55,538.15,809696,2025,0.9,71,74,84,16.0,3001,535.6285714285714,531.8966666666666,-0.005161766061388295
2025-07-02,539.2,536.2,542.5,532.0,375524,2025,0.9,72,75,85,16.0,3002,536.85,531.8716666666667,-0.006393032521078368
2025-07-03,536.0,535.05,542.35,534.9,512434,2025,0.9,73,76,86,16.0,3003,537.65,531.8616666666666,-0.0021447221186126075
2025-07-04,535.05,529.5,535.95,528.7,356432,2025,0.9,74,77,87,16.0,3004,537.342857142857,532.105,-0.010372862349313117
2025-07-07,531.05,525.45,531.05,521.3,816393,2025,0.9,77,75,85,16.0,3007,535.4928571428571,532.4816666666667,-0.007648725212464513
2025-07-08,501.75,507.5,513.2,501.75,1498038,2025,0.9,78,76,86,16.0,3008,530.8285714285714,532.375,-0.03416119516604821
2025-07-09,507.5,501.55,510.55,500.0,953781,2025,0.9,79,77,87,16.0,3009,524.9857142857143,531.6899999999999,-0.01172413793103444
2025-07-10,501.55,499.8,504.95,495.0,709727,2025,0.9,70,73,83,16.0,3010,519.2928571428572,530.7083333333334,-0.0034891835310537633
2025-07-11,500.0,494.6,500.75,492.05,779473,2025,0.9,71,74,84,16.0,3011,513.35,529.8333333333334,-0.010404161664665845
2025-07-14,494.55,503.7,507.0,485.0,1309466,2025,0.9,74,77,87,16.0,3014,508.8714285714286,529.0716666666666,0.018398706025070766
2025-07-15,503.7,502.5,506.8,501.4,289673,2025,0.9,75,73,83,16.0,3015,505.0142857142858,528.0416666666666,-0.002382370458606342
2025-07-16,502.5,508.9,510.0,497.9,656785,2025,0.9,76,74,84,16.0,3016,502.65,526.9716666666667,0.012736318407960079
2025-07-17,509.3,505.0,514.85,504.1,480879,2025,0.9,77,75,85,16.0,3017,502.2928571428571,525.765,-0.0076635881312634435
2025-07-18,505.0,508.95,510.8,499.4,1006696,2025,0.9,78,76,86,16.0,3018,503.35,524.5216666666666,0.007821782178217829
2025-07-21,508.4,517.4,523.1,508.4,1236864,2025,0.9,71,74,84,16.0,3021,505.86428571428576,523.8583333333333,0.016602809706258048
2025-07-22,517.95,521.4,523.0,515.25,588640,2025,0.9,72,75,85,16.0,3022,509.6928571428571,523.6983333333333,0.007730962504831851
2025-07-23,521.65,519.85,528.5,517.0,924537,2025,0.9,73,76,86,16.0,3023,512.0,523.855,-0.002972765630993357
2025-07-24,520.2,519.15,523.55,517.0,567344,2025,0.9,74,77,87,16.0,3024,514.3785714285714,523.8083333333333,-0.0013465422718093034
2025-07-25,519.85,512.3,521.85,510.3,466775,2025,0.9,75,73,83,16.0,3025,514.8642857142858,522.85,-0.013194645092940438
2025-07-28,512.8,505.9,515.55,503.4,725198,2025,0.9,78,76,86,16.0,3028,514.9928571428571,521.9633333333334,-0.012492680070271267
2025-07-29,505.85,506.75,510.0,504.4,468036,2025,0.9,79,77,87,16.0,3029,514.6785714285714,520.7483333333333,0.0016801739474205934
2025-07-30,506.85,504.25,511.45,502.05,421230,2025,0.9,70,73,83,16.0,3030,512.8000000000001,519.5366666666666,-0.0049333991119882015
2025-07-31,504.3,505.35,507.55,502.1,200887,2025,0.9,71,74,84,16.0,3031,510.50714285714287,518.4266666666667,0.0021814576103122985
2025-08-01,505.35,506.05,510.0,503.8,215523,2025,0.9,71,74,84,16.0,3001,508.5357142857142,517.55,0.0013851785890965918
2025-08-04,507.1,513.95,514.15,504.15,798541,2025,0.9,74,77,87,16.0,3004,507.79285714285714,517.0933333333334,0.015611105621974097
2025-08-05,513.95,518.55,519.75,509.05,1209671,2025,0.9,75,73,83,16.0,3005,508.6857142857143,516.73,0.008950286992897905
2025-08-06,518.4,527.1,533.4,510.25,1359732,2025,0.9,76,74,84,16.0,3006,511.7142857142858,516.5783333333334,0.016488284639861295
2025-08-07,525.9,529.3,536.9,522.0,1007684,2025,0.9,77,75,85,16.0,3007,514.9357142857142,516.275,0.004173781066211246
2025-08-08,530.0,533.55,537.45,523.0,1032227,2025,0.9,78,76,86,16.0,3008,519.1214285714286,516.055,0.008029472888720912
2025-08-11,538.4,542.3,548.9,534.45,1577019,2025,0.9,71,74,84,16.0,3011,524.4,516.05,0.01639958766751004
2025-08-12,542.35,546.45,550.0,536.4,675786,2025,0.9,72,75,85,16.0,3012,530.1714285714286,516.2766666666668,0.0076525908168911805
2025-08-13,547.0,542.5,547.85,538.85,695256,2025,0.9,73,76,86,16.0,3013,534.25,516.4866666666667,-0.007228474700338605
2025-08-14,542.8,548.55,548.7,540.0,775769,2025,0.9,74,77,87,16.0,3014,538.5357142857142,516.9366666666667,0.01115207373271887
2025-08-15,549.9,548.1,553.3,545.0,995544,2025,0.9,75,73,83,16.0,3015,541.5357142857143,517.5566666666667,-0.0008203445447086954
2025-08-18,537.65,551.25,555.0,531.4,1150787,2025,0.9,78,76,86,16.0,3018,544.6714285714286,518.4166666666666,0.005747126436781658
2025-08-19,551.25,541.85,553.0,540.85,445907,2025,0.9,79,77,87,16.0,3019,545.8571428571429,519.5616666666667,-0.01705215419501127
2025-08-20,541.05,542.9,548.7,541.05,601186,2025,0.9,70,73,83,16.0,3020,545.9428571428572,520.94,0.0019378056657746168
2025-08-21,543.5,534.75,544.45,529.95,753646,2025,0.9,71,74,84,16.0,3021,544.2714285714285,522.105,-0.01501197273899424
2025-08-22,534.8,537.7,540.0,532.5,300072,2025,0.9,72,75,85,16.0,3022,543.5857142857143,523.5416666666666,0.005516596540439567
2025-08-25,539.0,529.95,541.25,524.65,752472,2025,0.9,75,73,83,16.0,3025,540.9285714285714,524.4166666666666,-0.014413241584526726
2025-08-26,529.95,529.85,535.0,526.05,302222,2025,0.9,76,74,84,16.0,3026,538.3214285714286,525.3283333333334,-0.00018869704689128408
2025-08-27,530.85,531.85,533.7,522.0,1298169,2025,0.9,77,75,85,16.0,3027,535.55,526.0933333333334,0.003774653203736822
2025-08-28,532.95,527.85,533.0,525.0,469123,2025,0.9,78,76,86,16.0,3028,533.55,526.855,-0.007520917551941286
2025-08-29,528.0,529.25,532.3,525.0,349929,2025,0.9,79,77,87,16.0,3029,531.6,527.5316666666666,0.0026522686369232495
2025-09-01,528.0,522.05,532.7,520.0,874838,2025,0.9,71,74,84,16.0,3001,529.7857142857143,527.6866666666667,-0.013604156825696823
2025-09-02,522.2,517.7,524.1,511.0,678290,2025,0.9,72,75,85,16.0,3002,526.9285714285714,527.5633333333334,-0.008332535197777768
2025-09-03,517.8,517.7,519.65,513.4,518947,2025,0.9,73,76,86,16.0,3003,525.1785714285714,527.4916666666667,0.0
2025-09-04,518.1,520.15,522.65,517.25,256945,2025,0.9,74,77,87,16.0,3004,523.7928571428572,527.525,0.004732470542785361
2025-09-05,521.5,522.5,526.3,520.0,434409,2025,0.9,75,73,83,16.0,3005,522.4571428571428,527.865,0.0045179275209075165
2025-09-08,523.15,534.95,539.1,522.0,974429,2025,0.9,78,76,86,16.0,3008,523.4714285714286,528.8333333333334,0.02382775119617242
2025-09-09,534.95,531.1,536.85,527.8,678148,2025,0.9,79,77,87,16.0,3009,523.7357142857143,529.645,-0.007196934292924562
2025-09-10,531.5,527.0,532.3,526.2,600492,2025,0.9,70,73,83,16.0,3010,524.4428571428572,530.4033333333333,-0.007719826774618799
2025-09-11,527.0,529.6,531.4,525.0,307011,2025,0.9,71,74,84,16.0,3011,526.1428571428571,531.2116666666667,0.004933586337760865
2025-09-12,530.8,517.65,532.5,515.4,495962,2025,0.9,72,75,85,16.0,3012,526.1357142857142,531.5983333333334,-0.02256419939577048
2025-09-15,519.5,515.4,522.0,513.85,309242,2025,0.9,75,73,83,16.0,3015,525.4571428571429,531.6466666666666,-0.004346566212692027
2025-09-16,515.4,513.55,523.8,511.4,452075,2025,0.9,76,74,84,16.0,3016,524.1785714285714,531.48,-0.003589445091191301
2025-09-17,513.55,514.4,517.0,509.0,570204,2025,0.9,77,75,85,16.0,3017,521.2428571428571,531.0566666666667,0.0016551455554474348
2025-09-18,515.55,512.5,519.4,511.2,287154,2025,0.9,78,76,86,16.0,3018,518.5857142857143,530.4966666666667,-0.0036936236391912347
2025-09-19,512.5,503.0,515.0,502.55,593369,2025,0.9,79,77,87,16.0,3019,515.1571428571428,529.4783333333334,-0.018536585365853675
2025-09-22,503.05,495.6,504.9,487.15,1442741,2025,0.9,72,75,85,16.0,3022,510.30000000000007,527.9216666666666,-0.014711729622266412
2025-09-23,497.8,493.0,506.0,490.45,670063,2025,0.9,73,76,86,16.0,3023,506.7785714285714,526.14,-0.00524616626311547
2025-09-24,494.0,499.85,502.6,487.25,472412,2025,0.9,74,77,87,16.0,3024,504.5571428571429,524.7183333333334,0.01389452332657215
2025-09-25,499.7,497.8,502.9,494.4,372500,2025,0.9,75,73,83,16.0,3025,502.3071428571429,523.0266666666668,-0.004101230369110809
2025-09-26,499.15,504.75,505.0,493.1,520683,2025,0.9,76,74,84,16.0,3026,500.92857142857144,521.5816666666667,0.013961430293290444
2025-09-29,504.05,500.1,508.6,496.6,750012,2025,0.9,79,77,87,16.0,3029,499.1571428571429,519.8766666666667,-0.009212481426448704
2025-09-30,500.1,499.1,509.0,495.05,648931,2025,0.9,70,73,83,16.0,3030,498.6,518.4516666666666,-0.0019996000799840097
2025-10-01,498.0,497.9,506.8,495.0,938404,2025,0.9,71,74,84,16.0,3001,498.9285714285715,516.9516666666666,-0.002404327790022087
2025-10-02,497.05,491.0,498.9,488.0,1266667,2025,0.9,72,75,85,16.0,3002,498.64285714285717,515.4933333333333,-0.013858204458726653
2025-10-03,490.1,490.0,497.2,486.3,738246,2025,0.9,73,76,86,16.0,3003,497.2357142857143,513.9033333333333,-0.0020366598778004397
2025-10-06,491.8,504.5,505.0,486.55,1571958,2025,0.9,76,74,84,16.0,3006,498.1928571428572,513.055,0.0295918367346939
2025-10-07,504.4,505.35,506.4,501.3,500934,2025,0.9,77,75,85,16.0,3007,498.27857142857147,512.2383333333333,0.0016848364717543252
2025-10-08,505.35,500.05,508.8,493.0,835080,2025,0.9,78,76,86,16.0,3008,498.27142857142854,511.17833333333334,-0.010487780746017639
2025-10-09,500.05,501.5,505.0,486.25,1593596,2025,0.9,79,77,87,16.0,3009,498.61428571428576,510.3,0.002899710028997138
2025-10-10,501.0,501.0,507.5,498.5,1818922,2025,0.9,70,73,83,16.0,3010,499.0571428571428,509.35833333333335,-0.0009970089730807485
2025-10-13,489.0,477.45,492.7,475.15,1753944,2025,0.9,73,76,86,16.0,3013,497.12142857142857,507.87166666666667,-0.04700598802395217
2025-10-14,476.5,466.0,478.5,460.45,1130669,2025,0.9,74,77,87,16.0,3014,493.6928571428571,506.1483333333333,-0.02398156875065449
2025-10-15,467.0,469.3,475.8,459.0,1073866,2025,0.9,75,73,83,16.0,3015,488.66428571428565,504.535,0.007081545064377748
2025-10-16,469.05,495.3,497.2,465.1,1390797,2025,0.9,76,74,84,16.0,3016,487.2285714285714,503.7066666666667,0.05540166204986141
2025-10-17,497.0,487.95,498.0,486.3,551893,2025,0.9,77,75,85,16.0,3017,485.5,502.55500000000006,-0.01483949121744399
2025-10-20,490.0,498.95,501.5,487.85,921316,2025,0.9,70,73,83,16.0,3020,485.1357142857143,501.35499999999996,0.022543293370222317
2025-10-21,499.25,492.3,500.55,485.0,991528,2025,0.9,71,74,84,16.0,3021,483.89285714285717,500.06166666666667,-0.013327988776430488
2025-10-22,492.3,482.35,496.0,478.25,681453,2025,0.9,72,75,85,16.0,3022,484.59285714285716,498.5733333333333,-0.020211253300832843
2025-10-23,478.0,485.55,487.15,469.3,859804,2025,0.9,73,76,86,16.0,3023,487.38571428571424,497.10499999999996,0.0066341867938219945
2025-10-24,486.5,475.55,489.8,473.55,615978,2025,0.9,74,77,87,16.0,3024,488.2785714285714,495.70166666666665,-0.020595201318092893
2025-10-27,475.0,459.9,476.35,452.0,1312130,2025,0.9,77,75,85,16.0,3027,483.2214285714286,493.85166666666663,-0.032909262958679464
2025-10-28,459.9,460.5,465.7,455.0,559339,2025,0.9,78,76,86,16.0,3028,479.30000000000007,492.0833333333333,0.001304631441617854
2025-10-29,461.0,457.65,468.55,456.55,661234,2025,0.9,79,77,87,16.0,3029,473.40000000000003,490.19166666666666,-0.006188925081433316
2025-10-30,458.4,471.55,476.2,455.45,894510,2025,0.9,70,73,83,16.0,3030,470.43571428571425,488.82666666666665,0.030372555446301908
2025-10-31,471.7,473.65,473.9,467.65,464028,2025,0.9,71,74,84,16.0,3031,469.1928571428571,487.8483333333333,0.004453398367087136
2025-11-01,473.65,470.75,476.0,469.1,168630,2025,0.9,71,74,84,16.0,3001,467.0785714285715,487.02000000000004,-0.006122664414652146
2025-11-03,471.8,473.4,477.75,471.65,174739,2025,0.9,73,76,86,16.0,3003,466.7714285714286,486.3666666666667,0.005629314922995121
2025-11-05,472.45,474.5,476.45,470.4,276447,2025,0.9,75,73,83,16.0,3005,468.85714285714283,485.52166666666665,0.0023236163920574704
2025-11-06,475.0,470.55,476.9,467.5,432889,2025,0.9,76,74,84,16.0,3006,470.2928571428571,484.61333333333334,-0.008324552160168586
2025-11-07,468.1,480.05,498.65,468.1,716341,2025,0.9,77,75,85,16.0,3007,473.49285714285713,483.78999999999996,0.020189140367654845
2025-11-10,481.05,472.65,484.85,472.05,611570,2025,0.9,70,73,83,16.0,3010,473.65000000000003,482.875,-0.01541506093115308
2025-11-11,473.25,472.85,474.55,470.4,376559,2025,0.9,71,74,84,16.0,3011,473.5357142857143,482.0,0.000423146091188098
2025-11-12,473.1,468.1,473.8,465.9,341964,2025,0.9,72,75,85,16.0,3012,473.15714285714284,481.0066666666667,-0.010045468964787974
2025-11-13,469.0,467.75,471.1,461.8,467404,2025,0.9,73,76,86,16.0,3013,472.34999999999997,480.2316666666667,-0.000747703482162021
2025-11-14,467.05,470.8,471.1,465.1,592107,2025,0.9,74,77,87,16.0,3014,471.82142857142856,479.59166666666664,0.0065205772314269606
2025-11-17,472.0,466.2,481.0,466.0,662511,2025,0.9,77,75,85,16.0,3017,471.2,478.315,-0.00977060322854717
2025-11-18,466.05,475.1,479.5,463.8,461235,2025,0.9,78,76,86,16.0,3018,470.49285714285713,477.3066666666667,0.019090519090519065
2025-11-19,474.6,481.95,489.6,467.15,1308968,2025,0.9,79,77,87,16.0,3019,471.82142857142856,476.70333333333326,0.014418017259524296
